,Date,Home,Away,Favorite,Spread,O/U,Attendance,Capacity
0,10/18/2022,PHI,BOS,BOS,-2.5,216.5,19156,19156
1,10/18/2022,LAL,GSW,GSW,-7.5,224.5,18064,18064
2,10/19/2022,ORL,DET,DET,-3.5,216.5,20190,20332
3,10/19/2022,WAS,IND,WAS,-2.5,228.5,15027,17923
4,10/19/2022,HOU,ATL,ATL,-8.5,233.5,17878,16888
5,10/19/2022,NOP,BKN,BKN,-2.5,232.5,18003,17732
6,10/19/2022,CHI,MIA,MIA,-6.5,217.5,19600,19600
7,10/19/2022,CLE,TOR,TOR,-1.5,215.5,19800,19800
8,10/19/2022,NYK,MEM,MEM,-4.5,227,18202,18400
9,10/19/2022,OKC,MIN,MIN,-10.5,227.5,17136,18024
10,10/19/2022,CHA,SAS,CHA,-1.0,221,16236,18354
11,10/19/2022,DEN,UTA,DEN,-6.5,221.5,18206,18206
12,10/19/2022,DAL,PHX,PHX,-4.5,218.5,17071,17071
13,10/19/2022,POR,SAC,SAC,-2.5,229.5,17611,17611
14,10/20/2022,MIL,PHI,PHI,-3.5,224.5,20060,19746
15,10/20/2022,LAC,LAL,LAC,-4.5,226.5,18997,19068
16,10/21/2022,NOP,CHA,NOP,-6.5,226.5,19287,19077
17,10/21/2022,SAS,IND,IND,-1.5,231.5,12073,17923
18,10/21/2022,CHI,WAS,WAS,-2.5,221.5,20476,20600
19,10/21/2022,ORL,ATL,ATL,-8.5,225.5,17822,16888
20,10/21/2022,TOR,BKN,BKN,-2.5,226.5,17732,17732
21,10/21/2022,BOS,MIA,BOS,-2.5,219.5,19600,19600
22,10/21/2022,DET,NYK,NYK,-6.5,220.5,19812,19763
23,10/21/2022,MEM,HOU,MEM,-6.5,232.5,18055,18055
24,10/21/2022,UTA,MIN,MIN,-7.5,226.5,17136,18024
25,10/21/2022,DEN,GSW,GSW,-4.5,229.5,18064,18064
26,10/21/2022,PHX,POR,PHX,-5.5,224.5,19393,19441
27,10/22/2022,SAS,PHI,PHI,-13.5,224.5,19822,19746
28,10/22/2022,DET,IND,IND,-1.5,232.5,16056,17923
29,10/22/2022,BOS,ORL,BOS,-9.0,216,19299,18500
30,10/22/2022,TOR,MIA,MIA,-3.5,216,19600,19600
31,10/22/2022,CLE,CHI,CLE,-1.5,219.5,21089,20917
32,10/22/2022,HOU,MIL,MIL,-13.5,227.5,17341,17341
33,10/22/2022,MEM,DAL,DAL,-5.5,220.5,20377,19200
34,10/22/2022,OKC,DEN,DEN,-8.5,226.5,19983,19520
35,10/22/2022,LAC,SAC,LAC,-2.5,226.5,16296,17611
36,10/23/2022,POR,LAL,LAL,-4.5,225.5,18997,19068
37,10/23/2022,CHA,ATL,ATL,-9.5,228.5,17383,16888
38,10/23/2022,WAS,CLE,CLE,-3.5,216.5,19432,19432
39,10/23/2022,UTA,NOP,NOP,-7.5,231,18665,16867
40,10/23/2022,MIN,OKC,MIN,-9.5,225.5,15044,18203
41,10/23/2022,SAC,GSW,GSW,-9.5,232.5,18064,18064
42,10/23/2022,PHX,LAC,PHX,-1.0,219,19068,19068
43,10/24/2022,IND,PHI,PHI,-11.5,228.5,19786,19746
44,10/24/2022,TOR,MIA,MIA,-3.5,215.5,19600,19600
45,10/24/2022,ORL,NYK,NYK,-7.5,222.5,18800,19763
46,10/24/2022,BOS,CHI,BOS,-5.5,225.5,17673,20917
47,10/24/2022,UTA,HOU,UTA,-2.5,234.5,16260,18055
48,10/24/2022,BKN,MEM,MEM,-0.5,234.5,17392,18400
49,10/24/2022,SAS,MIN,MIN,-8.5,234.5,15347,18024
50,10/24/2022,DEN,POR,DEN,-4.5,227.5,18111,19441
51,10/25/2022,DET,WAS,WAS,-5.5,220.5,13196,20600
52,10/25/2022,DAL,NOP,DAL,-5.5,218.5,14020,16867
53,10/25/2022,LAC,OKC,LAC,-5.5,217.5,13105,18203
54,10/25/2022,GSW,PHX,PHX,-1.5,226.5,[],[]
55,10/26/2022,ORL,CLE,CLE,-7.5,217.5,[],[]
56,10/26/2022,ATL,DET,ATL,-6.5,228.5,17987,20332
57,10/26/2022,CHA,NYK,NYK,-6.5,224.5,19812,19763
58,10/26/2022,PHI,TOR,TOR,-0.5,211.5,19800,19800
59,10/26/2022,BKN,MIL,MIL,-3.5,232.5,17341,17341
60,10/26/2022,IND,CHI,CHI,-6.5,233.5,18306,20917
61,10/26/2022,SAS,MIN,MIN,-9.5,234.5,16165,18024
62,10/26/2022,HOU,UTA,UTA,-8.5,232.5,18206,18206
63,10/26/2022,LAL,DEN,DEN,-5.5,228.5,19520,19520
64,10/26/2022,MIA,POR,MIA,-2.5,221.5,18588,19441
65,10/27/2022,DAL,BKN,DAL,-2.5,226.5,18039,17732
66,10/27/2022,LAC,OKC,LAC,-6.5,218.5,14510,18203
67,10/27/2022,MIA,GSW,GSW,-5.5,225.5,18064,18064
68,10/27/2022,MEM,SAC,MEM,-2.5,236.5,15511,17611
69,10/28/2022,ATL,DET,ATL,-5.5,229.5,18923,20332
70,10/28/2022,CHA,ORL,CHA,-1.5,220.5,18846,18500
71,10/28/2022,CLE,BOS,BOS,-6.5,218.5,19156,19156
72,10/28/2022,PHI,TOR,TOR,-3.5,214.5,19800,19800
73,10/28/2022,IND,WAS,WAS,-5.5,229.5,13463,20600
74,10/28/2022,NYK,MIL,MIL,-5.5,223.5,17341,17341
75,10/28/2022,LAL,MIN,MIN,-7.5,231.5,17136,18024
76,10/28/2022,CHI,SAS,CHI,-4.5,230.5,16562,18354
77,10/28/2022,UTA,DEN,DEN,-7.5,231.5,19560,19520
78,10/28/2022,NOP,PHX,PHX,-6.5,225.5,17071,17071
79,10/28/2022,HOU,POR,POR,-4.5,222.5,19082,19441
80,10/29/2022,MIA,SAC,MIA,-4.5,228.5,14618,17611
81,10/29/2022,GSW,CHA,GSW,-10.5,233.5,19079,19077
82,10/29/2022,IND,BKN,BKN,-11.5,239.5,17732,17732
83,10/29/2022,PHI,CHI,PHI,-2.5,221.5,19010,20917
84,10/29/2022,ATL,MIL,MIL,-5.5,228.5,17341,17341
85,10/29/2022,OKC,DAL,DAL,-10.5,219.5,20307,19200
86,10/29/2022,MEM,UTA,MEM,-3.5,225.5,18206,18206
87,10/30/2022,NOP,LAC,LAC,-1.5,226.5,18142,19068
88,10/30/2022,WAS,BOS,BOS,-9.5,222.5,19156,19156
89,10/30/2022,NYK,CLE,CLE,-3.5,221.5,19432,19432
90,10/30/2022,GSW,DET,GSW,-7.5,231.5,20190,20332
91,10/30/2022,MIN,SAS,MIN,-5.5,237.5,15053,18354
92,10/30/2022,ORL,DAL,DAL,-8.5,211.5,20042,19200
93,10/30/2022,HOU,PHX,PHX,-12.5,227.5,17071,17071
94,10/30/2022,DEN,LAL,DEN,-2.5,229.5,18997,19068
95,10/31/2022,SAC,CHA,SAC,-3.5,231.5,12020,19077
96,10/31/2022,PHI,WAS,PHI,-2.5,216.5,13746,20600
97,10/31/2022,IND,BKN,BKN,-7.5,236.5,15770,17732
98,10/31/2022,ATL,TOR,TOR,-1.5,222.5,19800,19800
99,10/31/2022,DET,MIL,MIL,-12.5,225.5,17341,17341
100,10/31/2022,MEM,UTA,MEM,-2.5,232.5,18206,18206
101,10/31/2022,HOU,LAC,LAC,-8.5,225.5,14887,19068
102,11/1/2022,CHI,BKN,BKN,-2.5,232.5,17732,17732
103,11/1/2022,GSW,MIA,MIA,-1.5,226.5,19600,19600
104,11/1/2022,ORL,OKC,OKC,-3.5,216.5,13109,18203
105,11/1/2022,MIN,PHX,PHX,-3.5,227.5,17071,17071
106,11/2/2022,BOS,CLE,BOS,-1.5,220.5,19432,19432
107,11/2/2022,WAS,PHI,PHI,-6.5,217.5,19855,19746
108,11/2/2022,SAC,MIA,MIA,-4.5,220.5,19600,19600
109,11/2/2022,ATL,NYK,NYK,-2.5,233.5,19812,19763
110,11/2/2022,CHA,CHI,CHI,-6.5,225.5,17886,20917
111,11/2/2022,LAC,HOU,LAC,-5.5,222.5,15860,18055
112,11/2/2022,DET,MIL,MIL,-11.5,222.5,17341,17341
113,11/2/2022,TOR,SAS,TOR,-6.5,223.5,12155,18354
114,11/2/2022,UTA,DAL,DAL,-6.5,222.5,19877,19200
115,11/2/2022,MEM,POR,MEM,-5.5,228.5,19462,19441
116,11/2/2022,NOP,LAL,NOP,-2.5,230.5,18997,19068
117,11/3/2022,GSW,ORL,GSW,-9.5,226.5,18846,18500
118,11/3/2022,DEN,OKC,DEN,-6.5,228.5,13791,18203
119,11/4/2022,CLE,DET,CLE,-3.5,215.5,18744,20332
120,11/4/2022,MIA,IND,MIA,-2.5,225.5,13141,17923
121,11/4/2022,NYK,PHI,PHI,-0.5,220.5,20679,19746
122,11/4/2022,BKN,WAS,WAS,-2.5,222.5,17258,20600
123,11/4/2022,CHI,BOS,BOS,-7.5,223.5,19156,19156
124,11/4/2022,CHA,MEM,MEM,-11.5,226.5,17187,18400
125,11/4/2022,LAC,SAS,LAC,-3.5,225.5,12603,18354
126,11/4/2022,TOR,DAL,DAL,-4.5,216.5,20177,19200
127,11/4/2022,GSW,NOP,NOP,-10.5,226.5,18451,16867
128,11/4/2022,MIL,MIN,MIL,-1.5,225.5,17136,18024
129,11/4/2022,POR,PHX,PHX,-12.5,217.5,17071,17071
130,11/4/2022,UTA,LAL,LAL,-3.5,228.5,18997,19068
131,11/5/2022,SAC,ORL,SAC,-4.5,228.5,18846,18500
132,11/5/2022,BKN,CHA,BKN,-3.5,223.5,19398,19077
133,11/5/2022,NOP,ATL,ATL,-1.5,235.5,17654,16888
134,11/5/2022,BOS,NYK,BOS,-3.5,226.5,19812,19763
135,11/5/2022,OKC,MIL,MIL,-5.5,219.5,17713,17341
136,11/5/2022,HOU,MIN,MIN,-7.5,234.5,16412,18024
137,11/5/2022,SAS,DEN,DEN,-11.5,235.5,19641,19520
138,11/5/2022,POR,PHX,PHX,-11.5,215.5,17071,17071
139,11/6/2022,CLE,LAL,CLE,-5.5,222.5,18997,19068
140,11/6/2022,CHI,TOR,TOR,-4.5,219.5,19800,19800
141,11/6/2022,WAS,MEM,MEM,-9.5,224.5,16877,18400
142,11/6/2022,UTA,LAC,LAC,-3.5,218.5,16111,19068
143,11/7/2022,WAS,CHA,CHA,-1.5,213.5,13712,19077
144,11/7/2022,HOU,ORL,ORL,-4.5,224.5,15441,18500
145,11/7/2022,OKC,DET,OKC,-1.5,223.5,16223,20332
146,11/7/2022,NOP,IND,NOP,-4.5,233.5,14052,17923
147,11/7/2022,PHX,PHI,PHX,-1.5,215.5,20347,19746
148,11/7/2022,MIL,ATL,MIL,-5.5,220.5,17494,16888
149,11/7/2022,POR,MIA,MIA,-4.5,215.5,19600,19600
150,11/7/2022,TOR,CHI,CHI,-1.5,220.5,21142,20917
151,11/7/2022,BOS,MEM,BOS,-3.5,232.5,17371,18400
152,11/7/2022,NYK,MIN,MIN,-2.5,234.5,14524,18024
153,11/7/2022,DEN,SAS,DEN,-7.5,234.5,11574,18354
154,11/7/2022,BKN,DAL,DAL,-5.5,216.5,20011,19200
155,11/7/2022,SAC,GSW,GSW,-7.5,236.5,18064,18064
156,11/7/2022,LAL,UTA,UTA,-6.5,224.5,18206,18206
157,11/7/2022,CLE,LAC,CLE,-3.5,212.5,16516,19068
158,11/9/2022,POR,CHA,POR,-1.5,221.5,14774,19077
159,11/9/2022,DEN,IND,DEN,-5.5,235.5,14069,17923
160,11/9/2022,DAL,ORL,DAL,-8.5,213.5,18165,18500
161,11/9/2022,UTA,ATL,ATL,-4.5,231.5,15845,16888
162,11/9/2022,DET,BOS,BOS,-12.5,225.5,19156,19156
163,11/9/2022,NYK,BKN,BKN,-3.5,220.5,18156,17732
164,11/9/2022,HOU,TOR,TOR,-10.5,224.5,19800,19800
165,11/9/2022,NOP,CHI,NOP,-1.5,231.5,19621,20917
166,11/9/2022,PHX,MIN,MIN,-2.5,223.5,16062,18024
167,11/9/2022,MIL,OKC,OKC,-0.5,213.5,15180,18203
168,11/9/2022,MEM,SAS,MEM,-5.5,234.5,13507,18354
169,11/9/2022,LAL,LAC,LAC,-2.5,219.5,19068,19068
170,11/9/2022,CLE,SAC,CLE,-4.5,228.5,13816,17611
171,11/10/2022,DAL,WAS,DAL,-5.5,209.5,18320,20600
172,11/10/2022,PHI,ATL,ATL,-0.5,222.5,16066,16888
173,11/10/2022,CHA,MIA,MIA,-10.5,212.5,19600,19600
174,11/10/2022,POR,NOP,NOP,-9.5,223.5,14289,16867
175,11/11/2022,DEN,BOS,BOS,-4.5,230.5,19156,19156
176,11/11/2022,PHX,ORL,PHX,-7.5,215.5,15879,18500
177,11/11/2022,DET,NYK,NYK,-8.5,224.5,19812,19763
178,11/11/2022,TOR,OKC,TOR,-5.5,219.5,16104,18203
179,11/11/2022,MIL,SAS,SAS,-1.5,219.5,15642,18354
180,11/11/2022,MIN,MEM,MEM,-4.5,233.5,16939,18400
181,11/11/2022,CLE,GSW,GSW,-3.5,232.5,18064,18064
182,11/11/2022,SAC,LAL,SAC,-4.5,232.5,17849,19068
183,11/12/2022,BKN,LAC,LAC,-1.5,212.5,17777,19068
184,11/12/2022,UTA,WAS,UTA,-3.5,222.5,13673,20600
185,11/12/2022,BOS,DET,BOS,-8.0,224.5,20190,20332
186,11/12/2022,TOR,IND,IND,-2.5,229.5,13089,17923
187,11/12/2022,ATL,PHI,PHI,-2.5,223.5,20245,19746
188,11/12/2022,CHA,MIA,MIA,-8.5,215.5,19600,19600
189,11/12/2022,POR,DAL,DAL,-5.5,218.5,20277,19200
190,11/12/2022,HOU,NOP,NOP,-10.5,233.5,15367,16867
191,11/13/2022,OKC,NYK,NYK,-4.5,226.5,18325,19763
192,11/13/2022,MIN,CLE,CLE,-0.5,221.5,19432,19432
193,11/13/2022,MEM,WAS,WAS,-0.5,217.5,17667,20600
194,11/13/2022,UTA,PHI,PHI,-3.5,218.5,19761,19746
195,11/13/2022,DEN,CHI,DEN,-1.5,231.5,21602,20917
196,11/13/2022,GSW,SAC,GSW,-4.5,236.5,16410,17611
197,11/13/2022,BKN,LAL,BKN,-5.5,217.5,18040,19068
198,11/14/2022,TOR,DET,TOR,-4.5,219.5,16988,20332
199,11/14/2022,CHA,ORL,CHA,-1.5,225.5,15018,18500
200,11/14/2022,OKC,BOS,BOS,-11.5,229.5,[],[]
201,11/14/2022,PHX,MIA,MIA,-2.5,216.5,19600,19600
202,11/14/2022,LAC,HOU,LAC,-5.5,220.5,16098,18055
203,11/14/2022,ATL,MIL,MIL,-3.5,225.5,17341,17341
204,11/14/2022,SAS,GSW,GSW,-8.5,234.5,18064,18064
205,11/15/2022,MEM,NOP,NOP,-1.5,225.5,14032,16867
206,11/15/2022,LAC,DAL,DAL,-6.5,211.5,19810,19200
207,11/15/2022,NYK,UTA,UTA,-4.5,232.5,18206,18206
208,11/15/2022,SAS,POR,POR,-8.5,226.5,19012,19441
209,11/15/2022,BKN,SAC,SAC,-1.5,226.5,17611,17611
210,11/16/2022,IND,CHA,CHA,-0.5,236.5,14756,19077
211,11/16/2022,MIN,ORL,MIN,-7.5,223.5,16527,18500
212,11/16/2022,OKC,WAS,WAS,-4.5,230.5,12630,20600
213,11/16/2022,BOS,ATL,ATL,-0.5,235.5,18165,16888
214,11/16/2022,MIA,TOR,TOR,-3.5,216.5,19800,19800
215,11/16/2022,CLE,MIL,MIL,-2.5,217.5,17341,17341
216,11/16/2022,CHI,NOP,NOP,-1.5,226.5,14658,16867
217,11/16/2022,HOU,DAL,DAL,-6.5,217.5,19602,19200
218,11/16/2022,NYK,DEN,DEN,-1.5,226,18210,19520
219,11/16/2022,GSW,PHX,GSW,-2.5,226.5,17071,17071
220,11/17/2022,BKN,POR,POR,-2.5,220.5,19393,19441
221,11/17/2022,SAS,SAC,SAC,-7.5,236.5,16522,17611
222,11/17/2022,DET,LAC,LAC,-10.5,219.5,17822,19068
223,11/18/2022,MIA,WAS,WAS,-7.5,216.5,18772,20600
224,11/18/2022,CHA,CLE,CLE,-9.5,219.5,19432,19432
225,11/18/2022,MIL,PHI,PHI,-0.5,212.5,19769,19746
226,11/18/2022,ORL,CHI,CHI,-8.5,221.5,21031,20917
227,11/18/2022,IND,HOU,IND,-5.5,236.5,15882,18055
228,11/18/2022,OKC,MEM,MEM,-6.5,229.5,17324,18400
229,11/18/2022,DEN,DAL,DAL,-9.5,216.5,20135,19200
230,11/18/2022,BOS,NOP,BOS,-3.5,227.5,17828,16867
231,11/18/2022,PHX,UTA,UTA,-0.5,227.5,18206,18206
232,11/18/2022,NYK,GSW,GSW,-7.5,234.5,18064,18064
233,11/18/2022,DET,LAL,LAL,-6.5,226.5,18095,19068
234,11/19/2022,TOR,ATL,ATL,-5.5,225.5,18051,16888
235,11/19/2022,ORL,IND,IND,-7.5,225.5,14478,17923
236,11/19/2022,MIN,PHI,MIN,-3.5,218.5,20515,19746
237,11/19/2022,UTA,POR,POR,-4.5,228.5,19595,19441
238,11/19/2022,SAS,LAC,LAC,-8.5,221.5,18581,19068
239,11/20/2022,NYK,PHX,PHX,-5.5,226.5,17071,17071
240,11/20/2022,CHA,WAS,WAS,-4.5,221.5,14289,20600
241,11/20/2022,DET,SAC,SAC,-10.5,233.5,17866,17611
242,11/20/2022,MEM,BKN,BKN,-7.5,223.5,18241,17732
243,11/20/2022,MIA,CLE,CLE,-7.5,213.5,19432,19432
244,11/20/2022,GSW,HOU,GSW,-10.5,232.5,18055,18055
245,11/20/2022,DEN,DAL,DAL,-10.5,218.5,20244,19200
246,11/20/2022,SAS,LAL,LAL,-5.5,228.5,18211,19068
247,11/21/2022,ATL,CLE,CLE,-3.5,227.5,19432,19432
248,11/21/2022,ORL,IND,IND,-7.5,225.5,14029,17923
249,11/21/2022,BOS,CHI,BOS,-5.5,229.5,20786,20917
250,11/21/2022,POR,MIL,MIL,-9.5,214.5,17341,17341
251,11/21/2022,MIA,MIN,MIN,-8.5,221.5,16583,18024
252,11/21/2022,GSW,NOP,NOP,-10.5,226.5,18589,16867
253,11/21/2022,NYK,OKC,OKC,-1.5,227.5,15079,18203
254,11/21/2022,UTA,LAC,LAC,-2.5,222.5,19068,19068
255,11/22/2022,BKN,PHI,BKN,-7.5,217.5,20184,19746
256,11/22/2022,SAC,MEM,MEM,-2.5,237.5,16826,18400
257,11/22/2022,DET,DEN,DEN,-11.5,227.5,19635,19520
258,11/22/2022,LAL,PHX,PHX,-9.5,226.5,17071,17071
259,11/23/2022,PHI,CHA,CHA,-4.5,215.5,16910,19077
260,11/23/2022,POR,CLE,CLE,-6.5,213.5,19432,19432
261,11/23/2022,MIN,IND,MIN,-1.5,236.5,15751,17923
262,11/23/2022,SAC,ATL,ATL,-4.5,241.5,18173,16888
263,11/23/2022,DAL,BOS,BOS,-5.5,221.5,19156,19156
264,11/23/2022,WAS,MIA,MIA,-4.5,210.5,19600,19600
265,11/23/2022,BKN,TOR,BKN,-2.5,221.5,19800,19800
266,11/23/2022,CHI,MIL,MIL,-6.5,224.5,17341,17341
267,11/23/2022,DEN,OKC,DEN,-1.5,229.5,13656,18203
268,11/23/2022,NOP,SAS,NOP,-5.5,227.5,14947,18354
269,11/23/2022,DET,UTA,UTA,-11.5,233.5,18206,18206
270,11/23/2022,LAC,GSW,GSW,-9.5,222.5,18064,18064
271,11/25/2022,MIN,CHA,MIN,-5.5,226.5,17924,19077
272,11/25/2022,PHI,ORL,ORL,-1.5,214.5,15384,18500
273,11/25/2022,POR,NYK,NYK,-4.5,216.5,19812,19763
274,11/25/2022,SAC,BOS,BOS,-7.5,238.5,19156,19156
275,11/25/2022,BKN,IND,BKN,-3.5,233.5,15404,17923
276,11/25/2022,WAS,MIA,MIA,-2.5,214.5,19600,19600
277,11/25/2022,ATL,HOU,ATL,-6.5,232.5,16669,18055
278,11/25/2022,NOP,MEM,MEM,-2.5,226.5,17794,18400
279,11/25/2022,CLE,MIL,MIL,-4.5,215.5,17447,17341
280,11/25/2022,CHI,OKC,CHI,-3.5,232.5,16082,18203
281,11/25/2022,LAL,SAS,LAL,-4.5,234.5,18354,18354
282,11/25/2022,DET,PHX,PHX,-12.5,224.5,17071,17071
283,11/25/2022,UTA,GSW,GSW,-7.5,239.5,18064,18064
284,11/25/2022,DEN,LAC,DEN,-3.5,218.5,16559,19068
285,11/26/2022,DAL,TOR,DAL,-2.5,215.5,19800,19800
286,11/26/2022,OKC,HOU,OKC,-1.5,232.5,15151,18055
287,11/26/2022,LAL,SAS,SAS,-1.5,230.5,18354,18354
288,11/26/2022,UTA,PHX,PHX,-6.5,231.5,17071,17071
289,11/27/2022,POR,BKN,BKN,-7.5,223.5,17732,17732
290,11/27/2022,GSW,MIN,GSW,-2.5,236.5,17136,18024
291,11/27/2022,IND,LAC,IND,-1.5,222.5,16805,19068
292,11/27/2022,MIA,ATL,ATL,-4.5,224.5,17268,16888
293,11/27/2022,WAS,BOS,BOS,-7.5,219.5,19156,19156
294,11/27/2022,CLE,DET,CLE,-7.5,218.5,18240,20332
295,11/27/2022,MEM,NYK,MEM,-1.5,227.5,19524,19763
296,11/27/2022,PHI,ORL,ORL,-0.5,212.5,16218,18500
297,11/27/2022,DAL,MIL,MIL,-5.5,216.5,17341,17341
298,11/28/2022,ATL,PHI,PHI,-2.5,220.5,19778,19746
299,11/28/2022,MIN,WAS,WAS,-1.5,228.5,13515,20600
300,11/28/2022,CHA,BOS,BOS,-11.5,225.5,19156,19156
301,11/28/2022,ORL,BKN,BKN,-11.5,223.5,15704,17732
302,11/28/2022,CLE,TOR,TOR,-5.5,217.5,19800,19800
303,11/28/2022,OKC,NOP,NOP,-5.5,234.5,13109,16867
304,11/28/2022,HOU,DEN,DEN,-11.5,228.5,16027,19520
305,11/28/2022,CHI,UTA,UTA,-1.5,235.5,18206,18206
306,11/28/2022,PHX,SAC,PHX,-1.5,233.5,16407,17611
307,11/28/2022,IND,LAL,LAL,-3.5,237.5,16034,19068
308,11/29/2022,NYK,DET,NYK,-4.5,226.5,14864,20332
309,11/29/2022,GSW,DAL,GSW,-1.5,227.5,20277,19200
310,11/29/2022,LAC,POR,POR,-4.5,211.5,17251,19441
311,11/30/2022,PHI,CLE,CLE,-3.5,209.5,19432,19432
312,11/30/2022,ATL,ORL,ATL,-6.5,228.5,15344,18500
313,11/30/2022,MIA,BOS,BOS,-9.5,225.5,19156,19156
314,11/30/2022,WAS,BKN,BKN,-5.5,228.5,15963,17732
315,11/30/2022,MIL,NYK,MIL,-5.5,227.5,17277,19763
316,11/30/2022,MEM,MIN,MEM,-3.5,232.5,15980,18024
317,11/30/2022,TOR,NOP,TOR,-2.5,220.5,14845,16867
318,11/30/2022,SAS,OKC,OKC,-2.5,229.5,15605,18203
319,11/30/2022,HOU,DEN,DEN,-11.5,230.5,16286,19520
320,11/30/2022,CHI,PHX,PHX,-5.5,226.5,17071,17071
321,11/30/2022,LAC,UTA,UTA,-7.5,223.5,18206,18206
322,11/30/2022,IND,SAC,SAC,-4.5,243.5,17611,17611
323,11/30/2022,POR,LAL,LAL,-6.5,223.5,18560,19068
324,12/1/2022,DAL,DET,DAL,-7.5,221.5,18106,20332
325,12/2/2022,WAS,CHA,WAS,-3.5,225.5,15231,19077
326,12/2/2022,DEN,ATL,DEN,-4.5,224.5,16974,16888
327,12/2/2022,MIA,BOS,BOS,-6.5,226.5,19156,19156
328,12/2/2022,TOR,BKN,BKN,-1.5,223.5,17732,17732
329,12/2/2022,ORL,CLE,CLE,-10.5,217.5,19432,19432
330,12/2/2022,LAL,MIL,MIL,-8.5,230.5,17938,17341
331,12/2/2022,PHI,MEM,MEM,-4.5,218.5,17022,18400
332,12/2/2022,NOP,SAS,NOP,-7.5,233.5,17202,18354
333,12/2/2022,HOU,PHX,PHX,-11.5,229.5,17071,17071
334,12/2/2022,IND,UTA,UTA,-4.5,241.5,18206,18206
335,12/2/2022,CHI,GSW,GSW,-6.5,236.5,18064,18064
336,12/3/2022,DAL,NYK,DAL,-1.5,225.5,18319,19763
337,12/3/2022,SAC,LAC,SAC,-3.5,227.5,16587,19068
338,12/3/2022,MIL,CHA,MIL,-1.5,220.5,18128,19077
339,12/3/2022,ORL,TOR,TOR,-11.5,220.5,19800,19800
340,12/3/2022,OKC,MIN,MIN,-4.5,232.5,17136,18024
341,12/3/2022,HOU,GSW,GSW,-10.5,235.5,18064,18064
342,12/3/2022,POR,UTA,UTA,-4.5,228.5,18206,18206
343,12/4/2022,DEN,NOP,NOP,-1.5,230.5,15658,16867
344,12/4/2022,PHX,SAS,PHX,-9.5,230.5,16409,18354
345,12/4/2022,BOS,BKN,BOS,-1.5,229.5,18043,17732
346,12/4/2022,MEM,DET,MEM,-6.5,229.5,20088,20332
347,12/4/2022,CLE,NYK,CLE,-2.5,221.5,19007,19763
348,12/4/2022,LAL,WAS,WAS,-1.5,234.5,19647,20600
349,12/4/2022,CHI,SAC,SAC,-2.5,239.5,17611,17611
350,12/4/2022,IND,POR,POR,-4.5,234.5,17479,19441
351,12/5/2022,LAC,CHA,LAC,-6.5,218.5,13945,19077
352,12/5/2022,MIL,ORL,MIL,-10.5,226.5,16174,18500
353,12/5/2022,OKC,ATL,ATL,-5.5,237.5,16301,16888
354,12/5/2022,BOS,TOR,TOR,-1.5,228.5,19800,19800
355,12/5/2022,PHI,HOU,PHI,-7.5,220.5,15331,18055
356,12/5/2022,MIA,MEM,MIA,-4.5,218.5,16122,18400
357,12/5/2022,PHX,DAL,DAL,-3.5,223.5,20227,19200
358,12/5/2022,IND,GSW,GSW,-12.5,241.5,18064,18064
359,12/6/2022,LAL,CLE,CLE,-5.5,224.5,19432,19432
360,12/6/2022,DET,MIA,MIA,-7.5,219.5,19600,19600
361,12/6/2022,DAL,DEN,DEN,-4.5,222.5,19520,19520
362,12/7/2022,LAC,ORL,LAC,-6.5,216.5,14429,18500
363,12/7/2022,CHA,BKN,BKN,-10.5,223.5,16903,17732
364,12/7/2022,ATL,NYK,NYK,-1.5,232.5,18091,19763
365,12/7/2022,LAL,TOR,TOR,-12.5,228.5,19800,19800
366,12/7/2022,WAS,CHI,CHI,-5.5,226.5,19265,20917
367,12/7/2022,OKC,MEM,MEM,-8.5,233.5,15942,18400
368,12/7/2022,SAC,MIL,MIL,-6.5,236.5,17341,17341
369,12/7/2022,IND,MIN,MIN,-3.5,238.5,15472,18024
370,12/7/2022,DET,NOP,NOP,-11.5,229.5,14073,16867
371,12/7/2022,GSW,UTA,UTA,-5.5,231.5,18206,18206
372,12/7/2022,BOS,PHX,PHX,-2.5,230.5,17071,17071
373,12/8/2022,LAC,MIA,MIA,-6.5,211.5,19600,19600
374,12/8/2022,HOU,SAS,HOU,-2.5,230.5,13140,18354
375,12/8/2022,DEN,POR,DEN,-1.5,227.5,18189,19441
376,12/9/2022,NYK,CHA,NYK,-3.5,224.5,17696,19077
377,12/9/2022,WAS,IND,IND,-4.5,233.5,15039,17923
378,12/9/2022,TOR,ORL,TOR,-7.5,221.5,17008,18500
379,12/9/2022,ATL,BKN,BKN,-7.5,232.5,18072,17732
380,12/9/2022,SAC,CLE,CLE,-3.5,217.5,19432,19432
381,12/9/2022,LAL,PHI,PHI,-4.5,228.5,20852,19746
382,12/9/2022,DET,MEM,MEM,-10.5,227.5,17103,18400
383,12/9/2022,PHX,NOP,NOP,-0.5,229.5,16381,16867
384,12/9/2022,MIN,UTA,UTA,-0.5,234.5,18206,18206
385,12/9/2022,MIL,DAL,MIL,-1.5,224.5,20277,19200
386,12/10/2022,SAS,MIA,MIA,-12.5,223.5,19600,19600
387,12/10/2022,BKN,IND,IND,-8.5,225.5,14280,17923
388,12/10/2022,LAC,WAS,LAC,-4.5,218.5,18404,20600
389,12/10/2022,OKC,CLE,CLE,-4.5,218.5,19432,19432
390,12/10/2022,DAL,CHI,CHI,-4.5,220.5,19528,20917
391,12/10/2022,BOS,GSW,BOS,-2.5,237.5,18064,18064
392,12/10/2022,UTA,DEN,DEN,-11.5,228.5,19636,19520
393,12/10/2022,MIN,POR,POR,-5.5,229.5,18324,19441
394,12/11/2022,PHX,NOP,NOP,-3.5,226.5,18681,16867
395,12/11/2022,LAL,DET,LAL,-5.5,233.5,20190,20332
396,12/11/2022,SAC,NYK,NYK,-2.5,226.5,19812,19763
397,12/11/2022,TOR,ORL,TOR,-6.5,223.5,16891,18500
398,12/11/2022,CHA,PHI,PHI,-10.5,220.5,19765,19746
399,12/11/2022,CHI,ATL,ATL,-3.5,235.5,17227,16888
400,12/11/2022,MIL,HOU,MIL,-9.5,227.5,16268,18055
401,12/12/2022,MIA,IND,MIA,-3.5,228.5,15309,17923
402,12/12/2022,BKN,WAS,BKN,-5.5,227.5,16090,20600
403,12/12/2022,ATL,MEM,MEM,-9.5,220.5,16544,18400
404,12/12/2022,OKC,DAL,DAL,-8.5,227.5,19877,19200
405,12/12/2022,CLE,SAS,CLE,-9.5,221.5,13434,18354
406,12/12/2022,MIN,POR,POR,-3.5,229.5,18021,19441
407,12/12/2022,BOS,LAC,BOS,-4.5,226.5,19068,19068
408,12/13/2022,SAC,PHI,PHI,-4.5,229.5,19768,19746
409,12/13/2022,GSW,MIL,MIL,-2.5,232.5,17628,17341
410,12/13/2022,PHX,HOU,PHX,-6.5,224.5,15128,18055
411,12/13/2022,NOP,UTA,NOP,-1.5,232.5,18206,18206
412,12/13/2022,BOS,LAL,BOS,-3.5,237.5,18661,19068
413,12/14/2022,DET,CHA,CHA,-4.5,229.5,14303,19077
414,12/14/2022,GSW,IND,GSW,-1.5,238.5,15069,17923
415,12/14/2022,ATL,ORL,ATL,-2.5,225.5,16002,18500
416,12/14/2022,SAC,TOR,TOR,-4.5,231.5,19800,19800
417,12/14/2022,NYK,CHI,CHI,-3.5,226.5,18820,20917
418,12/14/2022,MIA,OKC,MIA,-2.5,222.5,14783,18203
419,12/14/2022,POR,SAS,POR,-6.5,231.5,13657,18354
420,12/14/2022,CLE,DAL,DAL,-2.5,218.5,20093,19200
421,12/14/2022,WAS,DEN,DEN,-11.5,224.5,19550,19520
422,12/14/2022,MIN,LAC,LAC,-6.5,222.5,14063,19068
423,12/15/2022,MIA,HOU,MIA,-2.5,216.5,16210,18055
424,12/15/2022,MIL,MEM,MEM,-3.5,226.5,17794,18400
425,12/15/2022,NOP,UTA,UTA,-0.5,232.5,18206,18206
426,12/15/2022,PHX,LAC,PHX,-6.5,218.5,15778,19068
427,12/16/2022,ATL,CHA,CHA,-2.5,239.5,17772,19077
428,12/16/2022,SAC,DET,SAC,-5.5,237.5,17892,20332
429,12/16/2022,ORL,BOS,BOS,-12.5,226.5,19156,19156
430,12/16/2022,IND,CLE,CLE,-7.5,222.5,19432,19432
431,12/16/2022,GSW,PHI,PHI,-8.5,222.5,20567,19746
432,12/16/2022,BKN,TOR,BKN,-1.5,223.5,19800,19800
433,12/16/2022,NYK,CHI,CHI,-2.5,225.5,19661,20917
434,12/16/2022,MIN,OKC,OKC,-4.5,234.5,14885,18203
435,12/16/2022,POR,DAL,DAL,-4.5,226.5,20191,19200
436,12/16/2022,DEN,LAL,DEN,-1.5,236.5,18505,19068
437,12/17/2022,WAS,LAC,LAC,-5.5,221.5,15018,19068
438,12/17/2022,MIA,SAS,MIA,-8.5,222.5,20160,22300
439,12/17/2022,DAL,CLE,CLE,-8.5,212.5,19432,19432
440,12/17/2022,POR,HOU,POR,-3.5,228.5,16217,18055
441,12/17/2022,UTA,MIL,MIL,-1.5,227.5,17587,17341
442,12/17/2022,MEM,OKC,MEM,-11.5,229.5,16895,18203
443,12/17/2022,NOP,PHX,PHX,-3.5,228.5,17071,17071
444,12/18/2022,ORL,BOS,BOS,-10.5,222.5,19156,19156
445,12/18/2022,NYK,IND,IND,-1.5,227.5,14513,17923
446,12/18/2022,BKN,DET,BKN,-8.5,228.5,19488,20332
447,12/18/2022,GSW,TOR,TOR,-5.5,223.5,19800,19800
448,12/18/2022,CHI,MIN,CHI,-1.5,233.5,16294,18024
449,12/18/2022,CHA,DEN,DEN,-8.5,235.5,19235,19520
450,12/18/2022,WAS,LAL,LAL,-3.5,237.5,18153,19068
451,12/19/2022,UTA,CLE,CLE,-6.5,219.5,19432,19432
452,12/19/2022,TOR,PHI,PHI,-6.5,219.5,20408,19746
453,12/19/2022,ORL,ATL,ATL,-8.5,230.5,17809,16888
454,12/19/2022,SAS,HOU,HOU,-4.5,226.5,15928,18055
455,12/19/2022,DAL,MIN,DAL,-5.5,230.5,16627,18024
456,12/19/2022,MIL,NOP,NOP,-0.5,227.5,18271,16867
457,12/19/2022,POR,OKC,POR,-4.5,232.5,14672,18203
458,12/19/2022,LAL,PHX,PHX,-11.5,224.5,17071,17071
459,12/19/2022,CHA,SAC,SAC,-10.5,241.5,17803,17611
460,12/20/2022,UTA,DET,UTA,-2.5,228.5,15622,20332
461,12/20/2022,CHI,MIA,MIA,-1.5,221.5,19969,19600
462,12/20/2022,GSW,NYK,NYK,-5.5,220.5,19812,19763
463,12/20/2022,WAS,PHX,PHX,-6.5,223.5,17071,17071
464,12/20/2022,MEM,DEN,DEN,-0.5,234.5,19605,19520
465,12/21/2022,MIL,CLE,CLE,-2.5,215.5,19432,19432
466,12/21/2022,DET,PHI,PHI,-12.5,222.5,20615,19746
467,12/21/2022,CHI,ATL,ATL,-5.5,235.5,17226,16888
468,12/21/2022,IND,BOS,BOS,-9.5,232.5,19156,19156
469,12/21/2022,GSW,BKN,BKN,-10.5,223.5,18026,17732
470,12/21/2022,TOR,NYK,NYK,-1.5,217.5,19294,19763
471,12/21/2022,ORL,HOU,HOU,-1.5,223.5,15965,18055
472,12/21/2022,DAL,MIN,DAL,-2.5,227.5,16164,18024
473,12/21/2022,POR,OKC,POR,-3.5,234.5,15107,18203
474,12/21/2022,LAL,SAC,SAC,-8.5,240.5,17611,17611
475,12/21/2022,CHA,LAC,LAC,-9.5,228.5,19068,19068
476,12/22/2022,SAS,NOP,NOP,-8.5,228.5,16417,16867
477,12/22/2022,WAS,UTA,UTA,-6.5,232.5,18206,18206
478,12/23/2022,SAS,ORL,ORL,-5.5,228.5,18425,18500
479,12/23/2022,LAC,PHI,PHI,-3.5,214.5,19996,19746
480,12/23/2022,DET,ATL,ATL,-9.5,233.5,17028,16888
481,12/23/2022,MIN,BOS,BOS,-9.5,228.5,19156,19156
482,12/23/2022,MIL,BKN,BKN,-2.5,230.5,18169,17732
483,12/23/2022,TOR,CLE,CLE,-4.5,214.5,19432,19432
484,12/23/2022,CHI,NYK,NYK,-6.5,225.5,19812,19763
485,12/23/2022,IND,MIA,MIA,-5.5,224.5,19600,19600
486,12/23/2022,DAL,HOU,DAL,-6.5,219.5,16989,18055
487,12/23/2022,NOP,OKC,OKC,-1.5,233.5,15214,18203
488,12/23/2022,POR,DEN,DEN,-5.5,232.5,19619,19520
489,12/23/2022,MEM,PHX,MEM,-2.5,226.5,17071,17071
490,12/23/2022,WAS,SAC,SAC,-7.5,239.5,17894,17611
491,12/23/2022,CHA,LAL,LAL,-2.5,242.5,18997,19068
492,12/25/2022,PHI,NYK,PHI,-2.5,216.5,19812,19763
493,12/25/2022,LAL,DAL,DAL,-7.5,231.5,20441,19200
494,12/25/2022,MIL,BOS,BOS,-5.5,225.5,19156,19156
495,12/25/2022,MEM,GSW,MEM,-7.5,232.5,18064,18064
496,12/25/2022,PHX,DEN,DEN,-4.5,229.5,19642,19520
497,12/26/2022,BKN,CLE,CLE,-2.5,220.5,19432,19432
498,12/26/2022,LAC,DET,LAC,-6.5,222.5,20190,20332
499,12/26/2022,MIN,MIA,MIA,-1.5,221.5,19911,19600
500,12/26/2022,HOU,CHI,CHI,-6.5,230.5,21561,20917
501,12/26/2022,IND,NOP,NOP,-1.5,233.5,18636,16867
502,12/26/2022,UTA,SAS,UTA,-4.5,235.5,16351,18354
503,12/26/2022,CHA,POR,POR,-5.5,238.5,19530,19441
504,12/27/2022,LAL,ORL,ORL,-2.5,237.5,19482,18500
505,12/27/2022,PHI,WAS,PHI,-4.5,224.5,20476,20600
506,12/27/2022,HOU,BOS,BOS,-14.5,229.5,19156,19156
507,12/27/2022,ATL,IND,ATL,-1.5,238.5,16738,17923
508,12/27/2022,LAC,TOR,TOR,-3.5,218.5,19800,19800
509,12/27/2022,PHX,MEM,MEM,-7.5,224.5,18239,18400
510,12/27/2022,SAS,OKC,OKC,-6.5,236.5,16229,18203
511,12/27/2022,NYK,DAL,DAL,-5.5,216.5,20377,19200
512,12/27/2022,CHA,GSW,GSW,-5.5,239.5,18064,18064
513,12/27/2022,DEN,SAC,DEN,-3.5,237.5,17937,17611
514,12/28/2022,ORL,DET,DET,-0.5,229.5,20190,20332
515,12/28/2022,PHX,WAS,PHX,-2.5,220.5,20476,20600
516,12/28/2022,BKN,ATL,BKN,-7.5,230.5,18030,16888
517,12/28/2022,LAL,MIA,MIA,-8.5,228.5,20221,19600
518,12/28/2022,MIL,CHI,MIL,-2.5,230.5,21537,20917
519,12/28/2022,MIN,NOP,NOP,-6.5,232.5,18669,16867
520,12/28/2022,UTA,GSW,UTA,-4.5,233.5,18064,18064
521,12/28/2022,DEN,SAC,SAC,-2.5,237.5,17985,17611
522,12/29/2022,OKC,CHA,CHA,-2.5,237.5,19425,19077
523,12/29/2022,CLE,IND,CLE,-3.5,225.5,17274,17923
524,12/29/2022,LAC,BOS,BOS,-6.5,228.5,19156,19156
525,12/29/2022,MEM,TOR,MEM,-4.5,230.5,19800,19800
526,12/29/2022,NYK,SAS,NYK,-4.5,221.5,18354,18354
527,12/29/2022,HOU,DAL,DAL,-9.5,223.5,20307,19200
528,12/30/2022,WAS,ORL,WAS,-4.5,226.5,19040,18500
529,12/30/2022,LAL,ATL,ATL,-6.5,242.5,17984,16888
530,12/30/2022,PHX,TOR,TOR,-2.5,221.5,19800,19800
531,12/30/2022,DET,CHI,CHI,-6.5,230.5,21667,20917
532,12/30/2022,MIN,MIL,MIL,-7.5,229.5,18018,17341
533,12/30/2022,PHI,NOP,PHI,-1.5,229.5,18656,16867
534,12/30/2022,MIA,DEN,DEN,-3.5,223.5,19638,19520
535,12/30/2022,POR,GSW,POR,-1.5,233.5,18064,18064
536,12/30/2022,UTA,SAC,SAC,-3.5,242.5,17946,17611
537,12/31/2022,LAC,IND,LAC,-2.5,232.5,16731,17923
538,12/31/2022,BKN,CHA,BKN,-6.5,237.5,19386,19077
539,12/31/2022,CLE,CHI,CLE,-1.5,224.5,21524,20917
540,12/31/2022,NYK,HOU,NYK,-3.5,222.5,18055,18055
541,12/31/2022,DAL,SAS,DAL,-7.5,231.5,18354,18354
542,12/31/2022,NOP,MEM,MEM,-6.5,236.5,17951,18400
543,12/31/2022,DET,MIN,MIN,-7.5,233.5,16233,18024
544,12/31/2022,PHI,OKC,PHI,-2.5,226.5,17147,18203
545,12/31/2022,MIA,UTA,UTA,-4.5,225.5,18206,18206
546,01/1/2023,SAC,MEM,MEM,-3.5,239.5,17794,18400
547,01/1/2023,WAS,MIL,MIL,-1.5,220.5,17341,17341
548,01/1/2023,BOS,DEN,BOS,-3.5,233.5,19641,19520
549,01/2/2023,PHX,NYK,NYK,-2.5,219.5,19812,19763
550,01/2/2023,LAL,CHA,CHA,-1.5,241.5,19210,19077
551,01/2/2023,CHI,CLE,CLE,-3.5,225.5,19432,19432
552,01/2/2023,TOR,IND,TOR,-1.5,233.5,14054,17923
553,01/2/2023,NOP,PHI,PHI,-5.5,229.5,20531,19746
554,01/2/2023,SAS,BKN,BKN,-11.5,238.5,18224,17732
555,01/2/2023,DAL,HOU,DAL,-6.5,227.5,18055,18055
556,01/2/2023,DEN,MIN,DEN,-4.5,232.5,15962,18024
557,01/2/2023,ATL,GSW,GSW,-1.5,235.5,18064,18064
558,01/2/2023,DET,POR,POR,-9.5,231.5,19393,19441
559,01/2/2023,MIA,LAC,LAC,-0.5,218.5,19068,19068
560,01/3/2023,WAS,MIL,MIL,-7.5,231.5,17341,17341
561,01/3/2023,BOS,OKC,BOS,-11.5,228.5,16778,18203
562,01/3/2023,SAC,UTA,UTA,-3.5,242.5,18206,18206
563,01/4/2023,MEM,CHA,MEM,-6.5,237.5,19249,19077
564,01/4/2023,PHX,CLE,CLE,-5.5,216.5,19432,19432
565,01/4/2023,OKC,ORL,OKC,-1.5,230.5,18925,18500
566,01/4/2023,IND,PHI,PHI,-4.5,233.5,20033,19746
567,01/4/2023,SAS,NYK,NYK,-10.5,225.5,19812,19763
568,01/4/2023,MIL,TOR,TOR,-5.5,223.5,19800,19800
569,01/4/2023,BKN,CHI,BKN,-4.5,234.5,21418,20917
570,01/4/2023,POR,MIN,POR,-1.5,234.5,15434,18024
571,01/4/2023,HOU,NOP,NOP,-7.5,229.5,17295,16867
572,01/4/2023,DET,GSW,GSW,-6.5,231.5,18064,18064
573,01/4/2023,MIA,LAL,MIA,-8.5,224.5,18997,19068
574,01/4/2023,ATL,SAC,SAC,-1.5,245.5,17611,17611
575,01/5/2023,MEM,ORL,MEM,-6.5,230.5,19184,18500
576,01/5/2023,BOS,DAL,BOS,-3.5,231.5,20413,19200
577,01/5/2023,UTA,HOU,UTA,-6.5,231.5,16320,18055
578,01/5/2023,LAC,DEN,DEN,-4.5,229.5,19087,19520
579,01/6/2023,POR,IND,IND,-0.5,237.5,16548,17923
580,01/6/2023,CHI,PHI,PHI,-4.5,232.5,20766,19746
581,01/6/2023,NYK,TOR,TOR,-3.5,216.5,19800,19800
582,01/6/2023,CHA,MIL,MIL,-10.5,230.5,17627,17341
583,01/6/2023,WAS,OKC,OKC,-1.5,232.5,14790,18203
584,01/6/2023,DET,SAS,SAS,-0.5,236.5,13107,18354
585,01/6/2023,BKN,NOP,BKN,-4.5,231.5,18636,16867
586,01/6/2023,LAC,MIN,MIN,-5.5,223.5,17136,18024
587,01/6/2023,CLE,DEN,DEN,-5.5,221.5,19638,19520
588,01/6/2023,MIA,PHX,MIA,-1.5,212.5,17071,17071
589,01/6/2023,ATL,LAL,ATL,-3.5,242.5,18997,19068
590,01/7/2023,BOS,SAS,BOS,-15.5,234.5,18354,18354
591,01/7/2023,UTA,CHI,UTA,-2.5,238.5,21694,20917
592,01/7/2023,NOP,DAL,DAL,-8.5,222.5,20300,19200
593,01/7/2023,ORL,GSW,GSW,-6.5,231.5,18064,18064
594,01/7/2023,LAL,SAC,SAC,-6.5,243.5,17611,17611
595,01/8/2023,PHI,DET,PHI,-5.5,229.5,18898,20332
596,01/8/2023,POR,TOR,TOR,-2.5,226.5,19800,19800
597,01/8/2023,CHA,IND,IND,-5.5,239.5,15805,17923
598,01/8/2023,BKN,MIA,BKN,-1.5,223.5,19901,19600
599,01/8/2023,UTA,MEM,MEM,-5.5,234.5,17794,18400
600,01/8/2023,MIN,HOU,MIN,-3.5,232.5,18055,18055
601,01/8/2023,DAL,OKC,OKC,-4.5,227.5,16317,18203
602,01/8/2023,CLE,PHX,CLE,-5.5,215.5,17071,17071
603,01/8/2023,ATL,LAC,LAC,-2.5,232.5,19068,19068
604,01/9/2023,NOP,WAS,WAS,-1.5,228.5,16223,20600
605,01/9/2023,CHI,BOS,BOS,-9.5,235.5,19156,19156
606,01/9/2023,MIL,NYK,NYK,-0.5,218.5,18167,19763
607,01/9/2023,SAS,MEM,MEM,-10.5,233.5,16013,18400
608,01/9/2023,LAL,DEN,DEN,-12.5,236.5,19609,19520
609,01/9/2023,ORL,SAC,SAC,-6.5,237.5,16499,17611
610,01/10/2023,OKC,MIA,MIA,-1.5,220.5,19600,19600
611,01/10/2023,DET,PHI,PHI,-14.5,225.5,20221,19746
612,01/10/2023,CHA,TOR,TOR,-7.5,229.5,19800,19800
613,01/10/2023,CLE,UTA,CLE,-3.5,226.5,18206,18206
614,01/10/2023,PHX,GSW,GSW,-12.5,230.5,18064,18064
615,01/10/2023,ORL,POR,POR,-8.5,228.5,18176,19441
616,01/10/2023,DAL,LAC,LAC,-1.5,224.5,15828,19068
617,01/11/2023,MIN,DET,MIN,-6.5,233.5,15906,20332
618,01/11/2023,CHI,WAS,CHI,-1.5,228.5,17032,20600
619,01/11/2023,MIL,ATL,MIL,-4.5,228.5,17154,16888
620,01/11/2023,NOP,BOS,BOS,-9.5,230.5,19156,19156
621,01/11/2023,IND,NYK,NYK,-5.5,226.5,18249,19763
622,01/11/2023,SAS,MEM,MEM,-13.5,240.5,16454,18400
623,01/11/2023,PHX,DEN,DEN,-14.5,226.5,18872,19520
624,01/11/2023,HOU,SAC,SAC,-9.5,236.5,16057,17611
625,01/12/2023,OKC,PHI,PHI,-9.5,233.5,20892,19746
626,01/12/2023,BOS,BKN,BOS,-1.5,224.5,18125,17732
627,01/12/2023,MIL,MIA,MIA,-5.5,211.5,19600,19600
628,01/12/2023,CHA,TOR,TOR,-7.5,229.5,19800,19800
629,01/12/2023,DAL,LAL,DAL,-2.5,236.5,18997,19068
630,01/12/2023,CLE,POR,CLE,-1.5,223.5,18105,19441
631,01/13/2023,NOP,DET,NOP,-5.5,234.5,18989,20332
632,01/13/2023,ATL,IND,ATL,-3.5,239.5,16071,17923
633,01/13/2023,NYK,WAS,NYK,-3.5,220.5,20476,20600
634,01/13/2023,GSW,SAS,GSW,-8.5,243.5,68323,68000
635,01/13/2023,OKC,CHI,CHI,-4.5,233.5,21342,20917
636,01/13/2023,PHX,MIN,MIN,-6.5,222.5,16460,18024
637,01/13/2023,ORL,UTA,UTA,-5.5,233.5,18206,18206
638,01/13/2023,DEN,LAC,LAC,-4.5,221.5,16005,19068
639,01/13/2023,HOU,SAC,SAC,-9.5,238.5,17894,17611
640,01/14/2023,MIL,MIA,MIA,-3.5,213.5,19620,19600
641,01/14/2023,BOS,CHA,BOS,-7.5,232.5,19608,19077
642,01/14/2023,MEM,IND,MEM,-7.5,238.5,17274,17923
643,01/14/2023,ATL,TOR,TOR,-7.5,231.5,19800,19800
644,01/14/2023,CLE,MIN,CLE,-4.5,224.5,17136,18024
645,01/14/2023,PHI,UTA,PHI,-7.5,231.5,18206,18206
646,01/14/2023,DAL,POR,POR,-3.5,225.5,19393,19441
647,01/15/2023,NYK,DET,NYK,-8.5,224.5,19894,20332
648,01/15/2023,HOU,LAC,LAC,-9.5,220.5,17238,19068
649,01/15/2023,GSW,CHI,GSW,-5.5,237.5,20139,20917
650,01/15/2023,OKC,BKN,BKN,-5.5,230.5,18165,17732
651,01/15/2023,SAC,SAS,SAC,-6.5,244.5,12339,18354
652,01/15/2023,ORL,DEN,DEN,-10.5,235.5,19641,19520
653,01/15/2023,DAL,POR,POR,-8.5,223.5,19393,19441
654,01/15/2023,PHI,LAL,PHI,-5.5,235.5,18020,19068
655,01/16/2023,BOS,CHA,BOS,-8.5,230.5,19227,19077
656,01/16/2023,IND,MIL,MIL,-4.5,228.5,17412,17341
657,01/16/2023,NOP,CLE,CLE,-7.5,223.5,19432,19432
658,01/16/2023,TOR,NYK,NYK,-1.5,218.5,19812,19763
659,01/16/2023,GSW,WAS,GSW,-3.5,235.5,20476,20600
660,01/16/2023,MIA,ATL,ATL,-1.5,223.5,18007,16888
661,01/16/2023,UTA,MIN,MIN,-4.5,232.5,16477,18024
662,01/16/2023,PHX,MEM,MEM,-12.5,231.5,17794,18400
663,01/16/2023,HOU,LAL,LAL,-7.5,236.5,17657,19068
664,01/17/2023,TOR,MIL,MIL,-1.5,221.5,17341,17341
665,01/17/2023,BKN,SAS,BKN,-2.5,228.5,13532,18354
666,01/17/2023,POR,DEN,DEN,-5.5,238.5,18258,19520
667,01/17/2023,PHI,LAC,LAC,-1.5,224.5,15155,19068
668,01/18/2023,WAS,NYK,NYK,-5.5,225.5,19164,19763
669,01/18/2023,ATL,DAL,DAL,-2.5,231.5,20125,19200
670,01/18/2023,CHA,HOU,CHA,-3.5,236.5,15678,18055
671,01/18/2023,CLE,MEM,MEM,-7.5,226.5,16892,18400
672,01/18/2023,MIA,NOP,MIA,-3.5,219.5,17736,16867
673,01/18/2023,IND,OKC,OKC,-4.5,239.5,14748,18203
674,01/18/2023,LAC,UTA,UTA,-8.5,229.5,18206,18206
675,01/18/2023,MIN,DEN,DEN,-9.5,241.5,16112,19520
676,01/18/2023,SAC,LAL,LAL,-2.5,245.5,18142,19068
677,01/19/2023,CHI,DET,CHI,-7.5,235.5,15885,15609
678,01/19/2023,GSW,BOS,BOS,-6.5,241.5,19156,19156
679,01/19/2023,TOR,MIN,TOR,-4.5,232.5,16318,18024
680,01/19/2023,BKN,PHX,BKN,-3.5,221.5,17071,17071
681,01/19/2023,PHI,POR,PHI,-1.5,234.5,18113,19441
682,01/20/2023,NOP,ORL,ORL,-0.5,229.5,19025,18500
683,01/20/2023,NYK,ATL,ATL,-3.5,229.5,17711,16888
684,01/20/2023,GSW,CLE,CLE,-10.5,219.5,19432,19432
685,01/20/2023,MIA,DAL,MIA,-2.5,217.5,20326,19200
686,01/20/2023,LAC,SAS,LAC,-7.5,231.5,15190,18354
687,01/20/2023,IND,DEN,DEN,-6.5,235.5,19609,19520
688,01/20/2023,BKN,UTA,UTA,-4.5,231.5,18206,18206
689,01/20/2023,MEM,LAL,MEM,-6.5,243.5,18997,19068
690,01/20/2023,OKC,SAC,SAC,-5.5,243.5,17932,17611
691,01/21/2023,BOS,TOR,BOS,-3.5,225.5,19800,19800
692,01/21/2023,ORL,WAS,WAS,-6.5,231.5,18171,20600
693,01/21/2023,CHA,ATL,ATL,-7.5,234.5,17928,16888
694,01/21/2023,MIL,CLE,CLE,-2.5,217.5,19432,19432
695,01/21/2023,HOU,MIN,MIN,-8.5,239.5,17136,18024
696,01/21/2023,IND,PHX,PHX,-2.5,228.5,17071,17071
697,01/21/2023,PHI,SAC,SAC,-4.5,234.5,17861,17611
698,01/22/2023,NOP,MIA,MIA,-7.5,217.5,19600,19600
699,01/22/2023,NYK,TOR,TOR,-2.5,223.5,19261,19800
700,01/22/2023,LAC,DAL,DAL,-1.5,223.5,20026,19200
701,01/22/2023,OKC,DEN,DEN,-3.5,235.5,19557,19520
702,01/22/2023,MEM,PHX,MEM,-8.5,231.5,17071,17071
703,01/22/2023,BKN,GSW,GSW,-7.5,236.5,18064,18064
704,01/22/2023,LAL,POR,POR,-5.5,239.5,19393,19441
705,01/23/2023,MIL,DET,MIL,-10.5,236.5,18011,20332
706,01/23/2023,BOS,ORL,BOS,-7.5,228.5,19196,18500
707,01/23/2023,ATL,CHI,CHI,-1.5,238.5,20938,20917
708,01/23/2023,MIN,HOU,MIN,-5.5,232.5,13811,18055
709,01/23/2023,CHA,UTA,UTA,-7.5,236.5,18206,18206
710,01/23/2023,SAS,POR,POR,-8.5,240.5,17874,19441
711,01/23/2023,MEM,SAC,SAC,-3.5,245.5,17821,17611
712,01/24/2023,CHI,IND,CHI,-1.5,234.5,16102,17923
713,01/24/2023,BOS,MIA,MIA,-2.5,214.5,19705,19600
714,01/24/2023,CLE,NYK,CLE,-3.5,220.5,19812,19763
715,01/24/2023,DEN,NOP,DEN,-2.5,231.5,14699,16867
716,01/24/2023,WAS,DAL,DAL,-6.5,224.5,20077,19200
717,01/24/2023,CHA,PHX,PHX,-7.5,223.5,17071,17071
718,01/24/2023,LAC,LAL,LAC,-4.5,231.5,17604,19068
719,01/25/2023,IND,ORL,ORL,-4.5,234.5,18846,18500
720,01/25/2023,BKN,PHI,PHI,-6.5,225.5,19772,19746
721,01/25/2023,WAS,HOU,WAS,-2.5,234.5,15302,18055
722,01/25/2023,DEN,MIL,MIL,-12.5,229.5,17352,17341
723,01/25/2023,MIN,NOP,NOP,-2.5,228.5,14887,16867
724,01/25/2023,ATL,OKC,ATL,-1.5,237.5,15079,18203
725,01/25/2023,MEM,GSW,GSW,-2.5,245.5,18064,18064
726,01/25/2023,UTA,POR,POR,-3.5,239.5,18154,19441
727,01/25/2023,TOR,SAC,SAC,-3.5,237.5,17767,17611
728,01/25/2023,SAS,LAL,LAL,-7.5,245.5,17955,19068
729,01/26/2023,NYK,BOS,BOS,-8.5,220.5,19156,19156
730,01/26/2023,DET,BKN,BKN,-7.5,235.5,17732,17732
731,01/26/2023,CHI,CHA,CHI,-3.5,236.5,17697,19077
732,01/26/2023,CLE,HOU,CLE,-7.5,216.5,16327,18055
733,01/26/2023,DAL,PHX,PHX,-1.5,220.5,17071,17071
734,01/26/2023,SAS,LAC,LAC,-13.5,234.5,16958,19068
735,01/27/2023,MIL,IND,MIL,-6.5,238.5,16090,17923
736,01/27/2023,MEM,MIN,MEM,-1.5,236.5,17136,18024
737,01/27/2023,ORL,MIA,MIA,-8.5,219.5,19788,19600
738,01/27/2023,CLE,OKC,OKC,-1.5,220.5,16236,18203
739,01/27/2023,TOR,GSW,GSW,-4.5,234.5,18064,18064
740,01/28/2023,DEN,PHI,PHI,-2.5,231.5,21255,19746
741,01/28/2023,NYK,BKN,BKN,-0.5,224.5,18100,17732
742,01/28/2023,HOU,DET,DET,-5.5,235.5,19411,20332
743,01/28/2023,CHI,ORL,CHI,-2.5,230.5,18846,18500
744,01/28/2023,LAC,ATL,ATL,-1.5,232.5,18448,16888
745,01/28/2023,SAC,MIN,SAC,-1.5,239.5,17136,18024
746,01/28/2023,WAS,NOP,NOP,-5.5,230.5,17692,16867
747,01/28/2023,PHX,SAS,PHX,-5.5,231.5,18354,18354
748,01/28/2023,LAL,BOS,BOS,-7.5,234.5,19156,19156
749,01/28/2023,DAL,UTA,UTA,-6.5,223.5,18206,18206
750,01/28/2023,TOR,POR,POR,-2.5,231.5,19393,19441
751,01/29/2023,MIA,CHA,MIA,-5.5,223.5,19254,19077
752,01/29/2023,IND,MEM,MEM,-8.5,241.5,17794,18400
753,01/29/2023,LAC,CLE,CLE,-10.5,215.5,19432,19432
754,01/29/2023,NOP,MIL,MIL,-10.5,229.5,17341,17341
755,01/30/2023,ORL,PHI,PHI,-10.5,231.5,19812,19746
756,01/30/2023,LAL,BKN,BKN,-8.5,230.5,17924,17732
757,01/30/2023,SAC,MIN,SAC,-1.5,236.5,15342,18024
758,01/30/2023,GSW,OKC,GSW,-4.5,242.5,16854,18203
759,01/30/2023,WAS,SAS,WAS,-5.5,240.5,11970,18354
760,01/30/2023,DET,DAL,DAL,-10.5,231.5,19777,19200
761,01/30/2023,TOR,PHX,PHX,-1.5,219.5,17071,17071
762,01/30/2023,ATL,POR,POR,-5.5,232.5,18262,19441
763,01/31/2023,MIA,CLE,CLE,-3.5,210.5,19432,19432
764,01/31/2023,LAL,NYK,NYK,-1.5,232.5,19812,19763
765,01/31/2023,LAC,CHI,LAC,-2.5,225.5,20068,20917
766,01/31/2023,CHA,MIL,MIL,-11.5,244.5,17341,17341
767,01/31/2023,NOP,DEN,DEN,-6.5,232.5,18868,19520
768,03/7/2023,WAS,DET,WAS,-10.5,222.5,17855,20332
769,02/1/2023,ORL,PHI,PHI,-9.5,230.5,20885,19746
770,02/1/2023,POR,MEM,MEM,-5.5,238.5,14589,18400
771,02/1/2023,BKN,BOS,BOS,-9.5,224.5,19156,19156
772,02/1/2023,OKC,HOU,OKC,-6.5,231.5,15181,18055
773,02/1/2023,GSW,MIN,GSW,-5.5,241.5,17136,18024
774,02/1/2023,SAC,SAS,SAC,-7.5,243.5,13207,18354
775,02/1/2023,TOR,UTA,UTA,-2.5,230.5,18206,18206
776,02/1/2023,ATL,PHX,PHX,-1.5,231.5,17071,17071
777,02/2/2023,LAL,IND,LAL,-2.5,240.5,17274,17923
778,02/2/2023,MEM,CLE,CLE,-6.5,222.5,19432,19432
779,02/2/2023,MIA,NYK,MIA,-1.5,214.5,19044,19763
780,02/2/2023,CHA,CHI,CHI,-6.5,237.5,20072,20917
781,02/2/2023,NOP,DAL,DAL,-4.5,223.5,19670,19200
782,02/2/2023,GSW,DEN,DEN,-6.5,238.5,19555,19520
783,02/2/2023,LAC,MIL,MIL,-4.5,230.5,17341,17341
784,02/3/2023,CHA,DET,CHA,-1.5,240.5,18007,20332
785,02/3/2023,SAC,IND,SAC,-1.5,235.5,17274,17923
786,02/3/2023,POR,WAS,WAS,-4.5,238.5,20476,20600
787,02/3/2023,PHX,BOS,BOS,-10.5,220.5,19156,19156
788,02/3/2023,TOR,HOU,TOR,-7.5,223.5,16585,18055
789,02/3/2023,ORL,MIN,MIN,-5.5,229.5,17136,18024
790,02/3/2023,PHI,SAS,PHI,-10.5,234.5,15252,18354
791,02/3/2023,ATL,UTA,UTA,-1.5,241.5,18206,18206
792,02/4/2023,WAS,BKN,WAS,-1.5,222.5,17732,17732
793,02/4/2023,PHX,DET,PHX,-4.5,227.5,19788,20332
794,02/4/2023,LAC,NYK,LAC,-2.5,220.5,19812,19763
795,02/4/2023,POR,CHI,CHI,-2.5,234.5,20135,20917
796,02/4/2023,MIA,MIL,MIL,-5.5,223.5,18008,17341
797,02/4/2023,LAL,NOP,NOP,-1.5,233.5,18886,16867
798,02/4/2023,HOU,OKC,OKC,-9.5,231.5,16994,18203
799,02/4/2023,DAL,GSW,GSW,-10.5,226.5,18064,18064
800,02/4/2023,ATL,DEN,DEN,-10.5,228.5,19630,19520
801,02/5/2023,ORL,CHA,CHA,-1.5,236.5,18510,19077
802,02/5/2023,CLE,IND,CLE,-4.5,227.5,17274,17923
803,02/5/2023,PHI,NYK,PHI,-4.5,225.5,17586,19763
804,02/5/2023,TOR,MEM,MEM,-1.5,228.5,17794,18400
805,02/5/2023,DEN,MIN,MIN,-7.5,225.5,17136,18024
806,02/5/2023,SAC,NOP,SAC,-1.5,227.5,17779,16867
807,02/6/2023,BOS,DET,BOS,-9.5,228.5,17933,20332
808,02/6/2023,CLE,WAS,CLE,-3.5,220.5,16744,20600
809,02/6/2023,LAC,BKN,LAC,-8.5,221.5,16981,17732
810,02/6/2023,SAS,CHI,CHI,-9.5,238.5,19291,20917
811,02/6/2023,SAC,HOU,SAC,-6.5,239.5,15405,18055
812,02/6/2023,DAL,UTA,UTA,-9.5,222.5,18206,18206
813,02/6/2023,OKC,GSW,GSW,-3.5,232.5,18064,18064
814,02/6/2023,MIL,POR,MIL,-4.5,241.5,18110,19441
815,02/7/2023,NYK,ORL,ORL,-0.5,224.5,19438,18500
816,02/7/2023,PHX,BKN,PHX,-6.5,224.5,17093,17732
817,02/7/2023,ATL,NOP,NOP,-1.5,237.5,16669,16867
818,02/7/2023,CHI,MEM,MEM,-9.5,232.5,17012,18400
819,02/7/2023,MIN,DEN,DEN,-8.5,232.5,18307,19520
820,02/7/2023,OKC,LAL,LAL,-6.5,240.5,18997,19068
821,02/8/2023,DET,CLE,CLE,-8.5,217.5,19432,19432
822,02/8/2023,CHA,WAS,WAS,-3.5,234.5,16097,20600
823,02/8/2023,PHI,BOS,BOS,-2.5,227.5,19156,19156
824,02/8/2023,IND,MIA,MIA,-6.5,224.5,19600,19600
825,02/8/2023,SAS,TOR,TOR,-10.5,232.5,19800,19800
826,02/8/2023,SAC,HOU,SAC,-8.5,238.5,15881,18055
827,02/8/2023,MIN,UTA,UTA,-8.5,233.5,18206,18206
828,02/8/2023,DAL,LAC,LAC,-8.5,220.5,18377,19068
829,02/8/2023,GSW,POR,POR,-2.5,234.5,18450,19441
830,02/9/2023,DEN,ORL,DEN,-4.5,230.5,18846,18500
831,02/9/2023,PHX,ATL,ATL,-7.5,226.5,17003,16888
832,02/9/2023,CHI,BKN,CHI,-2.5,225.5,16938,17732
833,02/9/2023,MIL,LAL,MIL,-8.5,236.5,18997,19068
834,02/10/2023,SAS,DET,DET,-5.5,234.5,17899,20332
835,02/10/2023,PHX,IND,IND,-2.5,231.5,16522,17923
836,02/10/2023,NYK,PHI,PHI,-6.5,222.5,21057,19746
837,02/10/2023,CHA,BOS,BOS,-10.5,226.5,19156,19156
838,02/10/2023,UTA,TOR,TOR,-8.5,231.5,19800,19800
839,02/10/2023,HOU,MIA,MIA,-11.5,220.5,19600,19600
840,02/10/2023,MIN,MEM,MEM,-6.5,230.5,17794,18400
841,02/10/2023,CLE,NOP,CLE,-2.5,221.5,16398,16867
842,02/10/2023,OKC,POR,POR,-2.5,239.5,19424,19441
843,02/10/2023,DAL,SAC,SAC,-4.5,232.5,18111,17611
844,02/10/2023,MIL,LAC,MIL,-2.5,228.5,16614,19068
845,02/11/2023,PHI,BKN,PHI,-1.5,223.5,17732,17732
846,02/11/2023,DEN,CHA,DEN,-7.5,237.5,19256,19077
847,02/11/2023,MIA,ORL,MIA,-1.5,213.5,18223,18500
848,02/11/2023,IND,WAS,WAS,-6.5,236.5,18387,20600
849,02/11/2023,SAS,ATL,ATL,-13.5,241.5,17875,16888
850,02/11/2023,UTA,NYK,NYK,-5.5,230.5,19339,19763
851,02/11/2023,CHI,CLE,CLE,-6.5,220.5,19432,19432
852,02/11/2023,LAL,GSW,GSW,-5.5,235.5,18064,18064
853,02/11/2023,DAL,SAC,DAL,-1.5,237.5,18111,17611
854,02/12/2023,MEM,BOS,BOS,-3.5,226.5,19156,19156
855,02/12/2023,DET,TOR,TOR,-11.5,225.5,19800,19800
856,02/13/2023,ATL,CHA,ATL,-5.5,241.5,14078,19077
857,02/13/2023,SAS,CLE,CLE,-15.5,225.5,19432,19432
858,02/13/2023,UTA,IND,UTA,-1.5,241.5,15004,17923
859,02/13/2023,HOU,PHI,PHI,-13.5,226.5,19850,19746
860,02/13/2023,DEN,MIA,MIA,-0.5,217.5,19755,19600
861,02/13/2023,BKN,NYK,NYK,-3.5,219.5,19812,19763
862,02/13/2023,ORL,CHI,CHI,-4.5,225.5,20767,20917
863,02/13/2023,NOP,OKC,OKC,-2.5,234.5,14920,18203
864,02/13/2023,MIN,DAL,DAL,-6.5,233.5,20325,19200
865,02/13/2023,WAS,GSW,GSW,-3.5,233.5,18064,18064
866,02/13/2023,LAL,POR,POR,-2.5,239.5,18299,19441
867,02/14/2023,ORL,TOR,TOR,-7.5,220.5,19800,19800
868,02/14/2023,BOS,MIL,MIL,-9.5,225.5,17623,17341
869,02/14/2023,SAC,PHX,PHX,-2.5,234.5,17071,17071
870,02/14/2023,GSW,LAC,LAC,-7.5,229.5,16741,19068
871,02/14/2023,WAS,POR,WAS,-1.5,237.5,18004,19441
872,02/15/2023,SAS,CHA,CHA,-5.5,243.5,14155,19077
873,02/15/2023,CHI,IND,IND,-2.5,228.5,15599,17923
874,02/15/2023,CLE,PHI,PHI,-1.5,217.5,21134,19746
875,02/15/2023,NYK,ATL,ATL,-3.5,234.5,17771,16888
876,02/15/2023,DET,BOS,BOS,-11.5,227.5,19156,19156
877,02/15/2023,MIA,BKN,BKN,-1.5,211.5,17963,17732
878,02/15/2023,UTA,MEM,MEM,-11.5,237.5,16748,18400
879,02/15/2023,HOU,OKC,OKC,-9.5,235.5,14988,18203
880,02/15/2023,DAL,DEN,DEN,-5.5,228.5,19627,19520
881,02/15/2023,NOP,LAL,LAL,-4.5,235.5,18997,19068
882,02/16/2023,MIL,CHI,MIL,-7.5,229.5,20308,20917
883,02/16/2023,WAS,MIN,MIN,-3.5,233.5,17136,18024
884,02/16/2023,LAC,PHX,PHX,-0.5,222.5,17071,17071
885,02/23/2023,DEN,CLE,CLE,-2.5,223.5,19432,19432
886,02/23/2023,BOS,IND,BOS,-7.5,233.5,16125,17923
887,02/23/2023,DET,ORL,ORL,-7.5,229.5,18846,18500
888,02/23/2023,MEM,PHI,PHI,-3.5,232.5,21205,19746
889,02/23/2023,NOP,TOR,TOR,-4.5,227.5,19800,19800
890,02/23/2023,SAS,DAL,DAL,-14.5,239.5,20287,19200
891,02/23/2023,OKC,UTA,UTA,-0.5,239.5,18206,18206
892,02/23/2023,GSW,LAL,LAL,-5.5,238.5,18997,19068
893,02/23/2023,POR,SAC,SAC,-10.5,234.5,18041,17611
894,02/24/2023,NYK,WAS,WAS,-0.5,227.5,20476,20600
895,02/24/2023,CLE,ATL,ATL,-0.5,228.5,18065,16888
896,02/24/2023,MIA,MIL,MIL,-5.5,223.5,17676,17341
897,02/24/2023,CHA,MIN,MIN,-6.5,240.5,17136,18024
898,02/24/2023,OKC,PHX,PHX,-8.5,227.5,17071,17071
899,02/24/2023,BKN,CHI,CHI,-1.5,222.5,21286,20917
900,02/24/2023,HOU,GSW,GSW,-8.5,230.5,18064,18064
901,02/24/2023,SAC,LAC,LAC,-6.5,238.5,19068,19068
902,02/25/2023,TOR,DET,TOR,-7.5,228.5,20190,20332
903,02/25/2023,MIA,CHA,MIA,-5.5,228.5,19109,19077
904,02/25/2023,IND,ORL,ORL,-2.5,230.5,19231,18500
905,02/25/2023,NOP,NYK,NYK,-3.5,223.5,19812,19763
906,02/25/2023,DEN,MEM,MEM,-2.5,235.5,18302,18400
907,02/25/2023,BOS,PHI,PHI,-0.5,225.5,20993,19746
908,02/25/2023,SAS,UTA,UTA,-10.5,240.5,18206,18206
909,02/26/2023,PHX,MIL,MIL,-3.5,231.5,17636,17341
910,02/26/2023,BKN,ATL,ATL,-5.5,233.5,16983,16888
911,02/26/2023,WAS,CHI,CHI,-5.5,223.5,21106,20917
912,02/26/2023,LAL,DAL,DAL,-4.5,237.5,20411,19200
913,02/26/2023,TOR,CLE,CLE,-7.5,218.5,19432,19432
914,02/26/2023,SAC,OKC,SAC,-4.5,239.5,15147,18203
915,02/26/2023,MIN,GSW,GSW,-2.5,236.5,18064,18064
916,02/26/2023,HOU,POR,POR,-9.5,230.5,19215,19441
917,02/26/2023,LAC,DEN,DEN,-4.5,236.5,19689,19520
918,02/27/2023,DET,CHA,CHA,-6.5,234.5,14184,19077
919,02/27/2023,MIA,PHI,PHI,-5.5,217.5,20859,19746
920,02/27/2023,BOS,NYK,BOS,-1.5,224.5,19812,19763
921,02/27/2023,ORL,NOP,NOP,-4.5,228.5,16038,16867
922,02/28/2023,WAS,ATL,ATL,-7.5,233.5,17395,16888
923,02/28/2023,MIL,BKN,MIL,-6.5,231.5,17732,17732
924,02/28/2023,CHI,TOR,TOR,-4.5,219.5,19800,19800
925,02/28/2023,DEN,HOU,DEN,-12.5,232.5,15368,18055
926,02/28/2023,LAL,MEM,MEM,-8.5,230.5,17794,18400
927,02/28/2023,SAC,OKC,SAC,-2.5,231.5,13353,18203
928,02/28/2023,IND,DAL,DAL,-8.5,235.5,20277,19200
929,02/28/2023,SAS,UTA,UTA,-9.5,235.5,18206,18206
930,02/28/2023,POR,GSW,GSW,-4.5,234.5,18064,18064
931,02/28/2023,MIN,LAC,LAC,-6.5,232.5,17022,19068
932,03/1/2023,PHX,CHA,PHX,-10.5,229.5,19137,19077
933,03/1/2023,CHI,DET,CHI,-6.5,222.5,18098,20332
934,03/1/2023,CLE,BOS,BOS,-4.5,218.5,19156,19156
935,03/1/2023,PHI,MIA,MIA,-3.5,215.5,19600,19600
936,03/1/2023,BKN,NYK,NYK,-7.5,223.5,19812,19763
937,03/1/2023,MEM,HOU,MEM,-10.5,231.5,15919,18055
938,03/1/2023,ORL,MIL,MIL,-8.5,228.5,17354,17341
939,03/1/2023,LAL,OKC,OKC,-3.5,229.5,17114,18203
940,03/1/2023,NOP,POR,POR,-3.5,233.5,18566,19441
941,03/2/2023,TOR,WAS,TOR,-1.5,221.5,14643,20600
942,03/2/2023,PHI,DAL,DAL,-2.5,229.5,20002,19200
943,03/2/2023,IND,SAS,IND,-4.5,234.5,14617,18354
944,03/2/2023,LAC,GSW,LAC,-2.5,231.5,18064,18064
945,03/3/2023,ORL,CHA,ORL,-3.5,225.5,16683,19077
946,03/3/2023,POR,ATL,ATL,-6.5,241.5,17521,16888
947,03/3/2023,BKN,BOS,BOS,-10.5,227.5,19156,19156
948,03/3/2023,NYK,MIA,MIA,-1.5,216.5,19600,19600
949,03/3/2023,PHX,CHI,PHX,-3.5,223.5,21169,20917
950,03/3/2023,UTA,OKC,OKC,-0.5,230.5,16538,18203
951,03/3/2023,MEM,DEN,DEN,-5.5,234.5,19641,19520
952,03/3/2023,NOP,GSW,GSW,-5.5,231.5,18064,18064
953,03/3/2023,LAC,SAC,SAC,-6.5,239.5,18111,17611
954,03/3/2023,MIN,LAL,MIN,-1.5,227.5,18997,19068
955,03/4/2023,TOR,WAS,TOR,-2.5,222.5,18174,20600
956,03/4/2023,DET,CLE,CLE,-16.5,220.5,19432,19432
957,03/4/2023,ATL,MIA,MIA,-2.5,227.5,19600,19600
958,03/4/2023,HOU,SAS,HOU,-1.5,230.5,18354,18354
959,03/4/2023,PHI,MIL,MIL,-4.5,232.5,18100,17341
960,03/4/2023,MIN,SAC,SAC,-3.5,237.5,18111,17611
961,03/5/2023,PHX,DAL,PHX,-1.5,233.5,20311,19200
962,03/5/2023,IND,CHI,CHI,-5.5,227.5,21225,20917
963,03/5/2023,GSW,LAL,GSW,-4.5,234.5,18997,19068
964,03/5/2023,CHA,BKN,BKN,-7.5,229.5,17921,17732
965,03/5/2023,POR,ORL,ORL,-2.5,231.5,18846,18500
966,03/5/2023,SAS,HOU,HOU,-4.5,232.5,16721,18055
967,03/5/2023,UTA,OKC,OKC,-6.5,236.5,14778,18203
968,03/5/2023,NYK,BOS,BOS,-6.5,225.5,19156,19156
969,03/5/2023,MEM,LAC,LAC,-7.5,228.5,19068,19068
970,03/6/2023,BOS,CLE,CLE,-7.5,219.5,19432,19432
971,03/6/2023,PHI,IND,PHI,-6.5,233.5,15008,17923
972,03/5/2023,MIL,WAS,MIL,-5.5,229.5,18746,20600
973,03/6/2023,ATL,MIA,MIA,-2.5,229.5,19600,19600
974,03/6/2023,TOR,DEN,DEN,-6.5,228.5,19520,19520
975,03/6/2023,NOP,SAC,SAC,-4.5,234.5,17708,17611
976,03/6/2023,POR,DET,POR,-4.5,230.5,16989,20332
977,03/7/2023,MIL,ORL,MIL,-2.5,228.5,16110,18500
978,03/7/2023,CHA,NYK,NYK,-9.5,225.5,19812,19763
979,03/7/2023,PHI,MIN,MIN,-3.5,228.5,17136,18024
980,03/7/2023,BKN,HOU,BKN,-6.5,230.5,14833,18055
981,03/7/2023,GSW,OKC,GSW,-4.5,243.5,16142,18203
982,03/7/2023,UTA,DAL,DAL,-10.5,235.5,20277,19200
983,03/7/2023,MEM,LAL,MEM,-1.5,225.5,18997,19068
984,03/8/2023,ATL,WAS,ATL,-3.5,237.5,15087,20600
985,03/8/2023,POR,BOS,BOS,-9.5,230.5,19156,19156
986,03/8/2023,CLE,MIA,CLE,-1.5,215.5,19600,19600
987,03/8/2023,DAL,NOP,DAL,-2.5,233.5,17473,16867
988,03/8/2023,CHI,DEN,DEN,-8.5,225.5,19896,19520
989,03/8/2023,OKC,PHX,PHX,-11.5,232.5,17071,17071
990,03/8/2023,TOR,LAC,LAC,-2.5,229.5,17397,19068
991,03/9/2023,CHA,DET,CHA,-3.5,225.5,17121,20332
992,03/9/2023,HOU,IND,IND,-9.5,236.5,16027,17923
993,03/9/2023,UTA,ORL,ORL,-4.5,233.5,16552,18500
994,03/9/2023,BKN,MIL,MIL,-9.5,233.5,17341,17341
995,03/9/2023,GSW,MEM,GSW,-2.5,236.5,17794,18400
996,03/9/2023,NYK,SAC,SAC,-0.5,241.5,18068,17611
997,03/10/2023,POR,PHI,PHI,-8.5,234.5,21001,19746
998,03/10/2023,ATL,WAS,ATL,-1.5,237.5,18161,20600
999,03/10/2023,CLE,MIA,MIA,-2.5,211.5,19757,19600
1000,03/10/2023,BKN,MIN,MIN,-4.5,226.5,17136,18024
1001,03/10/2023,DEN,SAS,DEN,-12.5,237.5,18354,18354
1002,03/10/2023,TOR,LAL,TOR,-2.5,224.5,18322,19068
1003,03/11/2023,NYK,LAC,LAC,-5.5,227.5,19068,19068
1004,03/11/2023,UTA,CHA,UTA,-1.5,228.5,17221,19077
1005,03/11/2023,IND,DET,IND,-3.5,229.5,20190,20332
1006,03/11/2023,MIA,ORL,MIA,-3.5,222.5,17347,18500
1007,03/11/2023,BOS,ATL,BOS,-4.5,238.5,17884,16888
1008,03/11/2023,CHI,HOU,CHI,-6.5,223.5,18055,18055
1009,03/11/2023,DAL,MEM,MEM,-7.5,221.5,17794,18400
1010,03/11/2023,OKC,NOP,NOP,-1.5,232.5,17606,16867
1011,03/11/2023,MIL,GSW,GSW,-3.5,240.5,18064,18064
1012,03/11/2023,SAC,PHX,PHX,-3.5,239.5,17071,17071
1013,03/12/2023,BKN,DEN,DEN,-9.5,229.5,19739,19520
1014,03/12/2023,CLE,CHA,CLE,-9.5,220.5,17342,19077
1015,03/12/2023,WAS,PHI,PHI,-7.5,227.5,21220,19746
1016,03/12/2023,POR,NOP,NOP,-2.5,222.5,16676,16867
1017,03/12/2023,OKC,SAS,OKC,-3.5,236.5,17314,18354
1018,03/12/2023,NYK,LAL,LAL,-2.5,226.5,18997,19068
1019,03/13/2023,IND,DET,IND,-4.5,226.5,18313,20332
1020,03/13/2023,MIN,ATL,ATL,-5.5,241.5,17799,16888
1021,03/13/2023,UTA,MIA,MIA,-7.5,225.5,19721,19600
1022,03/13/2023,MEM,DAL,MEM,-4.5,220.5,20303,19200
1023,03/13/2023,BOS,HOU,BOS,-13.5,231.5,18055,18055
1024,03/13/2023,PHX,GSW,GSW,-4.5,235.5,18064,18064
1025,03/13/2023,MIL,SAC,MIL,-3.5,246.5,18111,17611
1026,03/14/2023,CLE,CHA,CLE,-5.5,218.5,14690,19077
1027,03/14/2023,DET,WAS,WAS,-12.5,221.5,15279,20600
1028,03/14/2023,DEN,TOR,DEN,-1.5,228.5,19800,19800
1029,03/14/2023,LAL,NOP,NOP,-1.5,228.5,18625,16867
1030,03/14/2023,BKN,OKC,OKC,-1.5,232.5,16976,18203
1031,03/14/2023,ORL,SAS,ORL,-6.5,232.5,13708,18354
1032,03/14/2023,MIL,PHX,MIL,-1.5,231.5,17071,17071
1033,03/14/2023,NYK,POR,NYK,-3.5,229.5,19488,19441
1034,03/15/2023,PHI,CLE,PHI,-2.5,222.5,19432,19432
1035,03/15/2023,MEM,MIA,MIA,-4.5,219.5,19794,19600
1036,03/15/2023,SAC,CHI,SAC,-1.5,237.5,21886,20917
1037,03/15/2023,LAL,HOU,LAL,-2.5,233.5,18055,18055
1038,03/15/2023,BOS,MIN,BOS,-4.5,231.5,17136,18024
1039,03/15/2023,DAL,SAS,DAL,-3.5,226.5,18354,18354
1040,03/15/2023,GSW,LAC,LAC,-3.5,237.5,19068,19068
1041,03/16/2023,DEN,DET,DEN,-14.5,230.5,17987,20332
1042,03/16/2023,SAC,BKN,BKN,-3.5,237.5,18172,17732
1043,03/16/2023,OKC,TOR,TOR,-6.5,230.5,19800,19800
1044,03/16/2023,IND,MIL,MIL,-11.5,236.5,17797,17341
1045,03/16/2023,ORL,PHX,PHX,-7.5,228.5,17071,17071
1046,03/17/2023,PHI,CHA,PHI,-10.5,228.5,19096,19077
1047,03/17/2023,GSW,ATL,ATL,-3.5,247.5,18201,16888
1048,03/17/2023,WAS,CLE,CLE,-4.5,220.5,19432,19432
1049,03/17/2023,MIN,CHI,CHI,-2.5,221.5,20109,20917
1050,03/17/2023,NOP,HOU,NOP,-5.5,228.5,15841,18055
1051,03/17/2023,MEM,SAS,MEM,-8.5,234.5,15221,18354
1052,03/17/2023,BOS,POR,BOS,-6.5,234.5,19393,19441
1053,03/17/2023,DAL,LAL,LAL,-3.5,231.5,18997,19068
1054,03/18/2023,DEN,NYK,NYK,-0.5,231.5,19812,19763
1055,03/18/2023,ORL,LAC,LAC,-5.5,231.5,17533,19068
1056,03/18/2023,PHI,IND,PHI,-5.5,230.5,17274,17923
1057,03/18/2023,MIN,TOR,TOR,-9.5,222.5,19800,19800
1058,03/18/2023,SAC,WAS,SAC,-4.5,234.5,18529,20600
1059,03/18/2023,MIA,CHI,MIA,-2.5,216.5,20094,20917
1060,03/18/2023,GSW,MEM,MEM,-0.5,235.5,18396,18400
1061,03/18/2023,BOS,UTA,BOS,-4.5,233.5,18206,18206
1062,03/19/2023,DEN,BKN,DEN,-3.5,228.5,18235,17732
1063,03/19/2023,PHX,OKC,OKC,-1.5,234.5,17897,18203
1064,03/19/2023,ATL,SAS,ATL,-9.5,245.5,16311,18354
1065,03/19/2023,MIA,DET,MIA,-10.5,218.5,20190,20332
1066,03/19/2023,NOP,HOU,NOP,-5.5,226.5,14209,18055
1067,03/19/2023,TOR,MIL,MIL,-7.5,234.5,17341,17341
1068,03/19/2023,LAC,POR,LAC,-4.5,236.5,18714,19441
1069,03/19/2023,ORL,LAL,LAL,-6.5,230.5,18997,19068
1070,03/20/2023,IND,CHA,IND,-1.5,234.5,12449,19077
1071,03/20/2023,CHI,PHI,PHI,-7.5,226.5,21145,19746
1072,03/20/2023,MIN,NYK,NYK,-9.5,228.5,19812,19763
1073,03/20/2023,GSW,HOU,GSW,-11.5,234.5,16116,18055
1074,03/20/2023,DAL,MEM,MEM,-4.5,226.5,17794,18400
1075,03/20/2023,SAC,UTA,SAC,-6.5,239.5,18206,18206
1076,03/21/2023,WAS,ORL,ORL,-1.5,223.5,16096,18500
1077,03/21/2023,DET,ATL,ATL,-13.5,237.5,17129,16888
1078,03/21/2023,CLE,BKN,CLE,-3.5,218.5,17732,17732
1079,03/21/2023,SAS,NOP,NOP,-13.5,230.5,15466,16867
1080,03/21/2023,BOS,SAC,BOS,-5.5,238.5,18111,17611
1081,03/21/2023,OKC,LAC,LAC,-6.5,237.5,19068,19068
1082,03/22/2023,DEN,WAS,DEN,-8.5,224.5,16508,20600
1083,03/22/2023,NYK,MIA,MIA,-2.5,222.5,19863,19600
1084,03/22/2023,IND,TOR,TOR,-8.5,231.5,19800,19800
1085,03/22/2023,GSW,DAL,GSW,-3.5,237.5,20377,19200
1086,03/22/2023,PHI,CHI,PHI,-1.5,220.5,20946,20917
1087,03/22/2023,HOU,MEM,MEM,-12.5,232.5,17794,18400
1088,03/22/2023,SAS,MIL,MIL,-18.5,237.5,17756,17341
1089,03/22/2023,ATL,MIN,MIN,-3.5,241.5,17136,18024
1090,03/22/2023,POR,UTA,UTA,-5.5,235.5,[],[]
1091,03/22/2023,PHX,LAL,LAL,-1.5,227.5,18435,19068
1092,03/23/2023,NYK,ORL,NYK,-2.5,225.5,17607,18500
1093,03/23/2023,CLE,BKN,CLE,-3.5,219.5,17732,17732
1094,03/23/2023,CHA,NOP,NOP,-9.5,225.5,15749,16867
1095,03/23/2023,OKC,LAC,LAC,-4.5,231.5,17307,19068
1096,03/24/2023,IND,BOS,BOS,-10.5,236.5,19156,19156
1097,03/24/2023,SAS,WAS,WAS,-8.5,228.5,17004,20600
1098,03/24/2023,DET,TOR,TOR,-13.5,224.5,19800,19800
1099,03/24/2023,HOU,MEM,MEM,-12.5,234.5,17851,18400
1100,03/24/2023,CHA,DAL,DAL,-16.5,228.5,20347,19200
1101,03/24/2023,MIL,UTA,MIL,-9.5,235.5,18206,18206
1102,03/24/2023,PHI,GSW,GSW,-4.5,233.5,18064,18064
1103,03/24/2023,CHI,POR,CHI,-6.5,219.5,19393,19441
1104,03/24/2023,PHX,SAC,SAC,-4.5,238.5,18151,17611
1105,03/24/2023,OKC,LAL,LAL,-3.5,231.5,18997,19068
1106,03/25/2023,IND,ATL,ATL,-9.5,248.5,17699,16888
1107,03/25/2023,BKN,MIA,MIA,-5.5,221.5,19680,19600
1108,03/25/2023,MIL,DEN,DEN,-3.5,237.5,19919,19520
1109,03/25/2023,PHI,PHX,PHX,-1.5,224.5,17071,17071
1110,03/25/2023,UTA,SAC,SAC,-9.5,234.5,18151,17611
1111,03/25/2023,NOP,LAC,LAC,-5.5,224.5,17702,19068
1112,03/26/2023,DAL,CHA,DAL,-12.5,230.5,19264,19077
1113,03/26/2023,CHI,LAL,LAL,-5.5,223.5,18997,19068
1114,03/26/2023,MEM,ATL,MEM,-2.5,247.5,18056,16888
1115,03/26/2023,SAS,BOS,BOS,-17.5,232.5,19156,19156
1116,03/26/2023,HOU,CLE,CLE,-13.5,228.5,19432,19432
1117,03/26/2023,BKN,ORL,ORL,-1.5,225.5,17862,18500
1118,03/26/2023,WAS,TOR,TOR,-9.5,219.5,19800,19800
1119,03/26/2023,OKC,POR,OKC,-10.5,232.5,18626,19441
1120,03/26/2023,MIN,GSW,GSW,-5.5,241.5,18064,18064
1121,03/27/2023,MIL,DET,MIL,-11.5,226.5,21090,20332
1122,03/27/2023,DAL,IND,DAL,-7.5,237.5,17022,17923
1123,03/27/2023,HOU,NYK,NYK,-12.5,229.5,19812,19763
1124,03/27/2023,PHX,UTA,PHX,-4.5,234.5,18206,18206
1125,03/27/2023,PHI,DEN,DEN,-9.5,227.5,19781,19520
1126,03/27/2023,NOP,POR,NOP,-11.5,227.5,17943,19441
1127,03/27/2023,MIN,SAC,SAC,-5.5,240.5,18151,17611
1128,03/27/2023,CHI,LAC,LAC,-4.5,220.5,19068,19068
1129,03/28/2023,BOS,WAS,BOS,-10.5,222.5,20476,20600
1130,03/28/2023,CLE,ATL,ATL,-3.5,239.5,17748,16888
1131,03/28/2023,MIA,TOR,TOR,-5.5,218.5,19800,19800
1132,03/28/2023,ORL,MEM,MEM,-6.5,229.5,16507,18400
1133,03/28/2023,CHA,OKC,OKC,-9.5,226.5,15428,18203
1134,03/28/2023,NOP,GSW,GSW,-8.5,234.5,18064,18064
1135,03/29/2023,MIL,IND,MIL,-12.5,236.5,16524,17923
1136,03/29/2023,HOU,BKN,BKN,-10.5,231.5,17074,17732
1137,03/29/2023,MIA,NYK,NYK,-5.5,225.5,19812,19763
1138,03/29/2023,DAL,PHI,PHI,-5.5,232.5,20583,19746
1139,03/29/2023,LAL,CHI,LAL,-3.5,228.5,21739,20917
1140,03/29/2023,LAC,MEM,MEM,-1.5,231.5,16775,18400
1141,03/29/2023,DET,OKC,OKC,-9.5,227.5,15047,18203
1142,03/29/2023,UTA,SAS,UTA,-2.5,234.5,18354,18354
1143,03/29/2023,MIN,PHX,PHX,-5.5,232.5,17071,17071
1144,03/29/2023,SAC,POR,SAC,-14.5,235.5,18550,19441
1145,03/30/2023,BOS,MIL,MIL,-2.5,237.5,18073,17341
1146,03/30/2023,NOP,DEN,DEN,-0.5,224.5,19728,19520
1147,03/31/2023,CHI,CHA,CHI,-11.5,223.5,18768,19077
1148,03/31/2023,OKC,IND,OKC,-5.5,243.5,16506,17923
1149,03/31/2023,TOR,PHI,PHI,-3.5,223.5,20993,19746
1150,03/31/2023,ORL,WAS,ORL,-5.5,224.5,16411,20600
1151,03/31/2023,UTA,BOS,BOS,-13.5,232.5,19156,19156
1152,03/31/2023,ATL,BKN,ATL,-1.5,240.5,17849,17732
1153,03/31/2023,NYK,CLE,CLE,-3.5,220.5,19432,19432
1154,03/31/2023,DET,HOU,HOU,-6.5,228.5,15844,18055
1155,03/31/2023,LAC,MEM,MEM,-5.5,236.5,16376,18400
1156,03/31/2023,LAL,MIN,LAL,-1.5,232.5,18978,18024
1157,03/31/2023,SAS,GSW,GSW,-17.5,241.5,18064,18064
1158,03/31/2023,SAC,POR,SAC,-14.5,230.5,18389,19441
1159,03/31/2023,DEN,PHX,PHX,-12.5,224.5,17071,17071
1160,04/1/2023,DAL,MIA,DAL,-2.5,224.5,20011,19600
1161,04/1/2023,LAC,NOP,NOP,-4.5,227.5,18399,16867
1162,04/2/2023,TOR,CHA,TOR,-15.5,218.5,16052,19077
1163,04/2/2023,UTA,BKN,BKN,-7.5,230.5,17732,17732
1164,04/2/2023,MEM,CHI,CHI,-0.5,227.5,20944,20917
1165,04/2/2023,POR,MIN,MIN,-19.5,223.5,18978,18024
1166,04/2/2023,DAL,ATL,ATL,-3.5,245.5,17678,16888
1167,04/2/2023,WAS,NYK,NYK,-11.5,221.5,19812,19763
1168,04/2/2023,DET,ORL,ORL,-11.5,224.5,19431,18500
1169,04/2/2023,SAS,SAC,SAC,-16.5,243.5,18183,17611
1170,04/2/2023,LAL,HOU,LAL,-12.5,235.5,18204,18055
1171,04/2/2023,PHX,OKC,PHX,-5.5,236.5,17981,18203
1172,04/2/2023,IND,CLE,CLE,-12.5,231.5,19432,19432
1173,04/2/2023,PHI,MIL,MIL,-4.5,235.5,17532,17341
1174,04/2/2023,GSW,DEN,GSW,-3.5,230.5,19752,19520
1175,04/4/2023,TOR,CHA,TOR,-15.5,222.5,14965,19077
1176,04/4/2023,MIA,DET,MIA,-13.5,216.5,18453,20332
1177,04/4/2023,CLE,ORL,CLE,-3.5,222.5,19449,18500
1178,04/4/2023,MIL,WAS,MIL,-14.5,230.5,19098,20600
1179,04/4/2023,MIN,BKN,MIN,-3.5,224.5,17893,17732
1180,04/4/2023,BOS,PHI,PHI,-3.5,226.5,21104,19746
1181,04/4/2023,ATL,CHI,CHI,-5.5,227.5,21717,20917
1182,04/4/2023,DEN,HOU,DEN,-11.5,233.5,16924,18055
1183,04/4/2023,POR,MEM,MEM,-19.5,232.5,17558,18400
1184,04/4/2023,SAC,NOP,NOP,-4.5,235.5,15799,16867
1185,04/4/2023,LAL,UTA,LAL,-11.5,234.5,18206,18206
1186,04/4/2023,OKC,GSW,GSW,-7.5,241.5,18064,18064
1187,04/4/2023,SAS,PHX,PHX,-19.5,235.5,17071,17071
1188,04/5/2023,BKN,DET,BKN,-11.5,217.5,18313,20332
1189,04/5/2023,NYK,IND,NYK,-4.5,229.5,16789,17923
1190,04/5/2023,WAS,ATL,ATL,-13.5,235.5,17727,16888
1191,04/5/2023,TOR,BOS,TOR,-1.5,223.5,19156,19156
1192,04/5/2023,CHI,MIL,MIL,-5.5,230.5,17679,17341
1193,04/5/2023,MEM,NOP,NOP,-6.5,226.5,17232,16867
1194,04/5/2023,SAC,DAL,DAL,-6.5,242.5,20271,19200
1195,04/5/2023,LAL,LAC,LAL,-1.5,230.5,19068,19068
1196,04/6/2023,CLE,ORL,ORL,-5.5,214.5,19235,18500
1197,04/6/2023,MIA,PHI,PHI,-1.5,219.5,21178,19746
1198,04/6/2023,POR,SAS,SAS,-5.5,227.5,16023,10763
1199,04/6/2023,OKC,UTA,OKC,-7.5,239.5,18206,18206
1200,04/6/2023,DEN,PHX,PHX,-13.5,222.5,17071,17071
1201,04/7/2023,HOU,CHA,HOU,-5.5,230.5,19102,19077
1202,04/7/2023,DET,IND,IND,-6.5,232.5,17274,17923
1203,04/7/2023,MIA,WAS,MIA,-4.5,217.5,20476,20600
1204,04/7/2023,PHI,ATL,ATL,-12.5,235.5,17627,16888
1205,04/7/2023,TOR,BOS,TOR,-1.5,222.5,19156,19156
1206,04/7/2023,ORL,BKN,BKN,-9.5,221.5,18177,17732
1207,04/7/2023,MEM,MIL,MEM,-8.5,230.5,18010,17341
1208,04/7/2023,NYK,NOP,NOP,-8.5,223.5,18656,16867
1209,04/7/2023,CHI,DAL,DAL,-1.5,217.5,20313,19200
1210,04/7/2023,GSW,SAC,GSW,-10.5,233.5,18253,17611
1211,04/7/2023,PHX,LAL,LAL,-13.5,224.5,18997,19068
1212,04/8/2023,DEN,UTA,DEN,-10.5,229.5,18206,18206
1213,04/8/2023,MIN,SAS,MIN,-15.5,234.5,16148,10763
1214,04/8/2023,POR,LAC,LAC,-16.5,230.5,19068,19068
1215,04/9/2023,ATL,BOS,BOS,-4.5,224.5,19156,19156
1216,04/9/2023,PHI,BKN,BKN,-1.5,218.5,17732,17732
1217,04/9/2023,CHA,CLE,CLE,-5.5,214.5,19432,19432
1218,04/9/2023,ORL,MIA,MIA,-5.5,217.5,19894,19600
1219,04/9/2023,IND,NYK,NYK,-9.5,231.5,19812,19763
1220,04/9/2023,MIL,TOR,TOR,-3.5,221.5,19800,19800
1221,04/9/2023,HOU,WAS,HOU,-4.5,231.5,15233,20600
1222,04/9/2023,DET,CHI,CHI,-8.5,219.5,21530,20917
1223,04/9/2023,SAS,DAL,DAL,-3.5,231.5,20141,19200
1224,04/9/2023,NOP,MIN,MIN,-3.5,226.5,18978,18024
1225,04/9/2023,MEM,OKC,OKC,-2.5,229.5,16601,18203
1226,04/9/2023,SAC,DEN,SAC,-5.5,230.5,19652,19520
1227,04/9/2023,UTA,LAL,LAL,-16.5,234.5,18997,19068
1228,04/9/2023,LAC,PHX,LAC,-9.5,225.5,17071,17071
1229,04/9/2023,GSW,POR,GSW,-17.5,234.5,19731,19441
