,Date,Home,Away,Favorite,Spread,Attendance,Capacity
0,10/18/2022,BOS,PHI,BOS,-3.0,19156,19156
1,10/18/2022,GS,LAL,GS,-7.5,18064,18064
2,10/19/2022,DET,ORL,DET,-2.5,20190,20332
3,10/19/2022,IND,WSH,WSH,-1.0,15027,17923
4,10/19/2022,ATL,HOU,ATL,-10.0,17878,16888
5,10/19/2022,BKN,NO,BKN,-2.5,18003,17732
6,10/19/2022,MIA,CHI,MIA,-7.5,19600,19600
7,10/19/2022,TOR,CLE,TOR,-2.5,19800,19800
8,10/19/2022,MEM,NY,MEM,-4.0,18202,18400
9,10/19/2022,MIN,OKC,MIN,-10.5,17136,19356
10,10/19/2022,SA,CHA,EVEN,0,16236,18354
11,10/19/2022,UTAH,DEN,DEN,-7.0,18206,18206
12,10/19/2022,PHX,DAL,PHX,-4.0,17071,17071
13,10/19/2022,SAC,POR,SAC,-3.0,17611,17611
14,10/20/2022,PHI,MIL,PHI,-4.0,20060,21000
15,10/20/2022,LAL,LAC,LAC,-5.0,18997,19068
16,10/21/2022,CHA,NO,NO,-6.5,19287,19077
17,10/21/2022,IND,SA,IND,-1.0,12073,17923
18,10/21/2022,WSH,CHI,WSH,-2.0,20476,20600
19,10/21/2022,ATL,ORL,ATL,-9.0,17822,16888
20,10/21/2022,BKN,TOR,BKN,-2.5,17732,17732
21,10/21/2022,MIA,BOS,BOS,-2.0,19600,19600
22,10/21/2022,NY,DET,NY,-7.0,19812,19763
23,10/21/2022,HOU,MEM,MEM,-7.0,18055,18055
24,10/21/2022,MIN,UTAH,MIN,-8.0,17136,19356
25,10/21/2022,GS,DEN,GS,-5.5,18064,18064
26,10/21/2022,POR,PHX,PHX,-5.0,19393,19441
27,10/22/2022,PHI,SA,PHI,-13.5,19822,21000
28,10/22/2022,IND,DET,DET,-1.5,16056,17923
29,10/22/2022,ORL,BOS,BOS,-8.5,19299,18500
30,10/22/2022,MIA,TOR,MIA,-3.0,19600,19600
31,10/22/2022,CHI,CLE,CLE,-2.0,21089,20917
32,10/22/2022,MIL,HOU,MIL,-13.0,17341,17341
33,10/22/2022,DAL,MEM,DAL,-5.5,20377,19200
34,10/22/2022,DEN,OKC,DEN,-9.0,19983,19520
35,10/22/2022,SAC,LAC,LAC,-2.5,16296,17611
36,10/23/2022,LAL,POR,LAL,-3.5,18997,19068
37,10/23/2022,ATL,CHA,ATL,-10.0,17383,16888
38,10/23/2022,CLE,WSH,CLE,-3.5,19432,19432
39,10/23/2022,NO,UTAH,NO,-9.0,18665,16867
40,10/23/2022,OKC,MIN,MIN,-8.0,15044,18203
41,10/23/2022,GS,SAC,GS,-10.0,18064,18064
42,10/23/2022,LAC,PHX,PHX,-1.0,19068,19068
43,10/24/2022,PHI,IND,PHI,-12.5,19786,21000
44,10/24/2022,MIA,TOR,MIA,-3.5,19600,19600
45,10/24/2022,NY,ORL,NY,-7.5,18800,19763
46,10/24/2022,CHI,BOS,BOS,-6.0,17673,20917
47,10/24/2022,HOU,UTAH,UTAH,-2.0,16260,18055
48,10/24/2022,MEM,BKN,MEM,-1.0,17392,18400
49,10/24/2022,MIN,SA,MIN,-8.5,15347,19356
50,10/24/2022,POR,DEN,DEN,-5.0,18111,19441
51,10/25/2022,WSH,DET,WSH,-5.5,13196,20600
52,10/25/2022,NO,DAL,DAL,-5.0,14020,16867
53,10/25/2022,OKC,LAC,LAC,-5.5,13105,18203
54,10/25/2022,PHX,GS,PHX,-1.5,[],[]
55,10/26/2022,CLE,ORL,CLE,-8.5,[],[]
56,10/26/2022,DET,ATL,ATL,-7.5,17987,20332
57,10/26/2022,NY,CHA,NY,-7.5,19812,19763
58,10/26/2022,TOR,PHI,PHI,-2.0,19800,19800
59,10/26/2022,MIL,BKN,MIL,-3.5,17341,17341
60,10/26/2022,CHI,IND,CHI,-7.0,18306,20917
61,10/26/2022,MIN,SA,MIN,-9.5,16165,19356
62,10/26/2022,UTAH,HOU,UTAH,-8.5,18206,18206
63,10/26/2022,DEN,LAL,DEN,-5.0,19520,19520
64,10/26/2022,POR,MIA,MIA,-3.0,18588,19441
65,10/27/2022,BKN,DAL,DAL,-3.0,18039,17732
66,10/27/2022,OKC,LAC,LAC,-6.5,14510,18203
67,10/27/2022,GS,MIA,GS,-5.5,18064,18064
68,10/27/2022,SAC,MEM,MEM,-3.0,15511,17611
69,10/28/2022,DET,ATL,ATL,-6.5,18923,20332
70,10/28/2022,ORL,CHA,CHA,-1.5,18846,18500
71,10/28/2022,BOS,CLE,BOS,-7.0,19156,19156
72,10/28/2022,TOR,PHI,TOR,-2.5,19800,19800
73,10/28/2022,WSH,IND,WSH,-5.0,13463,20600
74,10/28/2022,MIL,NY,MIL,-6.0,17341,17341
75,10/28/2022,MIN,LAL,MIN,-7.0,17136,19356
76,10/28/2022,SA,CHI,CHI,-4.0,16562,18354
77,10/28/2022,DEN,UTAH,DEN,-7.5,19560,19520
78,10/28/2022,PHX,NO,PHX,-8.0,17071,17071
79,10/28/2022,POR,HOU,POR,-4.0,19082,19441
80,10/29/2022,SAC,MIA,MIA,-4.5,14618,17611
81,10/29/2022,CHA,GS,GS,-10.0,19079,19077
82,10/29/2022,BKN,IND,BKN,-11.0,17732,17732
83,10/29/2022,CHI,PHI,PHI,-3.0,19010,20917
84,10/29/2022,MIL,ATL,MIL,-5.5,17341,17341
85,10/29/2022,DAL,OKC,DAL,-10.5,20307,19200
86,10/29/2022,UTAH,MEM,MEM,-3.0,18206,18206
87,10/30/2022,LAC,NO,LAC,-2.0,18142,19068
88,10/30/2022,BOS,WSH,BOS,-9.0,19156,19156
89,10/30/2022,CLE,NY,CLE,-3.5,19432,19432
90,10/30/2022,DET,GS,GS,-7.0,20190,20332
91,10/30/2022,SA,MIN,MIN,-6.0,15053,18354
92,10/30/2022,DAL,ORL,DAL,-9.0,20042,19200
93,10/30/2022,PHX,HOU,PHX,-12.5,17071,17071
94,10/30/2022,LAL,DEN,DEN,-2.5,18997,19068
95,10/31/2022,CHA,SAC,SAC,-3.0,12020,19077
96,10/31/2022,WSH,PHI,PHI,-4.0,13746,20600
97,10/31/2022,BKN,IND,BKN,-7.5,15770,17732
98,10/31/2022,TOR,ATL,TOR,-3.0,19800,19800
99,10/31/2022,MIL,DET,MIL,-13.0,17341,17341
100,10/31/2022,UTAH,MEM,MEM,-2.5,18206,18206
101,10/31/2022,LAC,HOU,LAC,-8.5,14887,19068
102,11/1/2022,BKN,CHI,BKN,-1.5,17732,17732
103,11/1/2022,MIA,GS,MIA,-1.0,19600,19600
104,11/1/2022,OKC,ORL,OKC,-3.0,13109,18203
105,11/1/2022,PHX,MIN,PHX,-4.0,17071,17071
106,11/2/2022,CLE,BOS,BOS,-1.5,19432,19432
107,11/2/2022,PHI,WSH,PHI,-5.5,19855,21000
108,11/2/2022,MIA,SAC,MIA,-6.5,19600,19600
109,11/2/2022,NY,ATL,NY,-2.5,19812,19763
110,11/2/2022,CHI,CHA,CHI,-4.5,17886,20917
111,11/2/2022,HOU,LAC,LAC,-6.0,15860,18055
112,11/2/2022,MIL,DET,MIL,-11.5,17341,17341
113,11/2/2022,SA,TOR,TOR,-7.5,12155,18354
114,11/2/2022,DAL,UTAH,DAL,-6.5,19877,19200
115,11/2/2022,POR,MEM,MEM,-5.0,19462,19441
116,11/2/2022,LAL,NO,NO,-2.5,18997,19068
117,11/3/2022,ORL,GS,GS,-9.0,18846,18500
118,11/3/2022,OKC,DEN,DEN,-6.5,13791,18203
119,11/4/2022,DET,CLE,CLE,-5.5,18744,20332
120,11/4/2022,IND,MIA,MIA,-3.5,13141,17923
121,11/4/2022,PHI,NY,PHI,-3.5,20679,21000
122,11/4/2022,WSH,BKN,WSH,-3.0,17258,20600
123,11/4/2022,BOS,CHI,BOS,-7.0,19156,19156
124,11/4/2022,MEM,CHA,MEM,-11.0,17187,18400
125,11/4/2022,SA,LAC,LAC,-3.5,12603,18354
126,11/4/2022,DAL,TOR,DAL,-4.0,20177,19200
127,11/4/2022,NO,GS,NO,-10.5,18451,16867
128,11/4/2022,MIN,MIL,MIL,-2.0,17136,19356
129,11/4/2022,PHX,POR,PHX,-12.0,17071,17071
130,11/4/2022,LAL,UTAH,LAL,-3.5,18997,19068
131,11/5/2022,ORL,SAC,SAC,-4.5,18846,18500
132,11/5/2022,CHA,BKN,BKN,-3.5,19398,19077
133,11/5/2022,ATL,NO,ATL,-2.0,17654,16888
134,11/5/2022,NY,BOS,BOS,-4.0,19812,19763
135,11/5/2022,MIL,OKC,MIL,-5.5,17713,17341
136,11/5/2022,MIN,HOU,MIN,-8.0,16412,19356
137,11/5/2022,DEN,SA,DEN,-11.5,19641,19520
138,11/5/2022,PHX,POR,PHX,-12.0,17071,17071
139,11/6/2022,LAL,CLE,CLE,-5.5,18997,19068
140,11/6/2022,TOR,CHI,TOR,-4.0,19800,19800
141,11/6/2022,MEM,WSH,MEM,-9.5,16877,18400
142,11/6/2022,LAC,UTAH,LAC,-4.0,16111,19068
143,11/7/2022,CHA,WSH,CHA,-2.0,13712,19077
144,11/7/2022,ORL,HOU,ORL,-5.0,15441,18500
145,11/7/2022,DET,OKC,OKC,-1.5,16223,20332
146,11/7/2022,IND,NO,NO,-5.0,14052,17923
147,11/7/2022,PHI,PHX,PHX,-1.0,20347,21000
148,11/7/2022,ATL,MIL,MIL,-5.5,17494,16888
149,11/7/2022,MIA,POR,MIA,-5.0,19600,19600
150,11/7/2022,CHI,TOR,CHI,-2.0,21142,20917
151,11/7/2022,MEM,BOS,BOS,-3.5,17371,18400
152,11/7/2022,MIN,NY,MIN,-2.5,14524,19356
153,11/7/2022,SA,DEN,DEN,-8.0,11574,18354
154,11/7/2022,DAL,BKN,DAL,-6.0,20011,19200
155,11/7/2022,GS,SAC,GS,-8.0,18064,18064
156,11/7/2022,UTAH,LAL,UTAH,-7.0,18206,18206
157,11/7/2022,LAC,CLE,CLE,-4.0,16516,19068
158,11/9/2022,CHA,POR,POR,-2.0,14774,19077
159,11/9/2022,IND,DEN,DEN,-5.0,14069,17923
160,11/9/2022,ORL,DAL,DAL,-8.0,18165,18500
161,11/9/2022,ATL,UTAH,ATL,-4.5,15845,16888
162,11/9/2022,BOS,DET,BOS,-13.5,19156,19156
163,11/9/2022,BKN,NY,BKN,-3.0,18156,17732
164,11/9/2022,TOR,HOU,TOR,-10.0,19800,19800
165,11/9/2022,CHI,NO,NO,-2.0,19621,20917
166,11/9/2022,MIN,PHX,MIN,-2.0,16062,19356
167,11/9/2022,OKC,MIL,MIL,-1.0,15180,18203
168,11/9/2022,SA,MEM,MEM,-5.0,13507,18354
169,11/9/2022,LAC,LAL,LAC,-3.0,19068,19068
170,11/9/2022,SAC,CLE,CLE,-4.5,13816,17611
171,11/10/2022,WSH,DAL,DAL,-6.0,18320,20600
172,11/10/2022,ATL,PHI,ATL,-1.0,16066,16888
173,11/10/2022,MIA,CHA,MIA,-11.0,19600,19600
174,11/10/2022,NO,POR,NO,-9.5,14289,16867
175,11/11/2022,BOS,DEN,BOS,-4.0,19156,19156
176,11/11/2022,ORL,PHX,PHX,-7.5,15879,18500
177,11/11/2022,NY,DET,NY,-9.0,19812,19763
178,11/11/2022,OKC,TOR,TOR,-5.5,16104,18203
179,11/11/2022,SA,MIL,SA,-1.5,15642,18354
180,11/11/2022,MEM,MIN,MEM,-4.0,16939,18400
181,11/11/2022,GS,CLE,GS,-3.0,18064,18064
182,11/11/2022,LAL,SAC,SAC,-4.0,17849,19068
183,11/12/2022,LAC,BKN,LAC,-1.5,17777,19068
184,11/12/2022,WSH,UTAH,UTAH,-4.5,13673,20600
185,11/12/2022,DET,BOS,BOS,-9.0,20190,20332
186,11/12/2022,IND,TOR,IND,-3.0,13089,17923
187,11/12/2022,PHI,ATL,PHI,-3.0,20245,21000
188,11/12/2022,MIA,CHA,MIA,-8.0,19600,19600
189,11/12/2022,DAL,POR,DAL,-6.5,20277,19200
190,11/12/2022,NO,HOU,NO,-11.0,15367,16867
191,11/13/2022,NY,OKC,NY,-5.5,18325,19763
192,11/13/2022,CLE,MIN,CLE,-1.0,19432,19432
193,11/13/2022,WSH,MEM,WSH,-1.5,17667,20600
194,11/13/2022,PHI,UTAH,PHI,-3.5,19761,21000
195,11/13/2022,CHI,DEN,DEN,-1.5,21602,20917
196,11/13/2022,SAC,GS,GS,-4.5,16410,17611
197,11/13/2022,LAL,BKN,BKN,-5.0,18040,19068
198,11/14/2022,DET,TOR,TOR,-4.0,16988,20332
199,11/14/2022,ORL,CHA,CHA,-2.0,15018,18500
200,11/14/2022,BOS,OKC,BOS,-12.0,[],[]
201,11/14/2022,MIA,PHX,MIA,-2.5,19600,19600
202,11/14/2022,HOU,LAC,LAC,-5.0,16098,18055
203,11/14/2022,MIL,ATL,MIL,-4.0,17341,17341
204,11/14/2022,GS,SA,GS,-8.5,18064,18064
205,11/15/2022,NO,MEM,NO,-2.0,14032,16867
206,11/15/2022,DAL,LAC,DAL,-6.5,19810,19200
207,11/15/2022,UTAH,NY,UTAH,-4.0,18206,18206
208,11/15/2022,POR,SA,POR,-8.0,19012,19441
209,11/15/2022,SAC,BKN,SAC,-2.0,17611,17611
210,11/16/2022,CHA,IND,IND,-1.0,14756,19077
211,11/16/2022,ORL,MIN,MIN,-8.0,16527,18500
212,11/16/2022,WSH,OKC,WSH,-5.0,12630,20600
213,11/16/2022,ATL,BOS,EVEN,0,18165,16888
214,11/16/2022,TOR,MIA,TOR,-3.0,19800,19800
215,11/16/2022,MIL,CLE,MIL,-2.0,17341,17341
216,11/16/2022,NO,CHI,NO,-1.5,14658,16867
217,11/16/2022,DAL,HOU,DAL,-6.5,19602,19200
218,11/16/2022,DEN,NY,DEN,-2.5,18210,19520
219,11/16/2022,PHX,GS,GS,-2.5,17071,17071
220,11/17/2022,POR,BKN,POR,-3.0,19393,19441
221,11/17/2022,SAC,SA,SAC,-7.0,16522,17611
222,11/17/2022,LAC,DET,LAC,-11.0,17822,19068
223,11/18/2022,WSH,MIA,WSH,-7.5,18772,20600
224,11/18/2022,CLE,CHA,CLE,-9.5,19432,19432
225,11/18/2022,PHI,MIL,MIL,-1.5,19769,21000
226,11/18/2022,CHI,ORL,CHI,-8.5,21031,20917
227,11/18/2022,HOU,IND,IND,-5.5,15882,18055
228,11/18/2022,MEM,OKC,MEM,-6.5,17324,18400
229,11/18/2022,DAL,DEN,DAL,-10.0,20135,19200
230,11/18/2022,NO,BOS,BOS,-3.0,17828,16867
231,11/18/2022,UTAH,PHX,PHX,-1.0,18206,18206
232,11/18/2022,GS,NY,GS,-7.5,18064,18064
233,11/18/2022,LAL,DET,LAL,-6.5,18095,19068
234,11/19/2022,ATL,TOR,ATL,-5.5,18051,16888
235,11/19/2022,IND,ORL,IND,-7.5,14478,17923
236,11/19/2022,PHI,MIN,MIN,-3.5,20515,21000
237,11/19/2022,POR,UTAH,POR,-4.0,19595,19441
238,11/19/2022,LAC,SA,LAC,-9.0,18581,19068
239,11/20/2022,PHX,NY,PHX,-6.0,17071,17071
240,11/20/2022,WSH,CHA,WSH,-4.5,14289,20600
241,11/20/2022,SAC,DET,SAC,-10.5,17866,17611
242,11/20/2022,BKN,MEM,BKN,-7.5,18241,17732
243,11/20/2022,CLE,MIA,CLE,-7.0,19432,19432
244,11/20/2022,HOU,GS,GS,-10.5,18055,18055
245,11/20/2022,DAL,DEN,DAL,-10.5,20244,19200
246,11/20/2022,LAL,SA,LAL,-6.0,18211,19068
247,11/21/2022,CLE,ATL,CLE,-3.5,19432,19432
248,11/21/2022,IND,ORL,IND,-7.0,14029,17923
249,11/21/2022,CHI,BOS,BOS,-5.5,20786,20917
250,11/21/2022,MIL,POR,MIL,-9.5,17341,17341
251,11/21/2022,MIN,MIA,MIN,-8.5,16583,19356
252,11/21/2022,NO,GS,NO,-11.0,18589,16867
253,11/21/2022,OKC,NY,OKC,-1.5,15079,18203
254,11/21/2022,LAC,UTAH,LAC,-2.5,19068,19068
255,11/22/2022,PHI,BKN,BKN,-7.5,20184,21000
256,11/22/2022,MEM,SAC,MEM,-3.0,16826,18400
257,11/22/2022,DEN,DET,DEN,-12.0,19635,19520
258,11/22/2022,PHX,LAL,PHX,-9.5,17071,17071
259,11/23/2022,CHA,PHI,CHA,-4.0,16910,19077
260,11/23/2022,CLE,POR,CLE,-7.5,19432,19432
261,11/23/2022,IND,MIN,MIN,-2.0,15751,17923
262,11/23/2022,ATL,SAC,ATL,-4.5,18173,16888
263,11/23/2022,BOS,DAL,BOS,-6.0,19156,19156
264,11/23/2022,MIA,WSH,MIA,-5.0,19600,19600
265,11/23/2022,TOR,BKN,BKN,-2.5,19800,19800
266,11/23/2022,MIL,CHI,MIL,-7.0,17341,17341
267,11/23/2022,OKC,DEN,OKC,-1.0,13656,18203
268,11/23/2022,SA,NO,NO,-5.5,14947,18354
269,11/23/2022,UTAH,DET,UTAH,-12.0,18206,18206
270,11/23/2022,GS,LAC,GS,-10.5,18064,18064
271,11/25/2022,CHA,MIN,MIN,-7.0,17924,19077
272,11/25/2022,ORL,PHI,ORL,-1.5,15384,18500
273,11/25/2022,NY,POR,NY,-4.0,19812,19763
274,11/25/2022,BOS,SAC,BOS,-7.0,19156,19156
275,11/25/2022,IND,BKN,BKN,-3.5,15404,17923
276,11/25/2022,MIA,WSH,MIA,-3.0,19600,19600
277,11/25/2022,HOU,ATL,ATL,-7.0,16669,18055
278,11/25/2022,MEM,NO,MEM,-2.5,17794,18400
279,11/25/2022,MIL,CLE,MIL,-4.0,17447,17341
280,11/25/2022,OKC,CHI,CHI,-3.0,16082,18203
281,11/25/2022,SA,LAL,LAL,-4.0,18354,18354
282,11/25/2022,PHX,DET,PHX,-12.0,17071,17071
283,11/25/2022,GS,UTAH,GS,-8.0,18064,18064
284,11/25/2022,LAC,DEN,DEN,-4.0,16559,19068
285,11/26/2022,TOR,DAL,DAL,-2.5,19800,19800
286,11/26/2022,HOU,OKC,OKC,-2.0,15151,18055
287,11/26/2022,SA,LAL,EVEN,0,18354,18354
288,11/26/2022,PHX,UTAH,PHX,-6.5,17071,17071
289,11/27/2022,BKN,POR,BKN,-8.0,17732,17732
290,11/27/2022,MIN,GS,EVEN,0,17136,19356
291,11/27/2022,LAC,IND,IND,-2.0,16805,19068
292,11/27/2022,ATL,MIA,ATL,-4.0,17268,16888
293,11/27/2022,BOS,WSH,BOS,-8.0,19156,19156
294,11/27/2022,DET,CLE,CLE,-7.5,18240,20332
295,11/27/2022,NY,MEM,MEM,-1.5,19524,19763
296,11/27/2022,ORL,PHI,EVEN,0,16218,18500
297,11/27/2022,MIL,DAL,MIL,-5.5,17341,17341
298,11/28/2022,PHI,ATL,PHI,-2.5,19778,21000
299,11/28/2022,WSH,MIN,WSH,-1.0,13515,20600
300,11/28/2022,BOS,CHA,BOS,-11.0,19156,19156
301,11/28/2022,BKN,ORL,BKN,-12.0,15704,17732
302,11/28/2022,TOR,CLE,TOR,-5.0,19800,19800
303,11/28/2022,NO,OKC,NO,-5.5,13109,16867
304,11/28/2022,DEN,HOU,DEN,-11.0,16027,19520
305,11/28/2022,UTAH,CHI,UTAH,-2.0,18206,18206
306,11/28/2022,SAC,PHX,SAC,-1.0,16407,17611
307,11/28/2022,LAL,IND,LAL,-3.5,16034,19068
308,11/29/2022,DET,NY,NY,-4.0,14864,20332
309,11/29/2022,DAL,GS,DAL,-1.0,20277,19200
310,11/29/2022,POR,LAC,POR,-4.0,17251,19441
311,11/30/2022,CLE,PHI,CLE,-4.0,19432,19432
312,11/30/2022,ORL,ATL,ATL,-7.0,15344,18500
313,11/30/2022,BOS,MIA,BOS,-9.5,19156,19156
314,11/30/2022,BKN,WSH,BKN,-5.5,15963,17732
315,11/30/2022,NY,MIL,MIL,-6.0,17277,19763
316,11/30/2022,MIN,MEM,MEM,-2.5,15980,19356
317,11/30/2022,NO,TOR,TOR,-2.5,14845,16867
318,11/30/2022,OKC,SA,OKC,-3.0,15605,18203
319,11/30/2022,DEN,HOU,DEN,-11.5,16286,19520
320,11/30/2022,PHX,CHI,PHX,-5.5,17071,17071
321,11/30/2022,UTAH,LAC,UTAH,-8.0,18206,18206
322,11/30/2022,SAC,IND,SAC,-4.5,17611,17611
323,11/30/2022,LAL,POR,LAL,-6.0,18560,19068
324,12/1/2022,DET,DAL,DAL,-8.0,18106,20332
325,12/2/2022,CHA,WSH,WSH,-4.5,15231,19077
326,12/2/2022,ATL,DEN,DEN,-4.5,16974,16888
327,12/2/2022,BOS,MIA,BOS,-7.0,19156,19156
328,12/2/2022,BKN,TOR,BKN,-1.5,17732,17732
329,12/2/2022,CLE,ORL,CLE,-11.0,19432,19432
330,12/2/2022,MIL,LAL,MIL,-8.0,17938,17341
331,12/2/2022,MEM,PHI,MEM,-4.5,17022,18400
332,12/2/2022,SA,NO,NO,-7.5,17202,18354
333,12/2/2022,PHX,HOU,PHX,-12.0,17071,17071
334,12/2/2022,UTAH,IND,UTAH,-4.0,18206,18206
335,12/2/2022,GS,CHI,GS,-7.0,18064,18064
336,12/3/2022,NY,DAL,DAL,-1.0,18319,19763
337,12/3/2022,LAC,SAC,SAC,-3.5,16587,19068
338,12/3/2022,CHA,MIL,MIL,-2.0,18128,19077
339,12/3/2022,TOR,ORL,TOR,-11.5,19800,19800
340,12/3/2022,MIN,OKC,MIN,-5.5,17136,19356
341,12/3/2022,GS,HOU,GS,-11.5,18064,18064
342,12/3/2022,UTAH,POR,UTAH,-5.0,18206,18206
343,12/4/2022,NO,DEN,NO,-2.0,15658,16867
344,12/4/2022,SA,PHX,PHX,-10.0,16409,18354
345,12/4/2022,BKN,BOS,BOS,-2.5,18043,17732
346,12/4/2022,DET,MEM,MEM,-6.5,20088,20332
347,12/4/2022,NY,CLE,CLE,-2.5,19007,19763
348,12/4/2022,WSH,LAL,WSH,-1.5,19647,20600
349,12/4/2022,SAC,CHI,SAC,-3.5,17611,17611
350,12/4/2022,POR,IND,POR,-5.0,17479,19441
351,12/5/2022,CHA,LAC,LAC,-6.0,13945,19077
352,12/5/2022,ORL,MIL,MIL,-10.5,16174,18500
353,12/5/2022,ATL,OKC,ATL,-6.5,16301,16888
354,12/5/2022,TOR,BOS,TOR,-2.0,19800,19800
355,12/5/2022,HOU,PHI,PHI,-8.0,15331,18055
356,12/5/2022,MEM,MIA,MIA,-5.0,16122,18400
357,12/5/2022,DAL,PHX,DAL,-3.0,20227,19200
358,12/5/2022,GS,IND,GS,-12.0,18064,18064
359,12/6/2022,CLE,LAL,CLE,-6.0,19432,19432
360,12/6/2022,MIA,DET,MIA,-7.5,19600,19600
361,12/6/2022,DEN,DAL,DEN,-4.0,19520,19520
362,12/7/2022,ORL,LAC,LAC,-6.5,14429,18500
363,12/7/2022,BKN,CHA,BKN,-10.0,16903,17732
364,12/7/2022,NY,ATL,NY,-2.5,18091,19763
365,12/7/2022,TOR,LAL,TOR,-12.5,19800,19800
366,12/7/2022,CHI,WSH,CHI,-5.0,19265,20917
367,12/7/2022,MEM,OKC,MEM,-8.5,15942,18400
368,12/7/2022,MIL,SAC,MIL,-6.5,17341,17341
369,12/7/2022,MIN,IND,MIN,-4.0,15472,19356
370,12/7/2022,NO,DET,NO,-11.0,14073,16867
371,12/7/2022,UTAH,GS,UTAH,-5.5,18206,18206
372,12/7/2022,PHX,BOS,PHX,-2.0,17071,17071
373,12/8/2022,MIA,LAC,MIA,-6.5,19600,19600
374,12/8/2022,SA,HOU,HOU,-2.0,13140,18354
375,12/8/2022,POR,DEN,DEN,-2.0,18189,19441
376,12/9/2022,CHA,NY,NY,-4.0,17696,19077
377,12/9/2022,IND,WSH,IND,-4.0,15039,17923
378,12/9/2022,ORL,TOR,TOR,-9.0,17008,18500
379,12/9/2022,BKN,ATL,BKN,-7.5,18072,17732
380,12/9/2022,CLE,SAC,CLE,-3.5,19432,19432
381,12/9/2022,PHI,LAL,PHI,-5.0,20852,21000
382,12/9/2022,MEM,DET,MEM,-11.0,17103,18400
383,12/9/2022,NO,PHX,PHX,-1.5,16381,16867
384,12/9/2022,UTAH,MIN,EVEN,0,18206,18206
385,12/9/2022,DAL,MIL,MIL,-1.0,20277,19200
386,12/10/2022,MIA,SA,MIA,-12.0,19600,19600
387,12/10/2022,IND,BKN,IND,-8.5,14280,17923
388,12/10/2022,WSH,LAC,LAC,-5.0,18404,20600
389,12/10/2022,CLE,OKC,CLE,-4.5,19432,19432
390,12/10/2022,CHI,DAL,CHI,-5.5,19528,20917
391,12/10/2022,GS,BOS,BOS,-2.5,18064,18064
392,12/10/2022,DEN,UTAH,DEN,-11.5,19636,19520
393,12/10/2022,POR,MIN,POR,-5.5,18324,19441
394,12/11/2022,NO,PHX,NO,-3.5,18681,16867
395,12/11/2022,DET,LAL,LAL,-5.0,20190,20332
396,12/11/2022,NY,SAC,NY,-2.5,19812,19763
397,12/11/2022,ORL,TOR,TOR,-6.5,16891,18500
398,12/11/2022,PHI,CHA,PHI,-10.5,19765,21000
399,12/11/2022,ATL,CHI,ATL,-3.5,17227,16888
400,12/11/2022,HOU,MIL,MIL,-10.0,16268,18055
401,12/12/2022,IND,MIA,MIA,-3.5,15309,17923
402,12/12/2022,WSH,BKN,BKN,-5.5,16090,20600
403,12/12/2022,MEM,ATL,MEM,-9.5,16544,18400
404,12/12/2022,DAL,OKC,DAL,-8.5,19877,19200
405,12/12/2022,SA,CLE,CLE,-9.5,13434,18354
406,12/12/2022,POR,MIN,POR,-3.5,18021,19441
407,12/12/2022,LAC,BOS,BOS,-4.0,19068,19068
408,12/13/2022,PHI,SAC,PHI,-4.0,19768,21000
409,12/13/2022,MIL,GS,MIL,-2.5,17628,17341
410,12/13/2022,HOU,PHX,PHX,-6.5,15128,18055
411,12/13/2022,UTAH,NO,NO,-2.0,18206,18206
412,12/13/2022,LAL,BOS,BOS,-4.0,18661,19068
413,12/14/2022,CHA,DET,CHA,-4.5,14303,19077
414,12/14/2022,IND,GS,GS,-1.5,15069,17923
415,12/14/2022,ORL,ATL,ATL,-3.0,16002,18500
416,12/14/2022,TOR,SAC,TOR,-5.0,19800,19800
417,12/14/2022,CHI,NY,CHI,-3.5,18820,20917
418,12/14/2022,OKC,MIA,MIA,-2.5,14783,18203
419,12/14/2022,SA,POR,POR,-7.0,13657,18354
420,12/14/2022,DAL,CLE,DAL,-2.5,20093,19200
421,12/14/2022,DEN,WSH,DEN,-11.5,19550,19520
422,12/14/2022,LAC,MIN,LAC,-7.0,14063,19068
423,12/15/2022,HOU,MIA,MIA,-2.5,16210,18055
424,12/15/2022,MEM,MIL,MEM,-3.5,17794,18400
425,12/15/2022,UTAH,NO,NO,-1.5,18206,18206
426,12/15/2022,LAC,PHX,PHX,-6.5,15778,19068
427,12/16/2022,CHA,ATL,CHA,-2.5,17772,19077
428,12/16/2022,DET,SAC,SAC,-6.5,17892,20332
429,12/16/2022,BOS,ORL,BOS,-13.0,19156,19156
430,12/16/2022,CLE,IND,CLE,-7.5,19432,19432
431,12/16/2022,PHI,GS,PHI,-8.5,20567,21000
432,12/16/2022,TOR,BKN,EVEN,0,19800,19800
433,12/16/2022,CHI,NY,CHI,-3.0,19661,20917
434,12/16/2022,OKC,MIN,OKC,-4.5,14885,18203
435,12/16/2022,DAL,POR,DAL,-4.0,20191,19200
436,12/16/2022,LAL,DEN,DEN,-1.5,18505,19068
437,12/17/2022,LAC,WSH,LAC,-5.5,15018,19068
438,12/17/2022,SA,MIA,MIA,-8.0,20160,22300
439,12/17/2022,CLE,DAL,CLE,-8.5,19432,19432
440,12/17/2022,HOU,POR,POR,-3.5,16217,18055
441,12/17/2022,MIL,UTAH,MIL,-2.0,17587,17341
442,12/17/2022,OKC,MEM,MEM,-11.0,16895,18203
443,12/17/2022,PHX,NO,PHX,-3.0,17071,17071
444,12/18/2022,BOS,ORL,BOS,-10.5,19156,19156
445,12/18/2022,IND,NY,NY,-1.0,14513,17923
446,12/18/2022,DET,BKN,BKN,-8.0,19488,20332
447,12/18/2022,TOR,GS,TOR,-6.0,19800,19800
448,12/18/2022,MIN,CHI,CHI,-1.5,16294,19356
449,12/18/2022,DEN,CHA,DEN,-9.5,19235,19520
450,12/18/2022,LAL,WSH,LAL,-3.5,18153,19068
451,12/19/2022,CLE,UTAH,CLE,-6.5,19432,19432
452,12/19/2022,PHI,TOR,PHI,-6.5,20408,21000
453,12/19/2022,ATL,ORL,ATL,-8.5,17809,16888
454,12/19/2022,HOU,SA,HOU,-4.5,15928,18055
455,12/19/2022,MIN,DAL,DAL,-5.5,16627,19356
456,12/19/2022,NO,MIL,NO,-1.0,18271,16867
457,12/19/2022,OKC,POR,POR,-4.0,14672,18203
458,12/19/2022,PHX,LAL,PHX,-11.5,17071,17071
459,12/19/2022,SAC,CHA,SAC,-10.0,17803,17611
460,12/20/2022,DET,UTAH,UTAH,-2.5,15622,20332
461,12/20/2022,MIA,CHI,MIA,-1.5,19969,19600
462,12/20/2022,NY,GS,NY,-6.0,19812,19763
463,12/20/2022,PHX,WSH,PHX,-7.0,17071,17071
464,12/20/2022,DEN,MEM,MEM,-1.5,19605,19520
465,12/21/2022,CLE,MIL,CLE,-2.5,19432,19432
466,12/21/2022,PHI,DET,PHI,-12.0,20615,21000
467,12/21/2022,ATL,CHI,ATL,-5.0,17226,16888
468,12/21/2022,BOS,IND,BOS,-9.0,19156,19156
469,12/21/2022,BKN,GS,BKN,-10.5,18026,17732
470,12/21/2022,NY,TOR,NY,-2.0,19294,19763
471,12/21/2022,HOU,ORL,HOU,-1.0,15965,18055
472,12/21/2022,MIN,DAL,DAL,-2.0,16164,19356
473,12/21/2022,OKC,POR,POR,-4.0,15107,18203
474,12/21/2022,SAC,LAL,SAC,-8.0,17611,17611
475,12/21/2022,LAC,CHA,LAC,-9.0,19068,19068
476,12/22/2022,NO,SA,NO,-8.5,16417,16867
477,12/22/2022,UTAH,WSH,UTAH,-7.0,18206,18206
478,12/23/2022,ORL,SA,ORL,-6.0,18425,18500
479,12/23/2022,PHI,LAC,PHI,-3.5,19996,21000
480,12/23/2022,ATL,DET,ATL,-9.5,17028,16888
481,12/23/2022,BOS,MIN,BOS,-9.5,19156,19156
482,12/23/2022,BKN,MIL,BKN,-2.5,18169,17732
483,12/23/2022,CLE,TOR,CLE,-4.5,19432,19432
484,12/23/2022,NY,CHI,NY,-6.0,19812,19763
485,12/23/2022,MIA,IND,MIA,-6.0,19600,19600
486,12/23/2022,HOU,DAL,DAL,-7.0,16989,18055
487,12/23/2022,OKC,NO,OKC,-1.5,15214,18203
488,12/23/2022,DEN,POR,DEN,-5.5,19619,19520
489,12/23/2022,PHX,MEM,MEM,-3.0,17071,17071
490,12/23/2022,SAC,WSH,SAC,-7.5,17894,17611
491,12/23/2022,LAL,CHA,LAL,-3.0,18997,19068
492,12/25/2022,NY,PHI,PHI,-2.0,19812,19763
493,12/25/2022,DAL,LAL,DAL,-7.0,20441,19200
494,12/25/2022,BOS,MIL,BOS,-5.5,19156,19156
495,12/25/2022,GS,MEM,MEM,-7.0,18064,18064
496,12/25/2022,DEN,PHX,DEN,-4.0,19642,19520
497,12/26/2022,CLE,BKN,CLE,-2.0,19432,19432
498,12/26/2022,DET,LAC,LAC,-5.5,20190,20332
499,12/26/2022,MIA,MIN,MIN,-1.0,19911,19600
500,12/26/2022,CHI,HOU,CHI,-7.0,21561,20917
501,12/26/2022,NO,IND,NO,-2.0,18636,16867
502,12/26/2022,SA,UTAH,UTAH,-5.0,16351,18354
503,12/26/2022,POR,CHA,POR,-5.5,19530,19441
504,12/27/2022,ORL,LAL,ORL,-3.5,19482,18500
505,12/27/2022,WSH,PHI,PHI,-4.5,20476,20600
506,12/27/2022,BOS,HOU,BOS,-15.0,19156,19156
507,12/27/2022,IND,ATL,ATL,-1.5,16738,17923
508,12/27/2022,TOR,LAC,TOR,-4.0,19800,19800
509,12/27/2022,MEM,PHX,MEM,-8.0,18239,18400
510,12/27/2022,OKC,SA,OKC,-7.0,16229,18203
511,12/27/2022,DAL,NY,DAL,-5.5,20377,19200
512,12/27/2022,GS,CHA,GS,-5.0,18064,18064
513,12/27/2022,SAC,DEN,DEN,-3.0,17937,17611
514,12/28/2022,DET,ORL,ORL,-1.0,20190,20332
515,12/28/2022,WSH,PHX,PHX,-2.5,20476,20600
516,12/28/2022,ATL,BKN,BKN,-7.5,18030,16888
517,12/28/2022,MIA,LAL,MIA,-9.0,20221,19600
518,12/28/2022,CHI,MIL,MIL,-2.5,21537,20917
519,12/28/2022,NO,MIN,NO,-6.5,18669,16867
520,12/28/2022,GS,UTAH,UTAH,-4.5,18064,18064
521,12/28/2022,SAC,DEN,SAC,-3.0,17985,17611
522,12/29/2022,CHA,OKC,CHA,-2.5,19425,19077
523,12/29/2022,IND,CLE,CLE,-4.0,17274,17923
524,12/29/2022,BOS,LAC,BOS,-7.0,19156,19156
525,12/29/2022,TOR,MEM,MEM,-4.0,19800,19800
526,12/29/2022,SA,NY,NY,-4.5,18354,18354
527,12/29/2022,DAL,HOU,DAL,-10.0,20307,19200
528,12/30/2022,ORL,WSH,WSH,-4.5,19040,18500
529,12/30/2022,ATL,LAL,ATL,-6.0,17984,16888
530,12/30/2022,TOR,PHX,TOR,-2.0,19800,19800
531,12/30/2022,CHI,DET,CHI,-7.5,21667,20917
532,12/30/2022,MIL,MIN,MIL,-7.5,18018,17341
533,12/30/2022,NO,PHI,PHI,-1.0,18656,16867
534,12/30/2022,DEN,MIA,DEN,-4.0,19638,19520
535,12/30/2022,GS,POR,POR,-1.0,18064,18064
536,12/30/2022,SAC,UTAH,SAC,-3.0,17946,17611
537,12/31/2022,IND,LAC,LAC,-2.5,16731,17923
538,12/31/2022,CHA,BKN,BKN,-6.0,19386,19077
539,12/31/2022,CHI,CLE,CLE,-2.5,21524,20917
540,12/31/2022,HOU,NY,NY,-4.0,18055,18055
541,12/31/2022,SA,DAL,DAL,-7.5,18354,18354
542,12/31/2022,MEM,NO,MEM,-6.5,17951,18400
543,12/31/2022,MIN,DET,MIN,-7.5,16233,19356
544,12/31/2022,OKC,PHI,PHI,-2.5,17147,18203
545,12/31/2022,UTAH,MIA,UTAH,-4.0,18206,18206
546,01/1/2023,MEM,SAC,MEM,-4.0,17794,18400
547,01/1/2023,MIL,WSH,MIL,-2.5,17341,17341
548,01/1/2023,DEN,BOS,BOS,-3.5,19641,19520
549,01/2/2023,NY,PHX,NY,-3.0,19812,19763
550,01/2/2023,CHA,LAL,CHA,-2.0,19210,19077
551,01/2/2023,CLE,CHI,CLE,-4.0,19432,19432
552,01/2/2023,IND,TOR,TOR,-2.0,14054,17923
553,01/2/2023,PHI,NO,PHI,-5.0,20531,21000
554,01/2/2023,BKN,SA,BKN,-11.5,18224,17732
555,01/2/2023,HOU,DAL,DAL,-7.5,18055,18055
556,01/2/2023,MIN,DEN,DEN,-4.5,15962,19356
557,01/2/2023,GS,ATL,GS,-1.5,18064,18064
558,01/2/2023,POR,DET,POR,-10.0,19393,19441
559,01/2/2023,LAC,MIA,MIA,-1.0,19068,19068
560,01/3/2023,MIL,WSH,MIL,-7.5,17341,17341
561,01/3/2023,OKC,BOS,BOS,-11.0,16778,18203
562,01/3/2023,UTAH,SAC,UTAH,-3.0,18206,18206
563,01/4/2023,CHA,MEM,MEM,-7.5,19249,19077
564,01/4/2023,CLE,PHX,CLE,-5.5,19432,19432
565,01/4/2023,ORL,OKC,OKC,-1.0,18925,18500
566,01/4/2023,PHI,IND,PHI,-5.0,20033,21000
567,01/4/2023,NY,SA,NY,-10.0,19812,19763
568,01/4/2023,TOR,MIL,TOR,-5.5,19800,19800
569,01/4/2023,CHI,BKN,BKN,-5.0,21418,20917
570,01/4/2023,MIN,POR,POR,-1.0,15434,19356
571,01/4/2023,NO,HOU,NO,-7.5,17295,16867
572,01/4/2023,GS,DET,GS,-7.0,18064,18064
573,01/4/2023,LAL,MIA,MIA,-8.5,18997,19068
574,01/4/2023,SAC,ATL,SAC,-1.5,17611,17611
575,01/5/2023,ORL,MEM,MEM,-6.5,19184,18500
576,01/5/2023,DAL,BOS,BOS,-3.0,20413,19200
577,01/5/2023,HOU,UTAH,UTAH,-7.0,16320,18055
578,01/5/2023,DEN,LAC,DEN,-4.5,19087,19520
579,01/6/2023,IND,POR,IND,-1.5,16548,17923
580,01/6/2023,PHI,CHI,PHI,-5.0,20766,21000
581,01/6/2023,TOR,NY,TOR,-3.5,19800,19800
582,01/6/2023,MIL,CHA,MIL,-10.0,17627,17341
583,01/6/2023,OKC,WSH,OKC,-1.0,14790,18203
584,01/6/2023,SA,DET,SA,-2.0,13107,18354
585,01/6/2023,NO,BKN,BKN,-4.5,18636,16867
586,01/6/2023,MIN,LAC,MIN,-5.5,17136,19356
587,01/6/2023,DEN,CLE,DEN,-5.0,19638,19520
588,01/6/2023,PHX,MIA,MIA,-1.0,17071,17071
589,01/6/2023,LAL,ATL,ATL,-2.5,18997,19068
590,01/7/2023,SA,BOS,BOS,-15.0,18354,18354
591,01/7/2023,CHI,UTAH,UTAH,-2.5,21694,20917
592,01/7/2023,DAL,NO,DAL,-9.0,20300,19200
593,01/7/2023,GS,ORL,GS,-7.0,18064,18064
594,01/7/2023,SAC,LAL,SAC,-7.5,17611,17611
595,01/8/2023,DET,PHI,PHI,-6.0,18898,20332
596,01/8/2023,TOR,POR,TOR,-3.0,19800,19800
597,01/8/2023,IND,CHA,IND,-5.0,15805,17923
598,01/8/2023,MIA,BKN,BKN,-2.0,19901,19600
599,01/8/2023,MEM,UTAH,MEM,-5.5,17794,18400
600,01/8/2023,HOU,MIN,MIN,-3.5,18055,18055
601,01/8/2023,OKC,DAL,OKC,-4.0,16317,18203
602,01/8/2023,PHX,CLE,CLE,-6.0,17071,17071
603,01/8/2023,LAC,ATL,LAC,-2.5,19068,19068
604,01/9/2023,WSH,NO,WSH,-1.5,16223,20600
605,01/9/2023,BOS,CHI,BOS,-9.0,19156,19156
606,01/9/2023,NY,MIL,EVEN,0,18167,19763
607,01/9/2023,MEM,SA,MEM,-11.0,16013,18400
608,01/9/2023,DEN,LAL,DEN,-13.0,19609,19520
609,01/9/2023,SAC,ORL,SAC,-6.5,16499,17611
610,01/10/2023,MIA,OKC,MIA,-2.0,19600,19600
611,01/10/2023,PHI,DET,PHI,-14.0,20221,21000
612,01/10/2023,TOR,CHA,TOR,-7.5,19800,19800
613,01/10/2023,UTAH,CLE,CLE,-2.5,18206,18206
614,01/10/2023,GS,PHX,GS,-12.0,18064,18064
615,01/10/2023,POR,ORL,POR,-8.5,18176,19441
616,01/10/2023,LAC,DAL,LAC,-1.5,15828,19068
617,01/11/2023,DET,MIN,MIN,-6.5,15906,20332
618,01/11/2023,WSH,CHI,CHI,-1.5,17032,20600
619,01/11/2023,ATL,MIL,MIL,-4.0,17154,16888
620,01/11/2023,BOS,NO,BOS,-9.0,19156,19156
621,01/11/2023,NY,IND,NY,-5.0,18249,19763
622,01/11/2023,MEM,SA,MEM,-13.0,16454,18400
623,01/11/2023,DEN,PHX,DEN,-14.0,18872,19520
624,01/11/2023,SAC,HOU,SAC,-9.0,16057,17611
625,01/12/2023,PHI,OKC,PHI,-10.0,20892,21000
626,01/12/2023,BKN,BOS,BOS,-1.0,18125,17732
627,01/12/2023,MIA,MIL,MIA,-6.0,19600,19600
628,01/12/2023,TOR,CHA,TOR,-7.5,19800,19800
629,01/12/2023,LAL,DAL,DAL,-2.5,18997,19068
630,01/12/2023,POR,CLE,CLE,-1.0,18105,19441
631,01/13/2023,DET,NO,NO,-5.5,18989,20332
632,01/13/2023,IND,ATL,ATL,-3.5,16071,17923
633,01/13/2023,WSH,NY,NY,-4.0,20476,20600
634,01/13/2023,SA,GS,GS,-8.5,68323,68000
635,01/13/2023,CHI,OKC,CHI,-4.5,21342,20917
636,01/13/2023,MIN,PHX,MIN,-6.5,16460,19356
637,01/13/2023,UTAH,ORL,UTAH,-5.5,18206,18206
638,01/13/2023,LAC,DEN,LAC,-5.0,16005,19068
639,01/13/2023,SAC,HOU,SAC,-9.5,17894,17611
640,01/14/2023,MIA,MIL,MIA,-4.0,19620,19600
641,01/14/2023,CHA,BOS,BOS,-8.0,19608,19077
642,01/14/2023,IND,MEM,MEM,-8.0,17274,17923
643,01/14/2023,TOR,ATL,TOR,-7.5,19800,19800
644,01/14/2023,MIN,CLE,CLE,-4.5,17136,19356
645,01/14/2023,UTAH,PHI,PHI,-7.0,18206,18206
646,01/14/2023,POR,DAL,POR,-4.0,19393,19441
647,01/15/2023,DET,NY,NY,-9.0,19894,20332
648,01/15/2023,LAC,HOU,LAC,-10.0,17238,19068
649,01/15/2023,CHI,GS,GS,-6.0,20139,20917
650,01/15/2023,BKN,OKC,BKN,-4.5,18165,17732
651,01/15/2023,SA,SAC,SAC,-6.5,12339,18354
652,01/15/2023,DEN,ORL,DEN,-11.0,19641,19520
653,01/15/2023,POR,DAL,POR,-9.0,19393,19441
654,01/15/2023,LAL,PHI,PHI,-5.5,18020,19068
655,01/16/2023,CHA,BOS,BOS,-9.0,19227,19077
656,01/16/2023,MIL,IND,MIL,-5.0,17412,17341
657,01/16/2023,CLE,NO,CLE,-7.5,19432,19432
658,01/16/2023,NY,TOR,NY,-1.5,19812,19763
659,01/16/2023,WSH,GS,GS,-2.5,20476,20600
660,01/16/2023,ATL,MIA,ATL,-1.0,18007,16888
661,01/16/2023,MIN,UTAH,MIN,-4.5,16477,19356
662,01/16/2023,MEM,PHX,MEM,-12.5,17794,18400
663,01/16/2023,LAL,HOU,LAL,-7.5,17657,19068
664,01/17/2023,MIL,TOR,MIL,-1.5,17341,17341
665,01/17/2023,SA,BKN,BKN,-2.0,13532,18354
666,01/17/2023,DEN,POR,DEN,-6.0,18258,19520
667,01/17/2023,LAC,PHI,LAC,-1.5,15155,19068
668,01/18/2023,NY,WSH,NY,-5.0,19164,19763
669,01/18/2023,DAL,ATL,DAL,-2.5,20125,19200
670,01/18/2023,HOU,CHA,CHA,-3.0,15678,18055
671,01/18/2023,MEM,CLE,MEM,-7.5,16892,18400
672,01/18/2023,NO,MIA,MIA,-3.5,17736,16867
673,01/18/2023,OKC,IND,OKC,-3.5,14748,18203
674,01/18/2023,UTAH,LAC,UTAH,-8.5,18206,18206
675,01/18/2023,DEN,MIN,DEN,-9.0,16112,19520
676,01/18/2023,LAL,SAC,LAL,-2.5,18142,19068
677,01/19/2023,DET,CHI,CHI,-7.5,15885,15609
678,01/19/2023,BOS,GS,BOS,-6.5,19156,19156
679,01/19/2023,MIN,TOR,TOR,-4.0,16318,19356
680,01/19/2023,PHX,BKN,BKN,-3.5,17071,17071
681,01/19/2023,POR,PHI,PHI,-1.5,18113,19441
682,01/20/2023,ORL,NO,NO,-1.0,19025,18500
683,01/20/2023,ATL,NY,ATL,-3.5,17711,16888
684,01/20/2023,CLE,GS,CLE,-10.5,19432,19432
685,01/20/2023,DAL,MIA,MIA,-2.0,20326,19200
686,01/20/2023,SA,LAC,LAC,-7.5,15190,18354
687,01/20/2023,DEN,IND,DEN,-6.0,19609,19520
688,01/20/2023,UTAH,BKN,UTAH,-4.5,18206,18206
689,01/20/2023,LAL,MEM,MEM,-7.0,18997,19068
690,01/20/2023,SAC,OKC,SAC,-5.5,17932,17611
691,01/21/2023,TOR,BOS,BOS,-3.5,19800,19800
692,01/21/2023,WSH,ORL,WSH,-6.5,18171,20600
693,01/21/2023,ATL,CHA,ATL,-7.5,17928,16888
694,01/21/2023,CLE,MIL,CLE,-3.0,19432,19432
695,01/21/2023,MIN,HOU,MIN,-8.0,17136,19356
696,01/21/2023,PHX,IND,PHX,-3.0,17071,17071
697,01/21/2023,SAC,PHI,SAC,-5.5,17861,17611
698,01/22/2023,MIA,NO,MIA,-7.5,19600,19600
699,01/22/2023,TOR,NY,TOR,-2.0,19261,19800
700,01/22/2023,DAL,LAC,DAL,-2.0,20026,19200
701,01/22/2023,DEN,OKC,DEN,-3.0,19557,19520
702,01/22/2023,PHX,MEM,MEM,-8.5,17071,17071
703,01/22/2023,GS,BKN,GS,-7.5,18064,18064
704,01/22/2023,POR,LAL,POR,-6.0,19393,19441
705,01/23/2023,DET,MIL,MIL,-11.5,18011,20332
706,01/23/2023,ORL,BOS,BOS,-7.5,19196,18500
707,01/23/2023,CHI,ATL,CHI,-1.5,20938,20917
708,01/23/2023,HOU,MIN,MIN,-6.0,13811,18055
709,01/23/2023,UTAH,CHA,UTAH,-9.0,18206,18206
710,01/23/2023,POR,SA,POR,-8.5,17874,19441
711,01/23/2023,SAC,MEM,SAC,-4.0,17821,17611
712,01/24/2023,IND,CHI,CHI,-1.5,16102,17923
713,01/24/2023,MIA,BOS,MIA,-2.5,19705,19600
714,01/24/2023,NY,CLE,CLE,-3.0,19812,19763
715,01/24/2023,NO,DEN,DEN,-3.0,14699,16867
716,01/24/2023,DAL,WSH,DAL,-7.0,20077,19200
717,01/24/2023,PHX,CHA,PHX,-7.5,17071,17071
718,01/24/2023,LAL,LAC,LAC,-4.5,17604,19068
719,01/25/2023,ORL,IND,ORL,-5.0,18846,18500
720,01/25/2023,PHI,BKN,PHI,-7.5,19772,21000
721,01/25/2023,HOU,WSH,WSH,-2.0,15302,18055
722,01/25/2023,MIL,DEN,MIL,-12.5,17352,17341
723,01/25/2023,NO,MIN,NO,-2.5,14887,16867
724,01/25/2023,OKC,ATL,ATL,-1.0,15079,18203
725,01/25/2023,GS,MEM,GS,-2.5,18064,18064
726,01/25/2023,POR,UTAH,POR,-3.5,18154,19441
727,01/25/2023,SAC,TOR,SAC,-3.5,17767,17611
728,01/25/2023,LAL,SA,LAL,-8.0,17955,19068
729,01/26/2023,BOS,NY,BOS,-8.5,19156,19156
730,01/26/2023,BKN,DET,BKN,-7.5,17732,17732
731,01/26/2023,CHA,CHI,CHI,-3.0,17697,19077
732,01/26/2023,HOU,CLE,CLE,-8.0,16327,18055
733,01/26/2023,PHX,DAL,PHX,-1.0,17071,17071
734,01/26/2023,LAC,SA,LAC,-13.0,16958,19068
735,01/27/2023,IND,MIL,MIL,-6.5,16090,17923
736,01/27/2023,MIN,MEM,MEM,-1.0,17136,19356
737,01/27/2023,MIA,ORL,MIA,-8.5,19788,19600
738,01/27/2023,OKC,CLE,OKC,-1.0,16236,18203
739,01/27/2023,GS,TOR,GS,-4.0,18064,18064
740,01/28/2023,PHI,DEN,PHI,-3.0,21255,21000
741,01/28/2023,BKN,NY,EVEN,0,18100,17732
742,01/28/2023,DET,HOU,DET,-6.0,19411,20332
743,01/28/2023,ORL,CHI,CHI,-2.5,18846,18500
744,01/28/2023,ATL,LAC,ATL,-1.0,18448,16888
745,01/28/2023,MIN,SAC,SAC,-1.0,17136,19356
746,01/28/2023,NO,WSH,NO,-5.5,17692,16867
747,01/28/2023,SA,PHX,PHX,-5.5,18354,18354
748,01/28/2023,BOS,LAL,BOS,-7.5,19156,19156
749,01/28/2023,UTAH,DAL,UTAH,-7.5,18206,18206
750,01/28/2023,POR,TOR,POR,-3.0,19393,19441
751,01/29/2023,CHA,MIA,MIA,-6.0,19254,19077
752,01/29/2023,MEM,IND,MEM,-8.0,17794,18400
753,01/29/2023,CLE,LAC,CLE,-11.5,19432,19432
754,01/29/2023,MIL,NO,MIL,-10.5,17341,17341
755,01/30/2023,PHI,ORL,PHI,-10.0,19812,21000
756,01/30/2023,BKN,LAL,BKN,-9.0,17924,17732
757,01/30/2023,MIN,SAC,SAC,-1.0,15342,19356
758,01/30/2023,OKC,GS,GS,-5.0,16854,18203
759,01/30/2023,SA,WSH,WSH,-5.5,11970,18354
760,01/30/2023,DAL,DET,DAL,-10.5,19777,19200
761,01/30/2023,PHX,TOR,PHX,-1.0,17071,17071
762,01/30/2023,POR,ATL,POR,-5.5,18262,19441
763,01/31/2023,CLE,MIA,CLE,-4.0,19432,19432
764,01/31/2023,NY,LAL,NY,-2.0,19812,19763
765,01/31/2023,CHI,LAC,LAC,-3.0,20068,20917
766,01/31/2023,MIL,CHA,MIL,-11.5,17341,17341
767,01/31/2023,DEN,NO,DEN,-7.0,18868,19520
768,03/7/2023,DET,WSH,WSH,-11.0,17855,20332
769,02/1/2023,PHI,ORL,PHI,-10.5,20885,21000
770,02/1/2023,MEM,POR,MEM,-6.0,14589,18400
771,02/1/2023,BOS,BKN,BOS,-9.0,19156,19156
772,02/1/2023,HOU,OKC,OKC,-6.0,15181,18055
773,02/1/2023,MIN,GS,GS,-5.5,17136,19356
774,02/1/2023,SA,SAC,SAC,-7.5,13207,18354
775,02/1/2023,UTAH,TOR,UTAH,-2.5,18206,18206
776,02/1/2023,PHX,ATL,PHX,-1.0,17071,17071
777,02/2/2023,IND,LAL,LAL,-2.5,17274,17923
778,02/2/2023,CLE,MEM,CLE,-6.5,19432,19432
779,02/2/2023,NY,MIA,MIA,-3.0,19044,19763
780,02/2/2023,CHI,CHA,CHI,-6.5,20072,20917
781,02/2/2023,DAL,NO,DAL,-5.0,19670,19200
782,02/2/2023,DEN,GS,DEN,-6.0,19555,19520
783,02/2/2023,MIL,LAC,MIL,-4.5,17341,17341
784,02/3/2023,DET,CHA,CHA,-1.0,18007,20332
785,02/3/2023,IND,SAC,SAC,-1.5,17274,17923
786,02/3/2023,WSH,POR,WSH,-4.5,20476,20600
787,02/3/2023,BOS,PHX,BOS,-10.0,19156,19156
788,02/3/2023,HOU,TOR,TOR,-8.0,16585,18055
789,02/3/2023,MIN,ORL,MIN,-5.5,17136,19356
790,02/3/2023,SA,PHI,PHI,-10.0,15252,18354
791,02/3/2023,UTAH,ATL,UTAH,-1.0,18206,18206
792,02/4/2023,BKN,WSH,WSH,-1.0,17732,17732
793,02/4/2023,DET,PHX,PHX,-5.0,19788,20332
794,02/4/2023,NY,LAC,LAC,-2.5,19812,19763
795,02/4/2023,CHI,POR,CHI,-3.5,20135,20917
796,02/4/2023,MIL,MIA,MIL,-6.0,18008,17341
797,02/4/2023,NO,LAL,EVEN,0,18886,16867
798,02/4/2023,OKC,HOU,OKC,-10.0,16994,18203
799,02/4/2023,GS,DAL,GS,-10.5,18064,18064
800,02/4/2023,DEN,ATL,DEN,-10.5,19630,19520
801,02/5/2023,CHA,ORL,CHA,-2.0,18510,19077
802,02/5/2023,IND,CLE,CLE,-4.0,17274,17923
803,02/5/2023,NY,PHI,PHI,-4.5,17586,19763
804,02/5/2023,MEM,TOR,MEM,-1.5,17794,18400
805,02/5/2023,MIN,DEN,MIN,-9.0,17136,19356
806,02/5/2023,NO,SAC,SAC,-2.0,17779,16867
807,02/6/2023,DET,BOS,BOS,-10.0,17933,20332
808,02/6/2023,WSH,CLE,CLE,-4.0,16744,20600
809,02/6/2023,BKN,LAC,LAC,-8.5,16981,17732
810,02/6/2023,CHI,SA,CHI,-9.5,19291,20917
811,02/6/2023,HOU,SAC,SAC,-7.0,15405,18055
812,02/6/2023,UTAH,DAL,UTAH,-9.5,18206,18206
813,02/6/2023,GS,OKC,GS,-3.0,18064,18064
814,02/6/2023,POR,MIL,MIL,-4.5,18110,19441
815,02/7/2023,ORL,NY,NY,-1.0,19438,18500
816,02/7/2023,BKN,PHX,PHX,-7.0,17093,17732
817,02/7/2023,NO,ATL,NO,-1.0,16669,16867
818,02/7/2023,MEM,CHI,MEM,-9.5,17012,18400
819,02/7/2023,DEN,MIN,DEN,-8.0,18307,19520
820,02/7/2023,LAL,OKC,LAL,-7.0,18997,19068
821,02/8/2023,CLE,DET,CLE,-8.5,19432,19432
822,02/8/2023,WSH,CHA,WSH,-3.5,16097,20600
823,02/8/2023,BOS,PHI,BOS,-2.5,19156,19156
824,02/8/2023,MIA,IND,MIA,-6.5,19600,19600
825,02/8/2023,TOR,SA,TOR,-10.5,19800,19800
826,02/8/2023,HOU,SAC,SAC,-8.5,15881,18055
827,02/8/2023,UTAH,MIN,UTAH,-8.5,18206,18206
828,02/8/2023,LAC,DAL,LAC,-8.0,18377,19068
829,02/8/2023,POR,GS,POR,-2.5,18450,19441
830,02/9/2023,ORL,DEN,DEN,-5.0,18846,18500
831,02/9/2023,ATL,PHX,ATL,-8.0,17003,16888
832,02/9/2023,BKN,CHI,CHI,-3.0,16938,17732
833,02/9/2023,LAL,MIL,MIL,-8.0,18997,19068
834,02/10/2023,DET,SA,DET,-5.5,17899,20332
835,02/10/2023,IND,PHX,IND,-3.0,16522,17923
836,02/10/2023,PHI,NY,PHI,-7.0,21057,21000
837,02/10/2023,BOS,CHA,BOS,-10.5,19156,19156
838,02/10/2023,TOR,UTAH,TOR,-8.5,19800,19800
839,02/10/2023,MIA,HOU,MIA,-12.0,19600,19600
840,02/10/2023,MEM,MIN,MEM,-6.5,17794,18400
841,02/10/2023,NO,CLE,CLE,-3.0,16398,16867
842,02/10/2023,POR,OKC,POR,-2.5,19424,19441
843,02/10/2023,SAC,DAL,SAC,-4.5,18111,17611
844,02/10/2023,LAC,MIL,MIL,-2.0,16614,19068
845,02/11/2023,BKN,PHI,PHI,-2.5,17732,17732
846,02/11/2023,CHA,DEN,DEN,-6.5,19256,19077
847,02/11/2023,ORL,MIA,MIA,-1.0,18223,18500
848,02/11/2023,WSH,IND,WSH,-5.5,18387,20600
849,02/11/2023,ATL,SA,ATL,-12.5,17875,16888
850,02/11/2023,NY,UTAH,NY,-5.5,19339,19763
851,02/11/2023,CLE,CHI,CLE,-6.5,19432,19432
852,02/11/2023,GS,LAL,GS,-5.5,18064,18064
853,02/11/2023,SAC,DAL,DAL,-1.5,18111,17611
854,02/12/2023,BOS,MEM,BOS,-3.0,19156,19156
855,02/12/2023,TOR,DET,TOR,-11.0,19800,19800
856,02/13/2023,CHA,ATL,ATL,-5.5,14078,19077
857,02/13/2023,CLE,SA,CLE,-16.0,19432,19432
858,02/13/2023,IND,UTAH,UTAH,-1.0,15004,17923
859,02/13/2023,PHI,HOU,PHI,-14.0,19850,21000
860,02/13/2023,MIA,DEN,EVEN,0,19755,19600
861,02/13/2023,NY,BKN,NY,-3.0,19812,19763
862,02/13/2023,CHI,ORL,CHI,-4.0,20767,20917
863,02/13/2023,OKC,NO,OKC,-3.0,14920,18203
864,02/13/2023,DAL,MIN,DAL,-5.5,20325,19200
865,02/13/2023,GS,WSH,GS,-3.5,18064,18064
866,02/13/2023,POR,LAL,POR,-2.0,18299,19441
867,02/14/2023,TOR,ORL,TOR,-7.5,19800,19800
868,02/14/2023,MIL,BOS,MIL,-9.5,17623,17341
869,02/14/2023,PHX,SAC,PHX,-2.5,17071,17071
870,02/14/2023,LAC,GS,LAC,-8.0,16741,19068
871,02/14/2023,POR,WSH,WSH,-1.5,18004,19441
872,02/15/2023,CHA,SA,CHA,-5.0,14155,19077
873,02/15/2023,IND,CHI,IND,-2.5,15599,17923
874,02/15/2023,PHI,CLE,PHI,-1.5,21134,21000
875,02/15/2023,ATL,NY,ATL,-4.0,17771,16888
876,02/15/2023,BOS,DET,BOS,-12.0,19156,19156
877,02/15/2023,BKN,MIA,BKN,-1.5,17963,17732
878,02/15/2023,MEM,UTAH,MEM,-11.5,16748,18400
879,02/15/2023,OKC,HOU,OKC,-9.5,14988,18203
880,02/15/2023,DEN,DAL,DEN,-6.0,19627,19520
881,02/15/2023,LAL,NO,LAL,-4.5,18997,19068
882,02/16/2023,CHI,MIL,MIL,-7.5,20308,20917
883,02/16/2023,MIN,WSH,MIN,-3.5,17136,19356
884,02/16/2023,PHX,LAC,LAC,-1.0,17071,17071
885,02/23/2023,CLE,DEN,CLE,-3.0,19432,19432
886,02/23/2023,IND,BOS,BOS,-8.0,16125,17923
887,02/23/2023,ORL,DET,ORL,-8.0,18846,18500
888,02/23/2023,PHI,MEM,PHI,-3.0,21205,21000
889,02/23/2023,TOR,NO,TOR,-4.5,19800,19800
890,02/23/2023,DAL,SA,DAL,-14.0,20287,19200
891,02/23/2023,UTAH,OKC,UTAH,-1.5,18206,18206
892,02/23/2023,LAL,GS,LAL,-6.0,18997,19068
893,02/23/2023,SAC,POR,SAC,-11.0,18041,17611
894,02/24/2023,WSH,NY,NY,-1.0,20476,20600
895,02/24/2023,ATL,CLE,EVEN,0,18065,16888
896,02/24/2023,MIL,MIA,MIL,-5.0,17676,17341
897,02/24/2023,MIN,CHA,MIN,-7.5,17136,19356
898,02/24/2023,PHX,OKC,PHX,-9.0,17071,17071
899,02/24/2023,CHI,BKN,CHI,-2.0,21286,20917
900,02/24/2023,GS,HOU,GS,-8.5,18064,18064
901,02/24/2023,LAC,SAC,LAC,-6.0,19068,19068
902,02/25/2023,DET,TOR,TOR,-8.5,20190,20332
903,02/25/2023,CHA,MIA,MIA,-6.5,19109,19077
904,02/25/2023,ORL,IND,ORL,-2.5,19231,18500
905,02/25/2023,NY,NO,NY,-4.0,19812,19763
906,02/25/2023,MEM,DEN,MEM,-3.0,18302,18400
907,02/25/2023,PHI,BOS,PHI,-1.0,20993,21000
908,02/25/2023,UTAH,SA,UTAH,-10.5,18206,18206
909,02/26/2023,MIL,PHX,MIL,-3.0,17636,17341
910,02/26/2023,ATL,BKN,ATL,-7.0,16983,16888
911,02/26/2023,CHI,WSH,CHI,-6.0,21106,20917
912,02/26/2023,DAL,LAL,DAL,-4.5,20411,19200
913,02/26/2023,CLE,TOR,CLE,-7.5,19432,19432
914,02/26/2023,OKC,SAC,SAC,-4.0,15147,18203
915,02/26/2023,GS,MIN,GS,-2.0,18064,18064
916,02/26/2023,POR,HOU,POR,-9.5,19215,19441
917,02/26/2023,DEN,LAC,DEN,-4.0,19689,19520
918,02/27/2023,CHA,DET,CHA,-7.0,14184,19077
919,02/27/2023,PHI,MIA,PHI,-5.5,20859,21000
920,02/27/2023,NY,BOS,BOS,-2.0,19812,19763
921,02/27/2023,NO,ORL,NO,-5.0,16038,16867
922,02/28/2023,ATL,WSH,ATL,-7.5,17395,16888
923,02/28/2023,BKN,MIL,MIL,-6.5,17732,17732
924,02/28/2023,TOR,CHI,TOR,-4.5,19800,19800
925,02/28/2023,HOU,DEN,DEN,-12.0,15368,18055
926,02/28/2023,MEM,LAL,MEM,-9.0,17794,18400
927,02/28/2023,OKC,SAC,SAC,-2.5,13353,18203
928,02/28/2023,DAL,IND,DAL,-8.5,20277,19200
929,02/28/2023,UTAH,SA,UTAH,-10.0,18206,18206
930,02/28/2023,GS,POR,GS,-5.0,18064,18064
931,02/28/2023,LAC,MIN,LAC,-6.5,17022,19068
932,03/1/2023,CHA,PHX,PHX,-10.5,19137,19077
933,03/1/2023,DET,CHI,CHI,-7.0,18098,20332
934,03/1/2023,BOS,CLE,BOS,-5.0,19156,19156
935,03/1/2023,MIA,PHI,MIA,-4.0,19600,19600
936,03/1/2023,NY,BKN,NY,-8.0,19812,19763
937,03/1/2023,HOU,MEM,MEM,-11.0,15919,18055
938,03/1/2023,MIL,ORL,MIL,-8.0,17354,17341
939,03/1/2023,OKC,LAL,OKC,-3.0,17114,18203
940,03/1/2023,POR,NO,POR,-3.0,18566,19441
941,03/2/2023,WSH,TOR,TOR,-1.5,14643,20600
942,03/2/2023,DAL,PHI,DAL,-4.0,20002,19200
943,03/2/2023,SA,IND,IND,-4.0,14617,18354
944,03/2/2023,GS,LAC,LAC,-3.0,18064,18064
945,03/3/2023,CHA,ORL,ORL,-4.0,16683,19077
946,03/3/2023,ATL,POR,ATL,-8.0,17521,16888
947,03/3/2023,BOS,BKN,BOS,-11.0,19156,19156
948,03/3/2023,MIA,NY,EVEN,0,19600,19600
949,03/3/2023,CHI,PHX,PHX,-3.5,21169,20917
950,03/3/2023,OKC,UTAH,OKC,-1.0,16538,18203
951,03/3/2023,DEN,MEM,DEN,-6.0,19641,19520
952,03/3/2023,GS,NO,GS,-5.0,18064,18064
953,03/3/2023,SAC,LAC,SAC,-7.5,18111,17611
954,03/3/2023,LAL,MIN,MIN,-1.5,18997,19068
955,03/4/2023,WSH,TOR,TOR,-2.5,18174,20600
956,03/4/2023,CLE,DET,CLE,-16.0,19432,19432
957,03/4/2023,MIA,ATL,MIA,-3.0,19600,19600
958,03/4/2023,SA,HOU,HOU,-1.0,18354,18354
959,03/4/2023,MIL,PHI,MIL,-4.5,18100,17341
960,03/4/2023,SAC,MIN,SAC,-4.0,18111,17611
961,03/5/2023,DAL,PHX,PHX,-2.0,20311,19200
962,03/5/2023,CHI,IND,CHI,-5.5,21225,20917
963,03/5/2023,LAL,GS,GS,-5.0,18997,19068
964,03/5/2023,BKN,CHA,BKN,-8.0,17921,17732
965,03/5/2023,ORL,POR,ORL,-3.0,18846,18500
966,03/5/2023,HOU,SA,HOU,-4.5,16721,18055
967,03/5/2023,OKC,UTAH,OKC,-6.5,14778,18203
968,03/5/2023,BOS,NY,BOS,-6.5,19156,19156
969,03/5/2023,LAC,MEM,LAC,-7.5,19068,19068
970,03/6/2023,CLE,BOS,CLE,-7.5,19432,19432
971,03/6/2023,IND,PHI,PHI,-6.0,15008,17923
972,03/5/2023,WSH,MIL,MIL,-5.5,18746,20600
973,03/6/2023,MIA,ATL,MIA,-2.5,19600,19600
974,03/6/2023,DEN,TOR,DEN,-6.5,19520,19520
975,03/6/2023,SAC,NO,SAC,-4.5,17708,17611
976,03/6/2023,DET,POR,POR,-4.5,16989,20332
977,03/7/2023,ORL,MIL,MIL,-2.0,16110,18500
978,03/7/2023,NY,CHA,NY,-10.0,19812,19763
979,03/7/2023,MIN,PHI,MIN,-3.5,17136,19356
980,03/7/2023,HOU,BKN,BKN,-6.5,14833,18055
981,03/7/2023,OKC,GS,GS,-4.0,16142,18203
982,03/7/2023,DAL,UTAH,DAL,-10.5,20277,19200
983,03/7/2023,LAL,MEM,MEM,-1.5,18997,19068
984,03/8/2023,WSH,ATL,ATL,-3.0,15087,20600
985,03/8/2023,BOS,POR,BOS,-9.5,19156,19156
986,03/8/2023,MIA,CLE,CLE,-1.0,19600,19600
987,03/8/2023,NO,DAL,DAL,-2.5,17473,16867
988,03/8/2023,DEN,CHI,DEN,-9.0,19896,19520
989,03/8/2023,PHX,OKC,PHX,-11.5,17071,17071
990,03/8/2023,LAC,TOR,LAC,-2.5,17397,19068
991,03/9/2023,DET,CHA,CHA,-3.5,17121,20332
992,03/9/2023,IND,HOU,IND,-9.5,16027,17923
993,03/9/2023,ORL,UTAH,ORL,-4.0,16552,18500
994,03/9/2023,MIL,BKN,MIL,-9.5,17341,17341
995,03/9/2023,MEM,GS,GS,-3.0,17794,18400
996,03/9/2023,SAC,NY,SAC,-2.0,18068,17611
997,03/10/2023,PHI,POR,PHI,-8.5,21001,21000
998,03/10/2023,WSH,ATL,ATL,-1.5,18161,20600
999,03/10/2023,MIA,CLE,MIA,-3.0,19757,19600
1000,03/10/2023,MIN,BKN,MIN,-4.5,17136,19356
1001,03/10/2023,SA,DEN,DEN,-12.5,18354,18354
1002,03/10/2023,LAL,TOR,TOR,-3.0,18322,19068
1003,03/11/2023,LAC,NY,LAC,-5.0,19068,19068
1004,03/11/2023,CHA,UTAH,UTAH,-1.0,17221,19077
1005,03/11/2023,DET,IND,IND,-3.5,20190,20332
1006,03/11/2023,ORL,MIA,MIA,-2.5,17347,18500
1007,03/11/2023,ATL,BOS,BOS,-5.5,17884,16888
1008,03/11/2023,HOU,CHI,CHI,-7.5,18055,18055
1009,03/11/2023,MEM,DAL,MEM,-8.5,17794,18400
1010,03/11/2023,NO,OKC,EVEN,0,17606,16867
1011,03/11/2023,GS,MIL,GS,-3.5,18064,18064
1012,03/11/2023,PHX,SAC,PHX,-4.0,17071,17071
1013,03/12/2023,DEN,BKN,DEN,-9.0,19739,19520
1014,03/12/2023,CHA,CLE,CLE,-10.0,17342,19077
1015,03/12/2023,PHI,WSH,PHI,-7.5,21220,21000
1016,03/12/2023,NO,POR,NO,-3.0,16676,16867
1017,03/12/2023,SA,OKC,OKC,-4.0,17314,18354
1018,03/12/2023,LAL,NY,LAL,-2.5,18997,19068
1019,03/13/2023,DET,IND,IND,-4.5,18313,20332
1020,03/13/2023,ATL,MIN,ATL,-5.0,17799,16888
1021,03/13/2023,MIA,UTAH,MIA,-8.5,19721,19600
1022,03/13/2023,DAL,MEM,MEM,-4.5,20303,19200
1023,03/13/2023,HOU,BOS,BOS,-13.0,18055,18055
1024,03/13/2023,GS,PHX,GS,-4.5,18064,18064
1025,03/13/2023,SAC,MIL,MIL,-3.5,18111,17611
1026,03/14/2023,CHA,CLE,CLE,-5.5,14690,19077
1027,03/14/2023,WSH,DET,WSH,-13.5,15279,20600
1028,03/14/2023,TOR,DEN,DEN,-1.5,19800,19800
1029,03/14/2023,NO,LAL,NO,-1.5,18625,16867
1030,03/14/2023,OKC,BKN,OKC,-1.0,16976,18203
1031,03/14/2023,SA,ORL,ORL,-7.0,13708,18354
1032,03/14/2023,PHX,MIL,MIL,-1.5,17071,17071
1033,03/14/2023,POR,NY,NY,-2.5,19488,19441
1034,03/15/2023,CLE,PHI,PHI,-3.0,19432,19432
1035,03/15/2023,MIA,MEM,MIA,-4.5,19794,19600
1036,03/15/2023,CHI,SAC,SAC,-1.5,21886,20917
1037,03/15/2023,HOU,LAL,LAL,-2.5,18055,18055
1038,03/15/2023,MIN,BOS,BOS,-4.5,17136,19356
1039,03/15/2023,SA,DAL,DAL,-4.0,18354,18354
1040,03/15/2023,LAC,GS,LAC,-2.5,19068,19068
1041,03/16/2023,DET,DEN,DEN,-14.5,17987,20332
1042,03/16/2023,BKN,SAC,BKN,-2.5,18172,17732
1043,03/16/2023,TOR,OKC,TOR,-6.0,19800,19800
1044,03/16/2023,MIL,IND,MIL,-12.0,17797,17341
1045,03/16/2023,PHX,ORL,PHX,-8.0,17071,17071
1046,03/17/2023,CHA,PHI,PHI,-10.5,19096,19077
1047,03/17/2023,ATL,GS,ATL,-3.0,18201,16888
1048,03/17/2023,CLE,WSH,CLE,-6.0,19432,19432
1049,03/17/2023,CHI,MIN,CHI,-2.5,20109,20917
1050,03/17/2023,HOU,NO,NO,-5.5,15841,18055
1051,03/17/2023,SA,MEM,MEM,-9.0,15221,18354
1052,03/17/2023,POR,BOS,BOS,-6.5,19393,19441
1053,03/17/2023,LAL,DAL,LAL,-3.5,18997,19068
1054,03/18/2023,NY,DEN,NY,-1.0,19812,19763
1055,03/18/2023,LAC,ORL,LAC,-6.5,17533,19068
1056,03/18/2023,IND,PHI,PHI,-4.5,17274,17923
1057,03/18/2023,TOR,MIN,TOR,-9.0,19800,19800
1058,03/18/2023,WSH,SAC,SAC,-5.0,18529,20600
1059,03/18/2023,CHI,MIA,MIA,-2.5,20094,20917
1060,03/18/2023,MEM,GS,GS,-1.5,18396,18400
1061,03/18/2023,UTAH,BOS,BOS,-4.5,18206,18206
1062,03/19/2023,BKN,DEN,DEN,-3.0,18235,17732
1063,03/19/2023,OKC,PHX,OKC,-1.0,17897,18203
1064,03/19/2023,SA,ATL,ATL,-10.0,16311,18354
1065,03/19/2023,DET,MIA,MIA,-10.0,20190,20332
1066,03/19/2023,HOU,NO,NO,-6.0,14209,18055
1067,03/19/2023,MIL,TOR,MIL,-7.0,17341,17341
1068,03/19/2023,POR,LAC,LAC,-4.5,18714,19441
1069,03/19/2023,LAL,ORL,LAL,-6.5,18997,19068
1070,03/20/2023,CHA,IND,IND,-2.5,12449,19077
1071,03/20/2023,PHI,CHI,PHI,-8.5,21145,21000
1072,03/20/2023,NY,MIN,NY,-8.0,19812,19763
1073,03/20/2023,HOU,GS,GS,-11.5,16116,18055
1074,03/20/2023,MEM,DAL,MEM,-4.5,17794,18400
1075,03/20/2023,UTAH,SAC,SAC,-7.0,18206,18206
1076,03/21/2023,ORL,WSH,ORL,-1.5,16096,18500
1077,03/21/2023,ATL,DET,ATL,-13.5,17129,16888
1078,03/21/2023,BKN,CLE,CLE,-4.0,17732,17732
1079,03/21/2023,NO,SA,NO,-13.5,15466,16867
1080,03/21/2023,SAC,BOS,BOS,-5.0,18111,17611
1081,03/21/2023,LAC,OKC,LAC,-6.5,19068,19068
1082,03/22/2023,WSH,DEN,DEN,-9.0,16508,20600
1083,03/22/2023,MIA,NY,MIA,-2.0,19863,19600
1084,03/22/2023,TOR,IND,TOR,-8.5,19800,19800
1085,03/22/2023,DAL,GS,GS,-3.5,20377,19200
1086,03/22/2023,CHI,PHI,PHI,-1.5,20946,20917
1087,03/22/2023,MEM,HOU,MEM,-12.0,17794,18400
1088,03/22/2023,MIL,SA,MIL,-19.0,17756,17341
1089,03/22/2023,MIN,ATL,MIN,-3.5,17136,19356
1090,03/22/2023,UTAH,POR,UTAH,-5.5,[],[]
1091,03/22/2023,LAL,PHX,LAL,-1.0,18435,19068
1092,03/23/2023,ORL,NY,NY,-2.5,17607,18500
1093,03/23/2023,BKN,CLE,CLE,-3.5,17732,17732
1094,03/23/2023,NO,CHA,NO,-9.0,15749,16867
1095,03/23/2023,LAC,OKC,LAC,-5.0,17307,19068
1096,03/24/2023,BOS,IND,BOS,-11.0,19156,19156
1097,03/24/2023,WSH,SA,WSH,-8.5,17004,20600
1098,03/24/2023,TOR,DET,TOR,-13.5,19800,19800
1099,03/24/2023,MEM,HOU,MEM,-13.0,17851,18400
1100,03/24/2023,DAL,CHA,DAL,-16.0,20347,19200
1101,03/24/2023,UTAH,MIL,MIL,-10.0,18206,18206
1102,03/24/2023,GS,PHI,GS,-4.5,18064,18064
1103,03/24/2023,POR,CHI,CHI,-7.5,19393,19441
1104,03/24/2023,SAC,PHX,SAC,-4.0,18151,17611
1105,03/24/2023,LAL,OKC,LAL,-3.5,18997,19068
1106,03/25/2023,ATL,IND,ATL,-10.0,17699,16888
1107,03/25/2023,MIA,BKN,MIA,-6.0,19680,19600
1108,03/25/2023,DEN,MIL,DEN,-3.5,19919,19520
1109,03/25/2023,PHX,PHI,PHX,-1.0,17071,17071
1110,03/25/2023,SAC,UTAH,SAC,-9.0,18151,17611
1111,03/25/2023,LAC,NO,LAC,-5.0,17702,19068
1112,03/26/2023,CHA,DAL,DAL,-12.5,19264,19077
1113,03/26/2023,LAL,CHI,LAL,-5.0,18997,19068
1114,03/26/2023,ATL,MEM,MEM,-2.0,18056,16888
1115,03/26/2023,BOS,SA,BOS,-17.0,19156,19156
1116,03/26/2023,CLE,HOU,CLE,-13.5,19432,19432
1117,03/26/2023,ORL,BKN,ORL,-1.5,17862,18500
1118,03/26/2023,TOR,WSH,TOR,-10.0,19800,19800
1119,03/26/2023,POR,OKC,OKC,-10.5,18626,19441
1120,03/26/2023,GS,MIN,GS,-5.5,18064,18064
1121,03/27/2023,DET,MIL,MIL,-11.5,21090,20332
1122,03/27/2023,IND,DAL,DAL,-7.5,17022,17923
1123,03/27/2023,NY,HOU,NY,-13.0,19812,19763
1124,03/27/2023,UTAH,PHX,PHX,-4.5,18206,18206
1125,03/27/2023,DEN,PHI,DEN,-10.0,19781,19520
1126,03/27/2023,POR,NO,NO,-12.0,17943,19441
1127,03/27/2023,SAC,MIN,SAC,-5.5,18151,17611
1128,03/27/2023,LAC,CHI,LAC,-4.5,19068,19068
1129,03/28/2023,WSH,BOS,BOS,-11.0,20476,20600
1130,03/28/2023,ATL,CLE,ATL,-3.0,17748,16888
1131,03/28/2023,TOR,MIA,TOR,-6.0,19800,19800
1132,03/28/2023,MEM,ORL,MEM,-6.0,16507,18400
1133,03/28/2023,OKC,CHA,OKC,-10.0,15428,18203
1134,03/28/2023,GS,NO,GS,-8.5,18064,18064
1135,03/29/2023,IND,MIL,MIL,-13.0,16524,17923
1136,03/29/2023,BKN,HOU,BKN,-10.5,17074,17732
1137,03/29/2023,NY,MIA,NY,-5.5,19812,19763
1138,03/29/2023,PHI,DAL,PHI,-5.5,20583,21000
1139,03/29/2023,CHI,LAL,LAL,-4.5,21739,20917
1140,03/29/2023,MEM,LAC,MEM,-2.0,16775,18400
1141,03/29/2023,OKC,DET,OKC,-9.5,15047,18203
1142,03/29/2023,SA,UTAH,UTAH,-2.0,18354,18354
1143,03/29/2023,PHX,MIN,PHX,-6.0,17071,17071
1144,03/29/2023,POR,SAC,SAC,-14.5,18550,19441
1145,03/30/2023,MIL,BOS,MIL,-2.0,18073,17341
1146,03/30/2023,DEN,NO,DEN,-2.0,19728,19520
1147,03/31/2023,CHA,CHI,CHI,-11.5,18768,19077
1148,03/31/2023,IND,OKC,OKC,-6.0,16506,17923
1149,03/31/2023,PHI,TOR,PHI,-4.0,20993,21000
1150,03/31/2023,WSH,ORL,ORL,-4.0,16411,20600
1151,03/31/2023,BOS,UTAH,BOS,-13.5,19156,19156
1152,03/31/2023,BKN,ATL,ATL,-1.5,17849,17732
1153,03/31/2023,CLE,NY,CLE,-3.5,19432,19432
1154,03/31/2023,HOU,DET,HOU,-6.5,15844,18055
1155,03/31/2023,MEM,LAC,MEM,-5.5,16376,18400
1156,03/31/2023,MIN,LAL,LAL,-1.0,18978,19356
1157,03/31/2023,GS,SA,GS,-18.5,18064,18064
1158,03/31/2023,POR,SAC,SAC,-14.5,18389,19441
1159,03/31/2023,PHX,DEN,PHX,-13.5,17071,17071
1160,04/1/2023,MIA,DAL,DAL,-2.5,20011,19600
1161,04/1/2023,NO,LAC,NO,-4.0,18399,16867
1162,04/2/2023,CHA,TOR,TOR,-15.5,16052,19077
1163,04/2/2023,BKN,UTAH,BKN,-7.5,17732,17732
1164,04/2/2023,CHI,MEM,MEM,-1.0,20944,20917
1165,04/2/2023,MIN,POR,MIN,-19.5,18978,19356
1166,04/2/2023,ATL,DAL,ATL,-3.0,17678,16888
1167,04/2/2023,NY,WSH,NY,-11.5,19812,19763
1168,04/2/2023,ORL,DET,ORL,-11.5,19431,18500
1169,04/2/2023,SAC,SA,SAC,-16.0,18183,17611
1170,04/2/2023,HOU,LAL,LAL,-12.0,18204,18055
1171,04/2/2023,OKC,PHX,PHX,-5.0,17981,18203
1172,04/2/2023,CLE,IND,CLE,-13.0,19432,19432
1173,04/2/2023,MIL,PHI,MIL,-5.0,17532,17341
1174,04/2/2023,DEN,GS,GS,-4.0,19752,19520
1175,04/4/2023,CHA,TOR,TOR,-16.0,14965,19077
1176,04/4/2023,DET,MIA,MIA,-14.0,18453,20332
1177,04/4/2023,ORL,CLE,CLE,-4.0,19449,18500
1178,04/4/2023,WSH,MIL,MIL,-14.0,19098,20600
1179,04/4/2023,BKN,MIN,MIN,-3.0,17893,17732
1180,04/4/2023,PHI,BOS,PHI,-3.5,21104,21000
1181,04/4/2023,CHI,ATL,CHI,-5.5,21717,20917
1182,04/4/2023,HOU,DEN,DEN,-11.5,16924,18055
1183,04/4/2023,MEM,POR,MEM,-18.5,17558,18400
1184,04/4/2023,NO,SAC,NO,-4.5,15799,16867
1185,04/4/2023,UTAH,LAL,LAL,-11.0,18206,18206
1186,04/4/2023,GS,OKC,GS,-7.5,18064,18064
1187,04/4/2023,PHX,SA,PHX,-19.0,17071,17071
1188,04/5/2023,DET,BKN,BKN,-11.5,18313,20332
1189,04/5/2023,IND,NY,NY,-5.0,16789,17923
1190,04/5/2023,ATL,WSH,ATL,-13.0,17727,16888
1191,04/5/2023,BOS,TOR,TOR,-1.5,19156,19156
1192,04/5/2023,MIL,CHI,MIL,-5.5,17679,17341
1193,04/5/2023,NO,MEM,NO,-6.5,17232,16867
1194,04/5/2023,DAL,SAC,DAL,-6.0,20271,19200
1195,04/5/2023,LAC,LAL,LAL,-1.0,19068,19068
1196,04/6/2023,ORL,CLE,ORL,-5.0,19235,18500
1197,04/6/2023,PHI,MIA,PHI,-2.5,21178,21000
1198,04/6/2023,SA,POR,SA,-5.0,16023,10763
1199,04/6/2023,UTAH,OKC,OKC,-7.0,18206,18206
1200,04/6/2023,PHX,DEN,PHX,-13.5,17071,17071
1201,04/7/2023,CHA,HOU,HOU,-5.5,19102,19077
1202,04/7/2023,IND,DET,IND,-6.5,17274,17923
1203,04/7/2023,WSH,MIA,MIA,-3.5,20476,20600
1204,04/7/2023,ATL,PHI,ATL,-11.5,17627,16888
1205,04/7/2023,BOS,TOR,TOR,-2.0,19156,19156
1206,04/7/2023,BKN,ORL,BKN,-9.5,18177,17732
1207,04/7/2023,MIL,MEM,MEM,-8.5,18010,17341
1208,04/7/2023,NO,NY,NO,-8.0,18656,16867
1209,04/7/2023,DAL,CHI,DAL,-2.0,20313,19200
1210,04/7/2023,SAC,GS,GS,-11.0,18253,17611
1211,04/7/2023,LAL,PHX,LAL,-13.0,18997,19068
1212,04/8/2023,UTAH,DEN,DEN,-10.0,18206,18206
1213,04/8/2023,SA,MIN,MIN,-15.0,16148,10763
1214,04/8/2023,LAC,POR,LAC,-17.0,19068,19068
1215,04/9/2023,BOS,ATL,BOS,-4.5,19156,19156
1216,04/9/2023,BKN,PHI,BKN,-1.0,17732,17732
1217,04/9/2023,CLE,CHA,CLE,-6.5,19432,19432
1218,04/9/2023,MIA,ORL,MIA,-5.0,19894,19600
1219,04/9/2023,NY,IND,NY,-9.5,19812,19763
1220,04/9/2023,TOR,MIL,TOR,-3.5,19800,19800
1221,04/9/2023,WSH,HOU,HOU,-4.0,15233,20600
1222,04/9/2023,CHI,DET,CHI,-8.5,21530,20917
1223,04/9/2023,DAL,SA,DAL,-3.5,20141,19200
1224,04/9/2023,MIN,NO,MIN,-3.5,18978,19356
1225,04/9/2023,OKC,MEM,OKC,-1.5,16601,18203
1226,04/9/2023,DEN,SAC,SAC,-5.5,19652,19520
1227,04/9/2023,LAL,UTAH,LAL,-16.5,18997,19068
1228,04/9/2023,PHX,LAC,LAC,-10.0,17071,17071
1229,04/9/2023,POR,GS,GS,-17.0,19731,19441
