,Test Size,N Estimators,Accuracy
0,0.3,500.0,0.6409395973154363
1,0.3,510.0,0.6375838926174496
2,0.3,520.0,0.6375838926174496
3,0.3,530.0,0.6308724832214765
4,0.3,540.0,0.6308724832214765
5,0.3,550.0,0.6342281879194631
6,0.3,560.0,0.6375838926174496
7,0.3,570.0,0.6409395973154363
8,0.3,580.0,0.6375838926174496
9,0.3,590.0,0.6375838926174496
10,0.3,600.0,0.6409395973154363
11,0.3,610.0,0.6409395973154363
12,0.3,620.0,0.6442953020134228
13,0.3,630.0,0.6442953020134228
14,0.3,640.0,0.6442953020134228
15,0.3,650.0,0.6442953020134228
16,0.3,660.0,0.6442953020134228
17,0.3,670.0,0.6409395973154363
18,0.3,680.0,0.6409395973154363
19,0.3,690.0,0.6409395973154363
20,0.3,700.0,0.6409395973154363
21,0.3,710.0,0.6409395973154363
22,0.3,720.0,0.6409395973154363
23,0.3,730.0,0.6442953020134228
24,0.3,740.0,0.6442953020134228
25,0.3,750.0,0.6442953020134228
26,0.3,760.0,0.6442953020134228
27,0.3,770.0,0.6442953020134228
28,0.3,780.0,0.6442953020134228
29,0.3,790.0,0.6442953020134228
30,0.3,800.0,0.6476510067114094
31,0.3,810.0,0.6476510067114094
32,0.3,820.0,0.6442953020134228
33,0.3,830.0,0.6476510067114094
34,0.3,840.0,0.6442953020134228
35,0.3,850.0,0.6409395973154363
36,0.3,860.0,0.6442953020134228
37,0.3,870.0,0.6409395973154363
38,0.3,880.0,0.6409395973154363
39,0.3,890.0,0.6409395973154363
40,0.3,900.0,0.6409395973154363
41,0.3,910.0,0.6409395973154363
42,0.3,920.0,0.6442953020134228
43,0.3,930.0,0.6409395973154363
44,0.3,940.0,0.6442953020134228
45,0.3,950.0,0.6442953020134228
46,0.3,960.0,0.6442953020134228
47,0.3,970.0,0.6409395973154363
48,0.3,980.0,0.6442953020134228
49,0.3,990.0,0.6476510067114094
50,0.3,1000.0,0.6442953020134228
51,0.3,1010.0,0.6476510067114094
52,0.3,1020.0,0.6442953020134228
53,0.3,1030.0,0.6442953020134228
54,0.3,1040.0,0.6476510067114094
55,0.3,1050.0,0.6476510067114094
56,0.3,1060.0,0.6476510067114094
57,0.3,1070.0,0.6510067114093959
58,0.3,1080.0,0.6510067114093959
59,0.3,1090.0,0.6510067114093959
60,0.3,1100.0,0.6476510067114094
61,0.3,1110.0,0.6442953020134228
62,0.3,1120.0,0.6476510067114094
63,0.3,1130.0,0.6409395973154363
64,0.3,1140.0,0.6442953020134228
65,0.3,1150.0,0.6476510067114094
66,0.3,1160.0,0.6476510067114094
67,0.3,1170.0,0.6476510067114094
68,0.3,1180.0,0.6476510067114094
69,0.3,1190.0,0.6543624161073825
70,0.3,1200.0,0.6476510067114094
71,0.3,1210.0,0.6476510067114094
72,0.3,1220.0,0.6476510067114094
73,0.3,1230.0,0.6510067114093959
74,0.3,1240.0,0.6510067114093959
75,0.3,1250.0,0.6476510067114094
76,0.3,1260.0,0.6442953020134228
77,0.3,1270.0,0.6442953020134228
78,0.3,1280.0,0.6510067114093959
79,0.3,1290.0,0.6476510067114094
80,0.3,1300.0,0.6476510067114094
81,0.3,1310.0,0.6476510067114094
82,0.3,1320.0,0.6510067114093959
83,0.3,1330.0,0.6510067114093959
84,0.3,1340.0,0.6543624161073825
85,0.3,1350.0,0.6510067114093959
86,0.3,1360.0,0.6510067114093959
87,0.3,1370.0,0.6442953020134228
88,0.3,1380.0,0.6476510067114094
89,0.3,1390.0,0.6476510067114094
90,0.3,1400.0,0.6442953020134228
91,0.3,1410.0,0.6442953020134228
92,0.3,1420.0,0.6442953020134228
93,0.3,1430.0,0.6510067114093959
94,0.3,1440.0,0.6476510067114094
95,0.3,1450.0,0.6442953020134228
96,0.3,1460.0,0.6442953020134228
97,0.3,1470.0,0.6442953020134228
98,0.3,1480.0,0.6442953020134228
99,0.3,1490.0,0.6409395973154363
100,0.3,1500.0,0.6409395973154363
101,0.31,500.0,0.6461038961038961
102,0.31,510.0,0.6493506493506493
103,0.31,520.0,0.6493506493506493
104,0.31,530.0,0.6525974025974026
105,0.31,540.0,0.6525974025974026
106,0.31,550.0,0.6590909090909091
107,0.31,560.0,0.6461038961038961
108,0.31,570.0,0.6525974025974026
109,0.31,580.0,0.6525974025974026
110,0.31,590.0,0.6461038961038961
111,0.31,600.0,0.6493506493506493
112,0.31,610.0,0.6461038961038961
113,0.31,620.0,0.6461038961038961
114,0.31,630.0,0.6525974025974026
115,0.31,640.0,0.6525974025974026
116,0.31,650.0,0.6525974025974026
117,0.31,660.0,0.6525974025974026
118,0.31,670.0,0.6558441558441559
119,0.31,680.0,0.6558441558441559
120,0.31,690.0,0.6558441558441559
121,0.31,700.0,0.6525974025974026
122,0.31,710.0,0.6558441558441559
123,0.31,720.0,0.6525974025974026
124,0.31,730.0,0.6493506493506493
125,0.31,740.0,0.6525974025974026
126,0.31,750.0,0.6558441558441559
127,0.31,760.0,0.6558441558441559
128,0.31,770.0,0.6558441558441559
129,0.31,780.0,0.6558441558441559
130,0.31,790.0,0.6558441558441559
131,0.31,800.0,0.6558441558441559
132,0.31,810.0,0.6558441558441559
133,0.31,820.0,0.6558441558441559
134,0.31,830.0,0.6558441558441559
135,0.31,840.0,0.6525974025974026
136,0.31,850.0,0.6558441558441559
137,0.31,860.0,0.6525974025974026
138,0.31,870.0,0.6590909090909091
139,0.31,880.0,0.6525974025974026
140,0.31,890.0,0.6590909090909091
141,0.31,900.0,0.6590909090909091
142,0.31,910.0,0.6590909090909091
143,0.31,920.0,0.6590909090909091
144,0.31,930.0,0.6558441558441559
145,0.31,940.0,0.6525974025974026
146,0.31,950.0,0.6525974025974026
147,0.31,960.0,0.6525974025974026
148,0.31,970.0,0.6525974025974026
149,0.31,980.0,0.6525974025974026
150,0.31,990.0,0.6525974025974026
151,0.31,1000.0,0.6525974025974026
152,0.31,1010.0,0.6525974025974026
153,0.31,1020.0,0.6525974025974026
154,0.31,1030.0,0.6525974025974026
155,0.31,1040.0,0.6558441558441559
156,0.31,1050.0,0.6558441558441559
157,0.31,1060.0,0.6558441558441559
158,0.31,1070.0,0.6558441558441559
159,0.31,1080.0,0.6558441558441559
160,0.31,1090.0,0.6525974025974026
161,0.31,1100.0,0.6525974025974026
162,0.31,1110.0,0.6525974025974026
163,0.31,1120.0,0.6525974025974026
164,0.31,1130.0,0.6525974025974026
165,0.31,1140.0,0.6525974025974026
166,0.31,1150.0,0.6525974025974026
167,0.31,1160.0,0.6525974025974026
168,0.31,1170.0,0.6525974025974026
169,0.31,1180.0,0.6493506493506493
170,0.31,1190.0,0.6525974025974026
171,0.31,1200.0,0.6525974025974026
172,0.31,1210.0,0.6525974025974026
173,0.31,1220.0,0.6493506493506493
174,0.31,1230.0,0.6525974025974026
175,0.31,1240.0,0.6558441558441559
176,0.31,1250.0,0.6493506493506493
177,0.31,1260.0,0.6525974025974026
178,0.31,1270.0,0.6525974025974026
179,0.31,1280.0,0.6558441558441559
180,0.31,1290.0,0.6558441558441559
181,0.31,1300.0,0.6525974025974026
182,0.31,1310.0,0.6558441558441559
183,0.31,1320.0,0.6558441558441559
184,0.31,1330.0,0.6558441558441559
185,0.31,1340.0,0.6558441558441559
186,0.31,1350.0,0.6525974025974026
187,0.31,1360.0,0.6525974025974026
188,0.31,1370.0,0.6525974025974026
189,0.31,1380.0,0.6525974025974026
190,0.31,1390.0,0.6525974025974026
191,0.31,1400.0,0.6525974025974026
192,0.31,1410.0,0.6525974025974026
193,0.31,1420.0,0.6525974025974026
194,0.31,1430.0,0.6558441558441559
195,0.31,1440.0,0.6590909090909091
196,0.31,1450.0,0.6590909090909091
197,0.31,1460.0,0.6558441558441559
198,0.31,1470.0,0.6590909090909091
199,0.31,1480.0,0.6590909090909091
200,0.31,1490.0,0.6590909090909091
201,0.31,1500.0,0.6590909090909091
202,0.32,500.0,0.6477987421383647
203,0.32,510.0,0.6477987421383647
204,0.32,520.0,0.6477987421383647
205,0.32,530.0,0.6446540880503144
206,0.32,540.0,0.6446540880503144
207,0.32,550.0,0.6415094339622641
208,0.32,560.0,0.6415094339622641
209,0.32,570.0,0.6383647798742138
210,0.32,580.0,0.6415094339622641
211,0.32,590.0,0.6383647798742138
212,0.32,600.0,0.6446540880503144
213,0.32,610.0,0.6415094339622641
214,0.32,620.0,0.6415094339622641
215,0.32,630.0,0.6415094339622641
216,0.32,640.0,0.6415094339622641
217,0.32,650.0,0.6383647798742138
218,0.32,660.0,0.6415094339622641
219,0.32,670.0,0.6415094339622641
220,0.32,680.0,0.6383647798742138
221,0.32,690.0,0.6383647798742138
222,0.32,700.0,0.6415094339622641
223,0.32,710.0,0.6415094339622641
224,0.32,720.0,0.6415094339622641
225,0.32,730.0,0.6446540880503144
226,0.32,740.0,0.6383647798742138
227,0.32,750.0,0.6383647798742138
228,0.32,760.0,0.6383647798742138
229,0.32,770.0,0.6383647798742138
230,0.32,780.0,0.6383647798742138
231,0.32,790.0,0.6383647798742138
232,0.32,800.0,0.6383647798742138
233,0.32,810.0,0.6383647798742138
234,0.32,820.0,0.6383647798742138
235,0.32,830.0,0.6415094339622641
236,0.32,840.0,0.6415094339622641
237,0.32,850.0,0.6383647798742138
238,0.32,860.0,0.6383647798742138
239,0.32,870.0,0.6415094339622641
240,0.32,880.0,0.6415094339622641
241,0.32,890.0,0.6446540880503144
242,0.32,900.0,0.6415094339622641
243,0.32,910.0,0.6383647798742138
244,0.32,920.0,0.6352201257861635
245,0.32,930.0,0.6383647798742138
246,0.32,940.0,0.6383647798742138
247,0.32,950.0,0.6415094339622641
248,0.32,960.0,0.6383647798742138
249,0.32,970.0,0.6383647798742138
250,0.32,980.0,0.6320754716981132
251,0.32,990.0,0.6320754716981132
252,0.32,1000.0,0.6289308176100629
253,0.32,1010.0,0.6352201257861635
254,0.32,1020.0,0.6320754716981132
255,0.32,1030.0,0.6289308176100629
256,0.32,1040.0,0.6320754716981132
257,0.32,1050.0,0.6257861635220126
258,0.32,1060.0,0.6320754716981132
259,0.32,1070.0,0.6289308176100629
260,0.32,1080.0,0.6289308176100629
261,0.32,1090.0,0.6289308176100629
262,0.32,1100.0,0.6320754716981132
263,0.32,1110.0,0.6320754716981132
264,0.32,1120.0,0.6320754716981132
265,0.32,1130.0,0.6352201257861635
266,0.32,1140.0,0.6352201257861635
267,0.32,1150.0,0.6320754716981132
268,0.32,1160.0,0.6320754716981132
269,0.32,1170.0,0.6352201257861635
270,0.32,1180.0,0.6352201257861635
271,0.32,1190.0,0.6383647798742138
272,0.32,1200.0,0.6352201257861635
273,0.32,1210.0,0.6352201257861635
274,0.32,1220.0,0.6352201257861635
275,0.32,1230.0,0.6352201257861635
276,0.32,1240.0,0.6383647798742138
277,0.32,1250.0,0.6383647798742138
278,0.32,1260.0,0.6383647798742138
279,0.32,1270.0,0.6383647798742138
280,0.32,1280.0,0.6383647798742138
281,0.32,1290.0,0.6383647798742138
282,0.32,1300.0,0.6383647798742138
283,0.32,1310.0,0.6383647798742138
284,0.32,1320.0,0.6383647798742138
285,0.32,1330.0,0.6383647798742138
286,0.32,1340.0,0.6383647798742138
287,0.32,1350.0,0.6383647798742138
288,0.32,1360.0,0.6383647798742138
289,0.32,1370.0,0.6383647798742138
290,0.32,1380.0,0.6320754716981132
291,0.32,1390.0,0.6352201257861635
292,0.32,1400.0,0.6320754716981132
293,0.32,1410.0,0.6352201257861635
294,0.32,1420.0,0.6320754716981132
295,0.32,1430.0,0.6383647798742138
296,0.32,1440.0,0.6383647798742138
297,0.32,1450.0,0.6383647798742138
298,0.32,1460.0,0.6383647798742138
299,0.32,1470.0,0.6383647798742138
300,0.32,1480.0,0.6383647798742138
301,0.32,1490.0,0.6383647798742138
302,0.32,1500.0,0.6383647798742138
303,0.33,500.0,0.649390243902439
304,0.33,510.0,0.6463414634146342
305,0.33,520.0,0.6371951219512195
306,0.33,530.0,0.6402439024390244
307,0.33,540.0,0.6371951219512195
308,0.33,550.0,0.6371951219512195
309,0.33,560.0,0.6371951219512195
310,0.33,570.0,0.6371951219512195
311,0.33,580.0,0.6371951219512195
312,0.33,590.0,0.6310975609756098
313,0.33,600.0,0.6432926829268293
314,0.33,610.0,0.6432926829268293
315,0.33,620.0,0.6432926829268293
316,0.33,630.0,0.6402439024390244
317,0.33,640.0,0.6371951219512195
318,0.33,650.0,0.6310975609756098
319,0.33,660.0,0.6371951219512195
320,0.33,670.0,0.6371951219512195
321,0.33,680.0,0.6402439024390244
322,0.33,690.0,0.6402439024390244
323,0.33,700.0,0.6371951219512195
324,0.33,710.0,0.6341463414634146
325,0.33,720.0,0.6341463414634146
326,0.33,730.0,0.6402439024390244
327,0.33,740.0,0.6371951219512195
328,0.33,750.0,0.6402439024390244
329,0.33,760.0,0.6341463414634146
330,0.33,770.0,0.6371951219512195
331,0.33,780.0,0.6402439024390244
332,0.33,790.0,0.6371951219512195
333,0.33,800.0,0.6402439024390244
334,0.33,810.0,0.6463414634146342
335,0.33,820.0,0.6402439024390244
336,0.33,830.0,0.6402439024390244
337,0.33,840.0,0.6402439024390244
338,0.33,850.0,0.6402439024390244
339,0.33,860.0,0.6432926829268293
340,0.33,870.0,0.6463414634146342
341,0.33,880.0,0.6463414634146342
342,0.33,890.0,0.6524390243902439
343,0.33,900.0,0.6463414634146342
344,0.33,910.0,0.6463414634146342
345,0.33,920.0,0.649390243902439
346,0.33,930.0,0.6463414634146342
347,0.33,940.0,0.6463414634146342
348,0.33,950.0,0.6463414634146342
349,0.33,960.0,0.6371951219512195
350,0.33,970.0,0.6463414634146342
351,0.33,980.0,0.6463414634146342
352,0.33,990.0,0.6432926829268293
353,0.33,1000.0,0.649390243902439
354,0.33,1010.0,0.6463414634146342
355,0.33,1020.0,0.6432926829268293
356,0.33,1030.0,0.6432926829268293
357,0.33,1040.0,0.6432926829268293
358,0.33,1050.0,0.6463414634146342
359,0.33,1060.0,0.6402439024390244
360,0.33,1070.0,0.6432926829268293
361,0.33,1080.0,0.6432926829268293
362,0.33,1090.0,0.649390243902439
363,0.33,1100.0,0.6463414634146342
364,0.33,1110.0,0.6432926829268293
365,0.33,1120.0,0.649390243902439
366,0.33,1130.0,0.6463414634146342
367,0.33,1140.0,0.6463414634146342
368,0.33,1150.0,0.6463414634146342
369,0.33,1160.0,0.6463414634146342
370,0.33,1170.0,0.6463414634146342
371,0.33,1180.0,0.6463414634146342
372,0.33,1190.0,0.6432926829268293
373,0.33,1200.0,0.6463414634146342
374,0.33,1210.0,0.6463414634146342
375,0.33,1220.0,0.6432926829268293
376,0.33,1230.0,0.6463414634146342
377,0.33,1240.0,0.6463414634146342
378,0.33,1250.0,0.6463414634146342
379,0.33,1260.0,0.6463414634146342
380,0.33,1270.0,0.6463414634146342
381,0.33,1280.0,0.649390243902439
382,0.33,1290.0,0.649390243902439
383,0.33,1300.0,0.649390243902439
384,0.33,1310.0,0.649390243902439
385,0.33,1320.0,0.649390243902439
386,0.33,1330.0,0.649390243902439
387,0.33,1340.0,0.649390243902439
388,0.33,1350.0,0.649390243902439
389,0.33,1360.0,0.649390243902439
390,0.33,1370.0,0.649390243902439
391,0.33,1380.0,0.649390243902439
392,0.33,1390.0,0.649390243902439
393,0.33,1400.0,0.6463414634146342
394,0.33,1410.0,0.649390243902439
395,0.33,1420.0,0.6524390243902439
396,0.33,1430.0,0.649390243902439
397,0.33,1440.0,0.649390243902439
398,0.33,1450.0,0.6554878048780488
399,0.33,1460.0,0.6524390243902439
400,0.33,1470.0,0.649390243902439
401,0.33,1480.0,0.6463414634146342
402,0.33,1490.0,0.6463414634146342
403,0.33,1500.0,0.649390243902439
404,0.34,500.0,0.6379821958456974
405,0.34,510.0,0.6468842729970327
406,0.34,520.0,0.6439169139465876
407,0.34,530.0,0.6379821958456974
408,0.34,540.0,0.6409495548961425
409,0.34,550.0,0.6409495548961425
410,0.34,560.0,0.6498516320474778
411,0.34,570.0,0.6468842729970327
412,0.34,580.0,0.6468842729970327
413,0.34,590.0,0.6439169139465876
414,0.34,600.0,0.6439169139465876
415,0.34,610.0,0.6439169139465876
416,0.34,620.0,0.6350148367952523
417,0.34,630.0,0.6320474777448071
418,0.34,640.0,0.6320474777448071
419,0.34,650.0,0.6350148367952523
420,0.34,660.0,0.6350148367952523
421,0.34,670.0,0.6320474777448071
422,0.34,680.0,0.6261127596439169
423,0.34,690.0,0.6261127596439169
424,0.34,700.0,0.6320474777448071
425,0.34,710.0,0.6350148367952523
426,0.34,720.0,0.6379821958456974
427,0.34,730.0,0.6350148367952523
428,0.34,740.0,0.6350148367952523
429,0.34,750.0,0.6379821958456974
430,0.34,760.0,0.6409495548961425
431,0.34,770.0,0.6350148367952523
432,0.34,780.0,0.6379821958456974
433,0.34,790.0,0.6350148367952523
434,0.34,800.0,0.6409495548961425
435,0.34,810.0,0.6320474777448071
436,0.34,820.0,0.629080118694362
437,0.34,830.0,0.629080118694362
438,0.34,840.0,0.629080118694362
439,0.34,850.0,0.629080118694362
440,0.34,860.0,0.6350148367952523
441,0.34,870.0,0.6261127596439169
442,0.34,880.0,0.6320474777448071
443,0.34,890.0,0.6350148367952523
444,0.34,900.0,0.6350148367952523
445,0.34,910.0,0.6379821958456974
446,0.34,920.0,0.6350148367952523
447,0.34,930.0,0.6409495548961425
448,0.34,940.0,0.6350148367952523
449,0.34,950.0,0.6350148367952523
450,0.34,960.0,0.6350148367952523
451,0.34,970.0,0.6350148367952523
452,0.34,980.0,0.6379821958456974
453,0.34,990.0,0.6350148367952523
454,0.34,1000.0,0.6350148367952523
455,0.34,1010.0,0.6320474777448071
456,0.34,1020.0,0.6409495548961425
457,0.34,1030.0,0.6379821958456974
458,0.34,1040.0,0.6409495548961425
459,0.34,1050.0,0.6409495548961425
460,0.34,1060.0,0.6439169139465876
461,0.34,1070.0,0.6439169139465876
462,0.34,1080.0,0.6409495548961425
463,0.34,1090.0,0.6439169139465876
464,0.34,1100.0,0.6468842729970327
465,0.34,1110.0,0.6409495548961425
466,0.34,1120.0,0.6409495548961425
467,0.34,1130.0,0.6409495548961425
468,0.34,1140.0,0.6409495548961425
469,0.34,1150.0,0.6468842729970327
470,0.34,1160.0,0.6468842729970327
471,0.34,1170.0,0.6528189910979229
472,0.34,1180.0,0.6528189910979229
473,0.34,1190.0,0.6468842729970327
474,0.34,1200.0,0.6498516320474778
475,0.34,1210.0,0.6468842729970327
476,0.34,1220.0,0.6439169139465876
477,0.34,1230.0,0.6439169139465876
478,0.34,1240.0,0.6468842729970327
479,0.34,1250.0,0.6498516320474778
480,0.34,1260.0,0.6498516320474778
481,0.34,1270.0,0.6498516320474778
482,0.34,1280.0,0.6498516320474778
483,0.34,1290.0,0.6498516320474778
484,0.34,1300.0,0.6409495548961425
485,0.34,1310.0,0.6439169139465876
486,0.34,1320.0,0.6409495548961425
487,0.34,1330.0,0.6379821958456974
488,0.34,1340.0,0.6379821958456974
489,0.34,1350.0,0.6409495548961425
490,0.34,1360.0,0.6379821958456974
491,0.34,1370.0,0.6439169139465876
492,0.34,1380.0,0.6439169139465876
493,0.34,1390.0,0.6409495548961425
494,0.34,1400.0,0.6409495548961425
495,0.34,1410.0,0.6409495548961425
496,0.34,1420.0,0.6350148367952523
497,0.34,1430.0,0.6350148367952523
498,0.34,1440.0,0.6350148367952523
499,0.34,1450.0,0.6350148367952523
500,0.34,1460.0,0.6409495548961425
501,0.34,1470.0,0.6379821958456974
502,0.34,1480.0,0.6379821958456974
503,0.34,1490.0,0.6350148367952523
504,0.34,1500.0,0.6409495548961425
505,0.35,500.0,0.6311239193083573
506,0.35,510.0,0.6340057636887608
507,0.35,520.0,0.6340057636887608
508,0.35,530.0,0.6340057636887608
509,0.35,540.0,0.6368876080691642
510,0.35,550.0,0.6340057636887608
511,0.35,560.0,0.6340057636887608
512,0.35,570.0,0.6311239193083573
513,0.35,580.0,0.6340057636887608
514,0.35,590.0,0.6368876080691642
515,0.35,600.0,0.6397694524495677
516,0.35,610.0,0.6340057636887608
517,0.35,620.0,0.6340057636887608
518,0.35,630.0,0.6340057636887608
519,0.35,640.0,0.6282420749279539
520,0.35,650.0,0.6282420749279539
521,0.35,660.0,0.6253602305475504
522,0.35,670.0,0.6311239193083573
523,0.35,680.0,0.6340057636887608
524,0.35,690.0,0.6340057636887608
525,0.35,700.0,0.6282420749279539
526,0.35,710.0,0.6282420749279539
527,0.35,720.0,0.6253602305475504
528,0.35,730.0,0.6253602305475504
529,0.35,740.0,0.6311239193083573
530,0.35,750.0,0.6311239193083573
531,0.35,760.0,0.6311239193083573
532,0.35,770.0,0.6311239193083573
533,0.35,780.0,0.6282420749279539
534,0.35,790.0,0.6282420749279539
535,0.35,800.0,0.6253602305475504
536,0.35,810.0,0.6253602305475504
537,0.35,820.0,0.6282420749279539
538,0.35,830.0,0.6311239193083573
539,0.35,840.0,0.6311239193083573
540,0.35,850.0,0.6311239193083573
541,0.35,860.0,0.6282420749279539
542,0.35,870.0,0.6282420749279539
543,0.35,880.0,0.6282420749279539
544,0.35,890.0,0.6282420749279539
545,0.35,900.0,0.6311239193083573
546,0.35,910.0,0.6282420749279539
547,0.35,920.0,0.6282420749279539
548,0.35,930.0,0.6282420749279539
549,0.35,940.0,0.6282420749279539
550,0.35,950.0,0.6253602305475504
551,0.35,960.0,0.622478386167147
552,0.35,970.0,0.622478386167147
553,0.35,980.0,0.6253602305475504
554,0.35,990.0,0.622478386167147
555,0.35,1000.0,0.622478386167147
556,0.35,1010.0,0.6282420749279539
557,0.35,1020.0,0.6282420749279539
558,0.35,1030.0,0.6311239193083573
559,0.35,1040.0,0.6282420749279539
560,0.35,1050.0,0.6282420749279539
561,0.35,1060.0,0.6253602305475504
562,0.35,1070.0,0.6253602305475504
563,0.35,1080.0,0.6282420749279539
564,0.35,1090.0,0.6282420749279539
565,0.35,1100.0,0.6340057636887608
566,0.35,1110.0,0.6340057636887608
567,0.35,1120.0,0.6282420749279539
568,0.35,1130.0,0.6311239193083573
569,0.35,1140.0,0.6282420749279539
570,0.35,1150.0,0.6282420749279539
571,0.35,1160.0,0.6253602305475504
572,0.35,1170.0,0.6282420749279539
573,0.35,1180.0,0.6311239193083573
574,0.35,1190.0,0.6311239193083573
575,0.35,1200.0,0.6311239193083573
576,0.35,1210.0,0.6311239193083573
577,0.35,1220.0,0.6282420749279539
578,0.35,1230.0,0.6253602305475504
579,0.35,1240.0,0.6253602305475504
580,0.35,1250.0,0.6282420749279539
581,0.35,1260.0,0.6253602305475504
582,0.35,1270.0,0.6253602305475504
583,0.35,1280.0,0.6282420749279539
584,0.35,1290.0,0.6282420749279539
585,0.35,1300.0,0.6282420749279539
586,0.35,1310.0,0.6282420749279539
587,0.35,1320.0,0.6311239193083573
588,0.35,1330.0,0.6311239193083573
589,0.35,1340.0,0.6311239193083573
590,0.35,1350.0,0.6340057636887608
591,0.35,1360.0,0.6340057636887608
592,0.35,1370.0,0.6282420749279539
593,0.35,1380.0,0.6340057636887608
594,0.35,1390.0,0.6282420749279539
595,0.35,1400.0,0.6311239193083573
596,0.35,1410.0,0.6282420749279539
597,0.35,1420.0,0.6282420749279539
598,0.35,1430.0,0.6282420749279539
599,0.35,1440.0,0.6253602305475504
600,0.35,1450.0,0.6282420749279539
601,0.35,1460.0,0.6253602305475504
602,0.35,1470.0,0.6282420749279539
603,0.35,1480.0,0.6282420749279539
604,0.35,1490.0,0.6282420749279539
605,0.35,1500.0,0.6311239193083573
606,0.36,500.0,0.6302521008403361
607,0.36,510.0,0.6274509803921569
608,0.36,520.0,0.6274509803921569
609,0.36,530.0,0.6302521008403361
610,0.36,540.0,0.6358543417366946
611,0.36,550.0,0.6330532212885154
612,0.36,560.0,0.6358543417366946
613,0.36,570.0,0.6386554621848739
614,0.36,580.0,0.6358543417366946
615,0.36,590.0,0.6330532212885154
616,0.36,600.0,0.6274509803921569
617,0.36,610.0,0.6274509803921569
618,0.36,620.0,0.6274509803921569
619,0.36,630.0,0.6302521008403361
620,0.36,640.0,0.6330532212885154
621,0.36,650.0,0.6358543417366946
622,0.36,660.0,0.6330532212885154
623,0.36,670.0,0.6330532212885154
624,0.36,680.0,0.6330532212885154
625,0.36,690.0,0.6330532212885154
626,0.36,700.0,0.6274509803921569
627,0.36,710.0,0.6358543417366946
628,0.36,720.0,0.6330532212885154
629,0.36,730.0,0.6302521008403361
630,0.36,740.0,0.6274509803921569
631,0.36,750.0,0.6302521008403361
632,0.36,760.0,0.6302521008403361
633,0.36,770.0,0.6302521008403361
634,0.36,780.0,0.6302521008403361
635,0.36,790.0,0.6274509803921569
636,0.36,800.0,0.6246498599439776
637,0.36,810.0,0.6274509803921569
638,0.36,820.0,0.6302521008403361
639,0.36,830.0,0.6274509803921569
640,0.36,840.0,0.6274509803921569
641,0.36,850.0,0.6302521008403361
642,0.36,860.0,0.6274509803921569
643,0.36,870.0,0.6274509803921569
644,0.36,880.0,0.6274509803921569
645,0.36,890.0,0.6246498599439776
646,0.36,900.0,0.6274509803921569
647,0.36,910.0,0.6246498599439776
648,0.36,920.0,0.6274509803921569
649,0.36,930.0,0.6246498599439776
650,0.36,940.0,0.6218487394957983
651,0.36,950.0,0.6190476190476191
652,0.36,960.0,0.6190476190476191
653,0.36,970.0,0.6218487394957983
654,0.36,980.0,0.6190476190476191
655,0.36,990.0,0.6218487394957983
656,0.36,1000.0,0.6218487394957983
657,0.36,1010.0,0.6218487394957983
658,0.36,1020.0,0.6246498599439776
659,0.36,1030.0,0.6218487394957983
660,0.36,1040.0,0.6218487394957983
661,0.36,1050.0,0.6246498599439776
662,0.36,1060.0,0.6218487394957983
663,0.36,1070.0,0.6274509803921569
664,0.36,1080.0,0.6274509803921569
665,0.36,1090.0,0.6274509803921569
666,0.36,1100.0,0.6246498599439776
667,0.36,1110.0,0.6246498599439776
668,0.36,1120.0,0.6218487394957983
669,0.36,1130.0,0.6218487394957983
670,0.36,1140.0,0.6218487394957983
671,0.36,1150.0,0.6218487394957983
672,0.36,1160.0,0.6218487394957983
673,0.36,1170.0,0.6246498599439776
674,0.36,1180.0,0.6246498599439776
675,0.36,1190.0,0.6246498599439776
676,0.36,1200.0,0.6246498599439776
677,0.36,1210.0,0.6246498599439776
678,0.36,1220.0,0.6246498599439776
679,0.36,1230.0,0.6274509803921569
680,0.36,1240.0,0.6274509803921569
681,0.36,1250.0,0.6246498599439776
682,0.36,1260.0,0.6246498599439776
683,0.36,1270.0,0.6246498599439776
684,0.36,1280.0,0.6246498599439776
685,0.36,1290.0,0.6246498599439776
686,0.36,1300.0,0.6246498599439776
687,0.36,1310.0,0.6274509803921569
688,0.36,1320.0,0.6274509803921569
689,0.36,1330.0,0.6246498599439776
690,0.36,1340.0,0.6274509803921569
691,0.36,1350.0,0.6246498599439776
692,0.36,1360.0,0.6246498599439776
693,0.36,1370.0,0.6274509803921569
694,0.36,1380.0,0.6274509803921569
695,0.36,1390.0,0.6274509803921569
696,0.36,1400.0,0.6274509803921569
697,0.36,1410.0,0.6274509803921569
698,0.36,1420.0,0.6302521008403361
699,0.36,1430.0,0.6302521008403361
700,0.36,1440.0,0.6302521008403361
701,0.36,1450.0,0.6302521008403361
702,0.36,1460.0,0.6302521008403361
703,0.36,1470.0,0.6274509803921569
704,0.36,1480.0,0.6274509803921569
705,0.36,1490.0,0.6274509803921569
706,0.36,1500.0,0.6246498599439776
707,0.37,500.0,0.6376021798365122
708,0.37,510.0,0.6403269754768393
709,0.37,520.0,0.6403269754768393
710,0.37,530.0,0.6376021798365122
711,0.37,540.0,0.6348773841961853
712,0.37,550.0,0.6321525885558583
713,0.37,560.0,0.6321525885558583
714,0.37,570.0,0.6321525885558583
715,0.37,580.0,0.6321525885558583
716,0.37,590.0,0.6348773841961853
717,0.37,600.0,0.6348773841961853
718,0.37,610.0,0.6376021798365122
719,0.37,620.0,0.6403269754768393
720,0.37,630.0,0.6403269754768393
721,0.37,640.0,0.6403269754768393
722,0.37,650.0,0.6376021798365122
723,0.37,660.0,0.6403269754768393
724,0.37,670.0,0.6457765667574932
725,0.37,680.0,0.6457765667574932
726,0.37,690.0,0.6430517711171662
727,0.37,700.0,0.6457765667574932
728,0.37,710.0,0.6430517711171662
729,0.37,720.0,0.6376021798365122
730,0.37,730.0,0.6348773841961853
731,0.37,740.0,0.6376021798365122
732,0.37,750.0,0.6376021798365122
733,0.37,760.0,0.6376021798365122
734,0.37,770.0,0.6376021798365122
735,0.37,780.0,0.6403269754768393
736,0.37,790.0,0.6376021798365122
737,0.37,800.0,0.6403269754768393
738,0.37,810.0,0.6376021798365122
739,0.37,820.0,0.6376021798365122
740,0.37,830.0,0.6376021798365122
741,0.37,840.0,0.6376021798365122
742,0.37,850.0,0.6403269754768393
743,0.37,860.0,0.6403269754768393
744,0.37,870.0,0.6403269754768393
745,0.37,880.0,0.6403269754768393
746,0.37,890.0,0.6403269754768393
747,0.37,900.0,0.6403269754768393
748,0.37,910.0,0.6348773841961853
749,0.37,920.0,0.6348773841961853
750,0.37,930.0,0.6321525885558583
751,0.37,940.0,0.6294277929155313
752,0.37,950.0,0.6294277929155313
753,0.37,960.0,0.6321525885558583
754,0.37,970.0,0.6348773841961853
755,0.37,980.0,0.6376021798365122
756,0.37,990.0,0.6403269754768393
757,0.37,1000.0,0.6376021798365122
758,0.37,1010.0,0.6376021798365122
759,0.37,1020.0,0.6430517711171662
760,0.37,1030.0,0.6403269754768393
761,0.37,1040.0,0.6376021798365122
762,0.37,1050.0,0.6403269754768393
763,0.37,1060.0,0.6430517711171662
764,0.37,1070.0,0.6376021798365122
765,0.37,1080.0,0.6403269754768393
766,0.37,1090.0,0.6403269754768393
767,0.37,1100.0,0.6403269754768393
768,0.37,1110.0,0.6376021798365122
769,0.37,1120.0,0.6376021798365122
770,0.37,1130.0,0.6348773841961853
771,0.37,1140.0,0.6376021798365122
772,0.37,1150.0,0.6348773841961853
773,0.37,1160.0,0.6348773841961853
774,0.37,1170.0,0.6430517711171662
775,0.37,1180.0,0.6403269754768393
776,0.37,1190.0,0.6430517711171662
777,0.37,1200.0,0.6430517711171662
778,0.37,1210.0,0.6430517711171662
779,0.37,1220.0,0.6376021798365122
780,0.37,1230.0,0.6430517711171662
781,0.37,1240.0,0.6457765667574932
782,0.37,1250.0,0.6430517711171662
783,0.37,1260.0,0.6430517711171662
784,0.37,1270.0,0.6376021798365122
785,0.37,1280.0,0.6376021798365122
786,0.37,1290.0,0.6376021798365122
787,0.37,1300.0,0.6376021798365122
788,0.37,1310.0,0.6376021798365122
789,0.37,1320.0,0.6348773841961853
790,0.37,1330.0,0.6348773841961853
791,0.37,1340.0,0.6348773841961853
792,0.37,1350.0,0.6376021798365122
793,0.37,1360.0,0.6376021798365122
794,0.37,1370.0,0.6348773841961853
795,0.37,1380.0,0.6348773841961853
796,0.37,1390.0,0.6348773841961853
797,0.37,1400.0,0.6348773841961853
798,0.37,1410.0,0.6376021798365122
799,0.37,1420.0,0.6376021798365122
800,0.37,1430.0,0.6376021798365122
801,0.37,1440.0,0.6376021798365122
802,0.37,1450.0,0.6376021798365122
803,0.37,1460.0,0.6376021798365122
804,0.37,1470.0,0.6321525885558583
805,0.37,1480.0,0.6321525885558583
806,0.37,1490.0,0.6321525885558583
807,0.37,1500.0,0.6348773841961853
808,0.38,500.0,0.6312997347480106
809,0.38,510.0,0.6339522546419099
810,0.38,520.0,0.6339522546419099
811,0.38,530.0,0.6339522546419099
812,0.38,540.0,0.6339522546419099
813,0.38,550.0,0.6339522546419099
814,0.38,560.0,0.6286472148541115
815,0.38,570.0,0.6339522546419099
816,0.38,580.0,0.6312997347480106
817,0.38,590.0,0.6339522546419099
818,0.38,600.0,0.6339522546419099
819,0.38,610.0,0.6392572944297082
820,0.38,620.0,0.6339522546419099
821,0.38,630.0,0.6339522546419099
822,0.38,640.0,0.6339522546419099
823,0.38,650.0,0.6312997347480106
824,0.38,660.0,0.6339522546419099
825,0.38,670.0,0.6392572944297082
826,0.38,680.0,0.6392572944297082
827,0.38,690.0,0.6339522546419099
828,0.38,700.0,0.6392572944297082
829,0.38,710.0,0.636604774535809
830,0.38,720.0,0.6286472148541115
831,0.38,730.0,0.6312997347480106
832,0.38,740.0,0.6286472148541115
833,0.38,750.0,0.6312997347480106
834,0.38,760.0,0.6339522546419099
835,0.38,770.0,0.6312997347480106
836,0.38,780.0,0.6286472148541115
837,0.38,790.0,0.6286472148541115
838,0.38,800.0,0.6259946949602122
839,0.38,810.0,0.6286472148541115
840,0.38,820.0,0.6286472148541115
841,0.38,830.0,0.6339522546419099
842,0.38,840.0,0.6312997347480106
843,0.38,850.0,0.6312997347480106
844,0.38,860.0,0.6286472148541115
845,0.38,870.0,0.6286472148541115
846,0.38,880.0,0.6286472148541115
847,0.38,890.0,0.6339522546419099
848,0.38,900.0,0.6339522546419099
849,0.38,910.0,0.636604774535809
850,0.38,920.0,0.6392572944297082
851,0.38,930.0,0.6392572944297082
852,0.38,940.0,0.6472148541114059
853,0.38,950.0,0.6472148541114059
854,0.38,960.0,0.6419098143236074
855,0.38,970.0,0.6392572944297082
856,0.38,980.0,0.6392572944297082
857,0.38,990.0,0.6419098143236074
858,0.38,1000.0,0.6445623342175066
859,0.38,1010.0,0.6392572944297082
860,0.38,1020.0,0.6392572944297082
861,0.38,1030.0,0.6419098143236074
862,0.38,1040.0,0.6392572944297082
863,0.38,1050.0,0.6419098143236074
864,0.38,1060.0,0.6392572944297082
865,0.38,1070.0,0.6392572944297082
866,0.38,1080.0,0.6419098143236074
867,0.38,1090.0,0.6472148541114059
868,0.38,1100.0,0.6472148541114059
869,0.38,1110.0,0.6419098143236074
870,0.38,1120.0,0.6392572944297082
871,0.38,1130.0,0.6392572944297082
872,0.38,1140.0,0.6392572944297082
873,0.38,1150.0,0.6419098143236074
874,0.38,1160.0,0.6419098143236074
875,0.38,1170.0,0.6419098143236074
876,0.38,1180.0,0.6419098143236074
877,0.38,1190.0,0.6419098143236074
878,0.38,1200.0,0.6419098143236074
879,0.38,1210.0,0.6419098143236074
880,0.38,1220.0,0.6472148541114059
881,0.38,1230.0,0.6445623342175066
882,0.38,1240.0,0.6445623342175066
883,0.38,1250.0,0.6419098143236074
884,0.38,1260.0,0.6419098143236074
885,0.38,1270.0,0.6419098143236074
886,0.38,1280.0,0.6419098143236074
887,0.38,1290.0,0.636604774535809
888,0.38,1300.0,0.6392572944297082
889,0.38,1310.0,0.6419098143236074
890,0.38,1320.0,0.6392572944297082
891,0.38,1330.0,0.6419098143236074
892,0.38,1340.0,0.6419098143236074
893,0.38,1350.0,0.6419098143236074
894,0.38,1360.0,0.6392572944297082
895,0.38,1370.0,0.6392572944297082
896,0.38,1380.0,0.6392572944297082
897,0.38,1390.0,0.6392572944297082
898,0.38,1400.0,0.6392572944297082
899,0.38,1410.0,0.6392572944297082
900,0.38,1420.0,0.6392572944297082
901,0.38,1430.0,0.636604774535809
902,0.38,1440.0,0.6339522546419099
903,0.38,1450.0,0.6339522546419099
904,0.38,1460.0,0.6312997347480106
905,0.38,1470.0,0.6339522546419099
906,0.38,1480.0,0.6339522546419099
907,0.38,1490.0,0.636604774535809
908,0.38,1500.0,0.636604774535809
909,0.39,500.0,0.6175710594315246
910,0.39,510.0,0.6175710594315246
911,0.39,520.0,0.6227390180878553
912,0.39,530.0,0.6201550387596899
913,0.39,540.0,0.6175710594315246
914,0.39,550.0,0.6175710594315246
915,0.39,560.0,0.6201550387596899
916,0.39,570.0,0.6201550387596899
917,0.39,580.0,0.6201550387596899
918,0.39,590.0,0.6149870801033591
919,0.39,600.0,0.6175710594315246
920,0.39,610.0,0.6175710594315246
921,0.39,620.0,0.6175710594315246
922,0.39,630.0,0.6149870801033591
923,0.39,640.0,0.6175710594315246
924,0.39,650.0,0.6201550387596899
925,0.39,660.0,0.6201550387596899
926,0.39,670.0,0.6201550387596899
927,0.39,680.0,0.6201550387596899
928,0.39,690.0,0.6175710594315246
929,0.39,700.0,0.6175710594315246
930,0.39,710.0,0.6175710594315246
931,0.39,720.0,0.6175710594315246
932,0.39,730.0,0.6175710594315246
933,0.39,740.0,0.6201550387596899
934,0.39,750.0,0.6201550387596899
935,0.39,760.0,0.6175710594315246
936,0.39,770.0,0.6253229974160207
937,0.39,780.0,0.6227390180878553
938,0.39,790.0,0.6201550387596899
939,0.39,800.0,0.6201550387596899
940,0.39,810.0,0.6201550387596899
941,0.39,820.0,0.6201550387596899
942,0.39,830.0,0.6201550387596899
943,0.39,840.0,0.6149870801033591
944,0.39,850.0,0.6201550387596899
945,0.39,860.0,0.6201550387596899
946,0.39,870.0,0.6149870801033591
947,0.39,880.0,0.6149870801033591
948,0.39,890.0,0.6124031007751938
949,0.39,900.0,0.6175710594315246
950,0.39,910.0,0.6201550387596899
951,0.39,920.0,0.6227390180878553
952,0.39,930.0,0.6201550387596899
953,0.39,940.0,0.6201550387596899
954,0.39,950.0,0.6201550387596899
955,0.39,960.0,0.6201550387596899
956,0.39,970.0,0.6175710594315246
957,0.39,980.0,0.6201550387596899
958,0.39,990.0,0.6227390180878553
959,0.39,1000.0,0.6149870801033591
960,0.39,1010.0,0.6175710594315246
961,0.39,1020.0,0.6201550387596899
962,0.39,1030.0,0.6201550387596899
963,0.39,1040.0,0.6201550387596899
964,0.39,1050.0,0.6201550387596899
965,0.39,1060.0,0.6175710594315246
966,0.39,1070.0,0.6175710594315246
967,0.39,1080.0,0.6175710594315246
968,0.39,1090.0,0.6201550387596899
969,0.39,1100.0,0.6227390180878553
970,0.39,1110.0,0.6227390180878553
971,0.39,1120.0,0.6227390180878553
972,0.39,1130.0,0.6201550387596899
973,0.39,1140.0,0.6175710594315246
974,0.39,1150.0,0.6149870801033591
975,0.39,1160.0,0.6175710594315246
976,0.39,1170.0,0.6201550387596899
977,0.39,1180.0,0.6201550387596899
978,0.39,1190.0,0.6201550387596899
979,0.39,1200.0,0.6201550387596899
980,0.39,1210.0,0.6201550387596899
981,0.39,1220.0,0.6201550387596899
982,0.39,1230.0,0.6201550387596899
983,0.39,1240.0,0.6201550387596899
984,0.39,1250.0,0.6227390180878553
985,0.39,1260.0,0.6227390180878553
986,0.39,1270.0,0.6227390180878553
987,0.39,1280.0,0.6201550387596899
988,0.39,1290.0,0.6227390180878553
989,0.39,1300.0,0.6253229974160207
990,0.39,1310.0,0.6227390180878553
991,0.39,1320.0,0.6227390180878553
992,0.39,1330.0,0.6253229974160207
993,0.39,1340.0,0.6253229974160207
994,0.39,1350.0,0.6201550387596899
995,0.39,1360.0,0.6201550387596899
996,0.39,1370.0,0.6201550387596899
997,0.39,1380.0,0.6227390180878553
998,0.39,1390.0,0.6201550387596899
999,0.39,1400.0,0.6201550387596899
1000,0.39,1410.0,0.6175710594315246
1001,0.39,1420.0,0.6201550387596899
1002,0.39,1430.0,0.6227390180878553
1003,0.39,1440.0,0.6227390180878553
1004,0.39,1450.0,0.6227390180878553
1005,0.39,1460.0,0.6227390180878553
1006,0.39,1470.0,0.6201550387596899
1007,0.39,1480.0,0.6201550387596899
1008,0.39,1490.0,0.6201550387596899
1009,0.39,1500.0,0.6201550387596899
1010,0.4,500.0,0.6221662468513854
1011,0.4,510.0,0.6221662468513854
1012,0.4,520.0,0.6221662468513854
1013,0.4,530.0,0.6221662468513854
1014,0.4,540.0,0.6246851385390428
1015,0.4,550.0,0.6221662468513854
1016,0.4,560.0,0.6196473551637279
1017,0.4,570.0,0.6221662468513854
1018,0.4,580.0,0.6246851385390428
1019,0.4,590.0,0.6196473551637279
1020,0.4,600.0,0.6246851385390428
1021,0.4,610.0,0.6171284634760705
1022,0.4,620.0,0.6196473551637279
1023,0.4,630.0,0.6196473551637279
1024,0.4,640.0,0.6196473551637279
1025,0.4,650.0,0.6221662468513854
1026,0.4,660.0,0.6196473551637279
1027,0.4,670.0,0.6246851385390428
1028,0.4,680.0,0.6221662468513854
1029,0.4,690.0,0.6272040302267002
1030,0.4,700.0,0.6221662468513854
1031,0.4,710.0,0.6246851385390428
1032,0.4,720.0,0.6221662468513854
1033,0.4,730.0,0.6246851385390428
1034,0.4,740.0,0.6272040302267002
1035,0.4,750.0,0.6272040302267002
1036,0.4,760.0,0.6272040302267002
1037,0.4,770.0,0.6272040302267002
1038,0.4,780.0,0.6272040302267002
1039,0.4,790.0,0.6246851385390428
1040,0.4,800.0,0.6221662468513854
1041,0.4,810.0,0.6246851385390428
1042,0.4,820.0,0.6246851385390428
1043,0.4,830.0,0.6272040302267002
1044,0.4,840.0,0.6322418136020151
1045,0.4,850.0,0.6297229219143576
1046,0.4,860.0,0.6322418136020151
1047,0.4,870.0,0.6347607052896725
1048,0.4,880.0,0.6322418136020151
1049,0.4,890.0,0.6272040302267002
1050,0.4,900.0,0.6221662468513854
1051,0.4,910.0,0.6221662468513854
1052,0.4,920.0,0.6221662468513854
1053,0.4,930.0,0.6221662468513854
1054,0.4,940.0,0.6272040302267002
1055,0.4,950.0,0.6246851385390428
1056,0.4,960.0,0.6297229219143576
1057,0.4,970.0,0.6272040302267002
1058,0.4,980.0,0.6221662468513854
1059,0.4,990.0,0.6246851385390428
1060,0.4,1000.0,0.6272040302267002
1061,0.4,1010.0,0.6272040302267002
1062,0.4,1020.0,0.6246851385390428
1063,0.4,1030.0,0.6246851385390428
1064,0.4,1040.0,0.6246851385390428
1065,0.4,1050.0,0.6272040302267002
1066,0.4,1060.0,0.6297229219143576
1067,0.4,1070.0,0.6347607052896725
1068,0.4,1080.0,0.6322418136020151
1069,0.4,1090.0,0.6322418136020151
1070,0.4,1100.0,0.6322418136020151
1071,0.4,1110.0,0.6347607052896725
1072,0.4,1120.0,0.6347607052896725
1073,0.4,1130.0,0.6297229219143576
1074,0.4,1140.0,0.6272040302267002
1075,0.4,1150.0,0.6246851385390428
1076,0.4,1160.0,0.6246851385390428
1077,0.4,1170.0,0.6246851385390428
1078,0.4,1180.0,0.6221662468513854
1079,0.4,1190.0,0.6221662468513854
1080,0.4,1200.0,0.6246851385390428
1081,0.4,1210.0,0.6246851385390428
1082,0.4,1220.0,0.6246851385390428
1083,0.4,1230.0,0.6246851385390428
1084,0.4,1240.0,0.6246851385390428
1085,0.4,1250.0,0.6246851385390428
1086,0.4,1260.0,0.6272040302267002
1087,0.4,1270.0,0.6246851385390428
1088,0.4,1280.0,0.6221662468513854
1089,0.4,1290.0,0.6221662468513854
1090,0.4,1300.0,0.6221662468513854
1091,0.4,1310.0,0.6221662468513854
1092,0.4,1320.0,0.6196473551637279
1093,0.4,1330.0,0.6221662468513854
1094,0.4,1340.0,0.6221662468513854
1095,0.4,1350.0,0.6246851385390428
1096,0.4,1360.0,0.6221662468513854
1097,0.4,1370.0,0.6221662468513854
1098,0.4,1380.0,0.6272040302267002
1099,0.4,1390.0,0.6246851385390428
1100,0.4,1400.0,0.6246851385390428
1101,0.4,1410.0,0.6221662468513854
1102,0.4,1420.0,0.6246851385390428
1103,0.4,1430.0,0.6171284634760705
1104,0.4,1440.0,0.6221662468513854
1105,0.4,1450.0,0.6196473551637279
1106,0.4,1460.0,0.6221662468513854
1107,0.4,1470.0,0.6221662468513854
1108,0.4,1480.0,0.6221662468513854
1109,0.4,1490.0,0.6246851385390428
1110,0.4,1500.0,0.6196473551637279
1111,0.41,500.0,0.6240786240786241
1112,0.41,510.0,0.6265356265356266
1113,0.41,520.0,0.6265356265356266
1114,0.41,530.0,0.628992628992629
1115,0.41,540.0,0.628992628992629
1116,0.41,550.0,0.628992628992629
1117,0.41,560.0,0.6265356265356266
1118,0.41,570.0,0.6314496314496314
1119,0.41,580.0,0.6339066339066339
1120,0.41,590.0,0.6339066339066339
1121,0.41,600.0,0.6339066339066339
1122,0.41,610.0,0.6339066339066339
1123,0.41,620.0,0.628992628992629
1124,0.41,630.0,0.628992628992629
1125,0.41,640.0,0.628992628992629
1126,0.41,650.0,0.628992628992629
1127,0.41,660.0,0.628992628992629
1128,0.41,670.0,0.6314496314496314
1129,0.41,680.0,0.6314496314496314
1130,0.41,690.0,0.6314496314496314
1131,0.41,700.0,0.628992628992629
1132,0.41,710.0,0.628992628992629
1133,0.41,720.0,0.6314496314496314
1134,0.41,730.0,0.628992628992629
1135,0.41,740.0,0.628992628992629
1136,0.41,750.0,0.628992628992629
1137,0.41,760.0,0.628992628992629
1138,0.41,770.0,0.6265356265356266
1139,0.41,780.0,0.6265356265356266
1140,0.41,790.0,0.6314496314496314
1141,0.41,800.0,0.6314496314496314
1142,0.41,810.0,0.6240786240786241
1143,0.41,820.0,0.6240786240786241
1144,0.41,830.0,0.6216216216216216
1145,0.41,840.0,0.6240786240786241
1146,0.41,850.0,0.6216216216216216
1147,0.41,860.0,0.6240786240786241
1148,0.41,870.0,0.6265356265356266
1149,0.41,880.0,0.628992628992629
1150,0.41,890.0,0.6265356265356266
1151,0.41,900.0,0.6240786240786241
1152,0.41,910.0,0.628992628992629
1153,0.41,920.0,0.628992628992629
1154,0.41,930.0,0.628992628992629
1155,0.41,940.0,0.6216216216216216
1156,0.41,950.0,0.6265356265356266
1157,0.41,960.0,0.628992628992629
1158,0.41,970.0,0.6265356265356266
1159,0.41,980.0,0.6240786240786241
1160,0.41,990.0,0.6265356265356266
1161,0.41,1000.0,0.628992628992629
1162,0.41,1010.0,0.6240786240786241
1163,0.41,1020.0,0.628992628992629
1164,0.41,1030.0,0.628992628992629
1165,0.41,1040.0,0.6363636363636364
1166,0.41,1050.0,0.6363636363636364
1167,0.41,1060.0,0.6314496314496314
1168,0.41,1070.0,0.628992628992629
1169,0.41,1080.0,0.6265356265356266
1170,0.41,1090.0,0.6216216216216216
1171,0.41,1100.0,0.6240786240786241
1172,0.41,1110.0,0.6240786240786241
1173,0.41,1120.0,0.6265356265356266
1174,0.41,1130.0,0.6265356265356266
1175,0.41,1140.0,0.628992628992629
1176,0.41,1150.0,0.6265356265356266
1177,0.41,1160.0,0.6265356265356266
1178,0.41,1170.0,0.6240786240786241
1179,0.41,1180.0,0.6240786240786241
1180,0.41,1190.0,0.6265356265356266
1181,0.41,1200.0,0.6265356265356266
1182,0.41,1210.0,0.6240786240786241
1183,0.41,1220.0,0.6240786240786241
1184,0.41,1230.0,0.6240786240786241
1185,0.41,1240.0,0.6216216216216216
1186,0.41,1250.0,0.6216216216216216
1187,0.41,1260.0,0.6191646191646192
1188,0.41,1270.0,0.6240786240786241
1189,0.41,1280.0,0.6240786240786241
1190,0.41,1290.0,0.6216216216216216
1191,0.41,1300.0,0.6216216216216216
1192,0.41,1310.0,0.6216216216216216
1193,0.41,1320.0,0.6265356265356266
1194,0.41,1330.0,0.6265356265356266
1195,0.41,1340.0,0.6314496314496314
1196,0.41,1350.0,0.628992628992629
1197,0.41,1360.0,0.628992628992629
1198,0.41,1370.0,0.6314496314496314
1199,0.41,1380.0,0.6314496314496314
1200,0.41,1390.0,0.6314496314496314
1201,0.41,1400.0,0.628992628992629
1202,0.41,1410.0,0.6240786240786241
1203,0.41,1420.0,0.6216216216216216
1204,0.41,1430.0,0.6240786240786241
1205,0.41,1440.0,0.6240786240786241
1206,0.41,1450.0,0.6240786240786241
1207,0.41,1460.0,0.6240786240786241
1208,0.41,1470.0,0.6265356265356266
1209,0.41,1480.0,0.6265356265356266
1210,0.41,1490.0,0.6265356265356266
1211,0.41,1500.0,0.6265356265356266
1212,0.42,500.0,0.6306954436450839
1213,0.42,510.0,0.6306954436450839
1214,0.42,520.0,0.6258992805755396
1215,0.42,530.0,0.6306954436450839
1216,0.42,540.0,0.6306954436450839
1217,0.42,550.0,0.6354916067146283
1218,0.42,560.0,0.6330935251798561
1219,0.42,570.0,0.6330935251798561
1220,0.42,580.0,0.6282973621103117
1221,0.42,590.0,0.6330935251798561
1222,0.42,600.0,0.6354916067146283
1223,0.42,610.0,0.6306954436450839
1224,0.42,620.0,0.6378896882494005
1225,0.42,630.0,0.6330935251798561
1226,0.42,640.0,0.6282973621103117
1227,0.42,650.0,0.6235011990407674
1228,0.42,660.0,0.6282973621103117
1229,0.42,670.0,0.6306954436450839
1230,0.42,680.0,0.6258992805755396
1231,0.42,690.0,0.6258992805755396
1232,0.42,700.0,0.6235011990407674
1233,0.42,710.0,0.6235011990407674
1234,0.42,720.0,0.6258992805755396
1235,0.42,730.0,0.6258992805755396
1236,0.42,740.0,0.6258992805755396
1237,0.42,750.0,0.6282973621103117
1238,0.42,760.0,0.6282973621103117
1239,0.42,770.0,0.6282973621103117
1240,0.42,780.0,0.6282973621103117
1241,0.42,790.0,0.6282973621103117
1242,0.42,800.0,0.6282973621103117
1243,0.42,810.0,0.6282973621103117
1244,0.42,820.0,0.6306954436450839
1245,0.42,830.0,0.6282973621103117
1246,0.42,840.0,0.6282973621103117
1247,0.42,850.0,0.6306954436450839
1248,0.42,860.0,0.6330935251798561
1249,0.42,870.0,0.6258992805755396
1250,0.42,880.0,0.6258992805755396
1251,0.42,890.0,0.6282973621103117
1252,0.42,900.0,0.6282973621103117
1253,0.42,910.0,0.6330935251798561
1254,0.42,920.0,0.6330935251798561
1255,0.42,930.0,0.6306954436450839
1256,0.42,940.0,0.6330935251798561
1257,0.42,950.0,0.6330935251798561
1258,0.42,960.0,0.6330935251798561
1259,0.42,970.0,0.6330935251798561
1260,0.42,980.0,0.6330935251798561
1261,0.42,990.0,0.6330935251798561
1262,0.42,1000.0,0.6330935251798561
1263,0.42,1010.0,0.6354916067146283
1264,0.42,1020.0,0.6354916067146283
1265,0.42,1030.0,0.6354916067146283
1266,0.42,1040.0,0.6354916067146283
1267,0.42,1050.0,0.6354916067146283
1268,0.42,1060.0,0.6330935251798561
1269,0.42,1070.0,0.6282973621103117
1270,0.42,1080.0,0.6330935251798561
1271,0.42,1090.0,0.6306954436450839
1272,0.42,1100.0,0.6282973621103117
1273,0.42,1110.0,0.6282973621103117
1274,0.42,1120.0,0.6282973621103117
1275,0.42,1130.0,0.6282973621103117
1276,0.42,1140.0,0.6282973621103117
1277,0.42,1150.0,0.6306954436450839
1278,0.42,1160.0,0.6258992805755396
1279,0.42,1170.0,0.6306954436450839
1280,0.42,1180.0,0.6330935251798561
1281,0.42,1190.0,0.6306954436450839
1282,0.42,1200.0,0.6306954436450839
1283,0.42,1210.0,0.6306954436450839
1284,0.42,1220.0,0.6282973621103117
1285,0.42,1230.0,0.6258992805755396
1286,0.42,1240.0,0.6282973621103117
1287,0.42,1250.0,0.6258992805755396
1288,0.42,1260.0,0.6258992805755396
1289,0.42,1270.0,0.6258992805755396
1290,0.42,1280.0,0.6258992805755396
1291,0.42,1290.0,0.6258992805755396
1292,0.42,1300.0,0.6258992805755396
1293,0.42,1310.0,0.6258992805755396
1294,0.42,1320.0,0.6258992805755396
1295,0.42,1330.0,0.6258992805755396
1296,0.42,1340.0,0.6235011990407674
1297,0.42,1350.0,0.6258992805755396
1298,0.42,1360.0,0.6258992805755396
1299,0.42,1370.0,0.6282973621103117
1300,0.42,1380.0,0.6282973621103117
1301,0.42,1390.0,0.6306954436450839
1302,0.42,1400.0,0.6282973621103117
1303,0.42,1410.0,0.6282973621103117
1304,0.42,1420.0,0.6306954436450839
1305,0.42,1430.0,0.6282973621103117
1306,0.42,1440.0,0.6282973621103117
1307,0.42,1450.0,0.6306954436450839
1308,0.42,1460.0,0.6282973621103117
1309,0.42,1470.0,0.6282973621103117
1310,0.42,1480.0,0.6282973621103117
1311,0.42,1490.0,0.6282973621103117
1312,0.42,1500.0,0.6306954436450839
1313,0.43,500.0,0.6370023419203747
1314,0.43,510.0,0.629976580796253
1315,0.43,520.0,0.6276346604215457
1316,0.43,530.0,0.6323185011709602
1317,0.43,540.0,0.629976580796253
1318,0.43,550.0,0.629976580796253
1319,0.43,560.0,0.6323185011709602
1320,0.43,570.0,0.6346604215456675
1321,0.43,580.0,0.6370023419203747
1322,0.43,590.0,0.6346604215456675
1323,0.43,600.0,0.6323185011709602
1324,0.43,610.0,0.639344262295082
1325,0.43,620.0,0.6370023419203747
1326,0.43,630.0,0.6346604215456675
1327,0.43,640.0,0.6346604215456675
1328,0.43,650.0,0.6346604215456675
1329,0.43,660.0,0.639344262295082
1330,0.43,670.0,0.639344262295082
1331,0.43,680.0,0.6370023419203747
1332,0.43,690.0,0.6346604215456675
1333,0.43,700.0,0.6370023419203747
1334,0.43,710.0,0.639344262295082
1335,0.43,720.0,0.639344262295082
1336,0.43,730.0,0.639344262295082
1337,0.43,740.0,0.639344262295082
1338,0.43,750.0,0.639344262295082
1339,0.43,760.0,0.639344262295082
1340,0.43,770.0,0.639344262295082
1341,0.43,780.0,0.639344262295082
1342,0.43,790.0,0.639344262295082
1343,0.43,800.0,0.6416861826697893
1344,0.43,810.0,0.6463700234192038
1345,0.43,820.0,0.6463700234192038
1346,0.43,830.0,0.6416861826697893
1347,0.43,840.0,0.6440281030444965
1348,0.43,850.0,0.6416861826697893
1349,0.43,860.0,0.6416861826697893
1350,0.43,870.0,0.6440281030444965
1351,0.43,880.0,0.6463700234192038
1352,0.43,890.0,0.6463700234192038
1353,0.43,900.0,0.6463700234192038
1354,0.43,910.0,0.6463700234192038
1355,0.43,920.0,0.6463700234192038
1356,0.43,930.0,0.6487119437939111
1357,0.43,940.0,0.6487119437939111
1358,0.43,950.0,0.6440281030444965
1359,0.43,960.0,0.6440281030444965
1360,0.43,970.0,0.6416861826697893
1361,0.43,980.0,0.6416861826697893
1362,0.43,990.0,0.6416861826697893
1363,0.43,1000.0,0.6416861826697893
1364,0.43,1010.0,0.6416861826697893
1365,0.43,1020.0,0.639344262295082
1366,0.43,1030.0,0.639344262295082
1367,0.43,1040.0,0.6416861826697893
1368,0.43,1050.0,0.6440281030444965
1369,0.43,1060.0,0.6416861826697893
1370,0.43,1070.0,0.6416861826697893
1371,0.43,1080.0,0.6440281030444965
1372,0.43,1090.0,0.6440281030444965
1373,0.43,1100.0,0.6463700234192038
1374,0.43,1110.0,0.6440281030444965
1375,0.43,1120.0,0.6416861826697893
1376,0.43,1130.0,0.6416861826697893
1377,0.43,1140.0,0.6440281030444965
1378,0.43,1150.0,0.6416861826697893
1379,0.43,1160.0,0.639344262295082
1380,0.43,1170.0,0.6463700234192038
1381,0.43,1180.0,0.6416861826697893
1382,0.43,1190.0,0.6440281030444965
1383,0.43,1200.0,0.6416861826697893
1384,0.43,1210.0,0.6370023419203747
1385,0.43,1220.0,0.6370023419203747
1386,0.43,1230.0,0.6416861826697893
1387,0.43,1240.0,0.6370023419203747
1388,0.43,1250.0,0.639344262295082
1389,0.43,1260.0,0.639344262295082
1390,0.43,1270.0,0.639344262295082
1391,0.43,1280.0,0.639344262295082
1392,0.43,1290.0,0.639344262295082
1393,0.43,1300.0,0.639344262295082
1394,0.43,1310.0,0.6370023419203747
1395,0.43,1320.0,0.639344262295082
1396,0.43,1330.0,0.6416861826697893
1397,0.43,1340.0,0.6416861826697893
1398,0.43,1350.0,0.6416861826697893
1399,0.43,1360.0,0.639344262295082
1400,0.43,1370.0,0.6416861826697893
1401,0.43,1380.0,0.6440281030444965
1402,0.43,1390.0,0.6463700234192038
1403,0.43,1400.0,0.6463700234192038
1404,0.43,1410.0,0.6463700234192038
1405,0.43,1420.0,0.6416861826697893
1406,0.43,1430.0,0.6416861826697893
1407,0.43,1440.0,0.6416861826697893
1408,0.43,1450.0,0.6416861826697893
1409,0.43,1460.0,0.6416861826697893
1410,0.43,1470.0,0.6416861826697893
1411,0.43,1480.0,0.6416861826697893
1412,0.43,1490.0,0.639344262295082
1413,0.43,1500.0,0.639344262295082
1414,0.44,500.0,0.6224256292906178
1415,0.44,510.0,0.6247139588100686
1416,0.44,520.0,0.6224256292906178
1417,0.44,530.0,0.6224256292906178
1418,0.44,540.0,0.620137299771167
1419,0.44,550.0,0.6270022883295194
1420,0.44,560.0,0.620137299771167
1421,0.44,570.0,0.6247139588100686
1422,0.44,580.0,0.6292906178489702
1423,0.44,590.0,0.620137299771167
1424,0.44,600.0,0.6224256292906178
1425,0.44,610.0,0.6224256292906178
1426,0.44,620.0,0.620137299771167
1427,0.44,630.0,0.6224256292906178
1428,0.44,640.0,0.6247139588100686
1429,0.44,650.0,0.6247139588100686
1430,0.44,660.0,0.6270022883295194
1431,0.44,670.0,0.6270022883295194
1432,0.44,680.0,0.6270022883295194
1433,0.44,690.0,0.631578947368421
1434,0.44,700.0,0.6270022883295194
1435,0.44,710.0,0.6270022883295194
1436,0.44,720.0,0.6270022883295194
1437,0.44,730.0,0.6270022883295194
1438,0.44,740.0,0.6292906178489702
1439,0.44,750.0,0.6292906178489702
1440,0.44,760.0,0.6247139588100686
1441,0.44,770.0,0.631578947368421
1442,0.44,780.0,0.631578947368421
1443,0.44,790.0,0.631578947368421
1444,0.44,800.0,0.6338672768878718
1445,0.44,810.0,0.6338672768878718
1446,0.44,820.0,0.6338672768878718
1447,0.44,830.0,0.6292906178489702
1448,0.44,840.0,0.6292906178489702
1449,0.44,850.0,0.6338672768878718
1450,0.44,860.0,0.6338672768878718
1451,0.44,870.0,0.6338672768878718
1452,0.44,880.0,0.6338672768878718
1453,0.44,890.0,0.6338672768878718
1454,0.44,900.0,0.6338672768878718
1455,0.44,910.0,0.631578947368421
1456,0.44,920.0,0.6361556064073226
1457,0.44,930.0,0.6338672768878718
1458,0.44,940.0,0.631578947368421
1459,0.44,950.0,0.6338672768878718
1460,0.44,960.0,0.6338672768878718
1461,0.44,970.0,0.6338672768878718
1462,0.44,980.0,0.6361556064073226
1463,0.44,990.0,0.631578947368421
1464,0.44,1000.0,0.631578947368421
1465,0.44,1010.0,0.6292906178489702
1466,0.44,1020.0,0.6292906178489702
1467,0.44,1030.0,0.631578947368421
1468,0.44,1040.0,0.631578947368421
1469,0.44,1050.0,0.6338672768878718
1470,0.44,1060.0,0.6338672768878718
1471,0.44,1070.0,0.6338672768878718
1472,0.44,1080.0,0.6338672768878718
1473,0.44,1090.0,0.6338672768878718
1474,0.44,1100.0,0.6338672768878718
1475,0.44,1110.0,0.6338672768878718
1476,0.44,1120.0,0.6338672768878718
1477,0.44,1130.0,0.6338672768878718
1478,0.44,1140.0,0.6338672768878718
1479,0.44,1150.0,0.6361556064073226
1480,0.44,1160.0,0.6338672768878718
1481,0.44,1170.0,0.6361556064073226
1482,0.44,1180.0,0.6338672768878718
1483,0.44,1190.0,0.6361556064073226
1484,0.44,1200.0,0.6361556064073226
1485,0.44,1210.0,0.6361556064073226
1486,0.44,1220.0,0.6338672768878718
1487,0.44,1230.0,0.6361556064073226
1488,0.44,1240.0,0.6338672768878718
1489,0.44,1250.0,0.631578947368421
1490,0.44,1260.0,0.631578947368421
1491,0.44,1270.0,0.6270022883295194
1492,0.44,1280.0,0.6270022883295194
1493,0.44,1290.0,0.6270022883295194
1494,0.44,1300.0,0.6270022883295194
1495,0.44,1310.0,0.6270022883295194
1496,0.44,1320.0,0.6270022883295194
1497,0.44,1330.0,0.6270022883295194
1498,0.44,1340.0,0.631578947368421
1499,0.44,1350.0,0.631578947368421
1500,0.44,1360.0,0.6338672768878718
1501,0.44,1370.0,0.631578947368421
1502,0.44,1380.0,0.6292906178489702
1503,0.44,1390.0,0.631578947368421
1504,0.44,1400.0,0.6338672768878718
1505,0.44,1410.0,0.6361556064073226
1506,0.44,1420.0,0.6361556064073226
1507,0.44,1430.0,0.6338672768878718
1508,0.44,1440.0,0.6361556064073226
1509,0.44,1450.0,0.631578947368421
1510,0.44,1460.0,0.631578947368421
1511,0.44,1470.0,0.631578947368421
1512,0.44,1480.0,0.6338672768878718
1513,0.44,1490.0,0.6361556064073226
1514,0.44,1500.0,0.6338672768878718
