,Date,Home,Away,Favorite,Spread,O/U,Attendance,Capacity,Game ID
0,2023-10-24,LAL,DEN,DEN,-4.5,228.5,19842,[],401584689
1,2023-10-24,PHX,GSW,GSW,-3.5,235.5,18064,[],401584690
2,2023-10-25,ATL,CHA,ATL,-4.5,235.5,16129,[],401584691
3,2023-10-25,WAS,IND,IND,-4.5,235.5,16004,[],401584692
4,2023-10-25,BOS,NYK,BOS,-4.5,223.5,19812,[],401584693
5,2023-10-25,HOU,ORL,ORL,-4.5,219.5,18846,[],401584694
6,2023-10-25,CLE,BKN,CLE,-1.5,218.5,17931,[],401584695
7,2023-10-25,DET,MIA,MIA,-9.5,218.5,19695,[],401584696
8,2023-10-25,MIN,TOR,TOR,-0.5,220.5,19800,[],401584697
9,2023-10-25,OKC,CHI,CHI,-2.5,224.5,21369,[],401584698
10,2023-10-25,NOP,MEM,MEM,-1.5,224.5,17798,[],401584699
11,2023-10-25,SAC,UTA,SAC,-1.5,234.5,18206,[],401584700
12,2023-10-25,DAL,SAS,DAL,-4.5,231.5,18947,[],401584701
13,2023-10-25,POR,LAC,LAC,-10.5,225.5,19370,[],401584702
14,2023-10-26,PHI,MIL,MIL,-5.5,227.5,17783,[],401584703
15,2023-10-26,PHX,LAL,LAL,-6.5,226.5,18997,[],401584704
16,2023-10-27,DET,CHA,CHA,-4.5,226.5,15855,[],401584705
17,2023-10-27,DEN,MEM,DEN,-5.5,221.5,16617,[],401584706
18,2023-10-27,NYK,ATL,ATL,-0.5,229.5,17692,[],401584707
19,2023-10-27,MIA,BOS,BOS,-8.5,220.5,19156,[],401584708
20,2023-10-27,OKC,CLE,CLE,-2.5,226.5,19432,[],401584709
21,2023-10-27,TOR,CHI,CHI,-2.5,216.5,19555,[],401584710
22,2023-10-27,HOU,SAS,SAS,-2.5,224.5,18354,[],401584711
23,2023-10-27,BKN,DAL,DAL,-6.5,231.5,20238,[],401584712
24,2023-10-27,LAC,UTA,LAC,-4.5,227.5,18206,[],401584713
25,2023-10-27,ORL,POR,ORL,-4.5,220.5,19464,[],401584714
26,2023-10-27,GSW,SAC,SAC,-3.5,237.5,18250,[],401584715
27,2023-10-28,CHI,DET,CHI,-2.5,214.5,20062,[],401584716
28,2023-10-28,MEM,WAS,WAS,-0.5,228.5,16191,[],401584717
29,2023-10-28,NYK,NOP,NOP,-3.5,223.5,16331,[],401584718
30,2023-10-28,IND,CLE,IND,-3.5,221.5,19432,[],401584719
31,2023-10-28,PHI,TOR,PHI,-4.5,214.5,19800,[],401584720
32,2023-10-28,MIA,MIN,MIN,-8.5,215.5,18024,[],401584721
33,2023-10-28,UTA,PHX,PHX,-5.5,222.5,17071,[],401584722
34,2023-10-29,DEN,OKC,DEN,-3.5,230.5,18203,[],401584723
35,2023-10-29,GSW,HOU,GSW,-7.5,223.5,18055,[],401584724
36,2023-10-29,ATL,MIL,MIL,-6.5,238.5,17341,[],401584725
37,2023-10-29,POR,PHI,PHI,-9.5,216.5,19768,[],401584726
38,2023-10-29,SAS,LAC,LAC,-9.5,229.5,19370,[],401584727
39,2023-10-29,LAL,SAC,SAC,-2.5,235.5,18198,[],401584728
40,2023-10-30,BKN,CHA,BKN,-1.5,227.5,14491,[],401584729
41,2023-10-30,CHI,IND,IND,-3.5,229.5,15021,[],401584730
42,2023-10-30,BOS,WAS,BOS,-10.5,231.5,17898,[],401584731
43,2023-10-30,MIN,ATL,MIN,-2.5,229.5,15504,[],401584732
44,2023-10-30,POR,TOR,TOR,-9.5,216.5,19266,[],401584733
45,2023-10-30,DAL,MEM,MEM,-1.5,222.5,15031,[],401584734
46,2023-10-30,MIA,MIL,MIL,-7.5,225.5,17341,[],401584735
47,2023-10-30,GSW,NOP,NOP,-2.5,220.5,17286,[],401584736
48,2023-10-30,DET,OKC,OKC,-6.5,225.5,16127,[],401584737
49,2023-10-30,UTA,DEN,DEN,-9.5,226.5,19671,[],401584738
50,2023-10-30,ORL,LAL,LAL,-3.5,220.5,18997,[],401584739
51,2023-10-31,NYK,CLE,NYK,-1.5,213.5,19432,[],401584740
52,2023-10-31,SAS,PHX,PHX,-7.5,225.5,17071,[],401584741
53,2023-10-31,ORL,LAC,LAC,-6.5,220.5,14014,[],401584742
54,2023-11-1,POR,DET,DET,-3.5,216.5,16912,[],401584743
55,2023-11-1,MIL,TOR,MIL,-4.5,223.5,19800,[],401584744
56,2023-11-1,WAS,ATL,ATL,-10.5,240.5,15925,[],401584745
57,2023-11-1,IND,BOS,BOS,-12.5,233.5,19156,[],401584746
58,2023-11-1,BKN,MIA,MIA,-6.5,223.5,19600,[],401584747
59,2023-11-1,CLE,NYK,NYK,-5.5,210.5,19812,[],401584748
60,2023-11-1,NOP,OKC,OKC,-3.5,228.5,15764,[],401584749
61,2023-11-1,CHA,HOU,HOU,-3.5,222.5,16263,[],401584750
62,2023-11-1,DEN,MIN,DEN,-2.5,220.5,18024,[],401584751
63,2023-11-1,CHI,DAL,DAL,-2.5,219.5,20103,[],401584752
64,2023-11-1,MEM,UTA,UTA,-2.5,225.5,18206,[],401584753
65,2023-11-1,SAC,GSW,GSW,-7.5,227.5,18064,[],401584754
66,2023-11-1,LAC,LAL,LAL,-3.5,227.5,18997,[],401584755
67,2023-11-2,TOR,PHI,PHI,-7.5,214.5,19773,[],401584756
68,2023-11-2,DET,NOP,NOP,-4.5,215.5,15884,[],401584757
69,2023-11-2,ORL,UTA,ORL,-1.5,223.5,18206,[],401584758
70,2023-11-2,SAS,PHX,PHX,-10.5,229.5,17071,[],401584759
71,2023-11-4,PHX,PHI,PHI,-5.5,220.5,19796,[],401584760
72,2023-11-4,CHA,IND,IND,-5.5,241.5,15945,[],401584761
73,2023-11-4,LAL,ORL,LAL,-3.5,222.5,18846,[],401584762
74,2023-11-4,ATL,NOP,NOP,-1.5,237.5,17237,[],401584763
75,2023-11-4,BOS,BKN,BOS,-9.5,226.5,17983,[],401584764
76,2023-11-4,SAC,HOU,SAC,-2.5,221.5,18055,[],401584765
77,2023-11-4,UTA,MIN,MIN,-7.5,224.5,18024,[],401584766
78,2023-11-4,CHI,DEN,DEN,-9.5,217.5,19610,[],401584767
79,2023-11-5,PHX,DET,PHX,-3.5,219.5,20062,[],401584768
80,2023-11-5,TOR,SAS,TOR,-4.5,222.5,18354,[],401584769
81,2023-11-5,GSW,CLE,CLE,-0.5,222.5,19432,[],401584770
82,2023-11-5,CHA,DAL,DAL,-11.5,234.5,20052,[],401584771
83,2023-11-5,MEM,POR,MEM,-3.5,219.5,18187,[],401584772
84,2023-11-6,GSW,DET,GSW,-8.5,224.5,20062,[],401584773
85,2023-11-6,SAS,IND,IND,-8.5,238.5,15129,[],401584774
86,2023-11-6,DAL,ORL,ORL,-1.5,229.5,19409,[],401584775
87,2023-11-6,WAS,PHI,PHI,-11.5,229.5,19765,[],401584776
88,2023-11-6,MIL,BKN,MIL,-4.5,232.5,17935,[],401584777
89,2023-11-6,LAL,MIA,MIA,-1.5,222.5,19725,[],401584778
90,2023-11-6,LAC,NYK,NYK,-1.5,223.5,19812,[],401584779
91,2023-11-6,UTA,CHI,CHI,-3.5,223.5,18031,[],401584780
92,2023-11-6,SAC,HOU,SAC,-2.5,218.5,15130,[],401584781
93,2023-11-6,BOS,MIN,BOS,-3.5,221.5,18024,[],401584782
94,2023-11-6,ATL,OKC,OKC,-0.5,242.5,16486,[],401584783
95,2023-11-6,NOP,DEN,DEN,-5.5,222.5,19544,[],401584784
96,2023-11-8,WAS,CHA,CHA,-2.5,239.5,14267,[],401584785
97,2023-11-8,UTA,IND,IND,-5.5,242.5,14509,[],401584786
98,2023-11-8,BOS,PHI,BOS,-2.5,229.5,19953,[],401584787
99,2023-11-8,LAC,BKN,LAC,-5.5,231.5,17933,[],401584788
100,2023-11-8,SAS,NYK,NYK,-9.5,223.5,19812,[],401584789
101,2023-11-8,PHX,CHI,CHI,-0.5,217.5,18220,[],401584790
102,2023-11-8,LAL,HOU,LAL,-1.5,223.5,18055,[],401584791
103,2023-11-8,MIA,MEM,MIA,-1.5,216.5,16781,[],401584792
104,2023-11-8,DET,MIL,MIL,-12.5,227.5,17341,[],401584793
105,2023-11-8,NOP,MIN,MIN,-9.5,215.5,18024,[],401584794
106,2023-11-8,CLE,OKC,CLE,-2.5,227.5,16314,[],401584795
107,2023-11-8,TOR,DAL,DAL,-4.5,225.5,20063,[],401584796
108,2023-11-8,GSW,DEN,DEN,-4.5,227.5,19737,[],401584797
109,2023-11-8,POR,SAC,SAC,-8.5,221.5,17829,[],401584798
110,2023-11-9,MIL,IND,MIL,-1.5,239.5,14648,[],401584799
111,2023-11-9,ATL,ORL,ATL,-3.5,232.5,19986,[],401584800
112,2023-11-11,MIL,ORL,MIL,-2.5,227.5,19354,[],401584801
113,2023-11-11,TOR,BOS,BOS,-9.5,222.5,19156,[],401584802
114,2023-11-11,MIA,ATL,ATL,-7.5,227.5,17722,[],401584803
115,2023-11-11,CLE,GSW,GSW,-4.5,224.5,18064,[],401584804
116,2023-11-12,CHA,NYK,NYK,-11.5,224.5,19812,[],401584805
117,2023-11-12,WAS,BKN,BKN,-6.5,234.5,17732,[],401584806
118,2023-11-12,MEM,LAC,LAC,-8.5,224.5,17220,[],401584807
119,2023-11-12,IND,PHI,PHI,-7.5,237.5,19758,[],401584808
120,2023-11-12,DET,CHI,CHI,-6.5,221.5,19088,[],401584809
121,2023-11-12,DEN,HOU,DEN,-4.5,215.5,18055,[],401584810
122,2023-11-12,DAL,NOP,DAL,-3.5,237.5,16302,[],401584811
123,2023-11-12,MIA,SAS,MIA,-1.5,222.5,18036,[],401584812
124,2023-11-12,OKC,PHX,PHX,-4.5,231.5,17071,[],401584813
125,2023-11-12,MIN,GSW,GSW,-3.5,222.5,18064,[],401584814
126,2023-11-12,POR,LAL,LAL,-8.5,220.5,18997,[],401584815
127,2023-11-13,NYK,BOS,BOS,-9.5,220.5,19156,[],401584816
128,2023-11-13,WAS,TOR,TOR,-8.5,230.5,19800,[],401584817
129,2023-11-13,CHI,MIL,MIL,-9.5,230.5,17865,[],401584818
130,2023-11-13,CLE,SAC,SAC,-3.5,228.5,17829,[],401584819
131,2023-11-15,DAL,WAS,DAL,-3.5,243.5,16632,[],401584820
132,2023-11-15,NYK,ATL,ATL,-1.5,229.5,17060,[],401584821
133,2023-11-15,BOS,PHI,BOS,-1.5,223.5,19773,[],401584822
134,2023-11-15,MIL,TOR,MIL,-1.5,224.5,19800,[],401584823
135,2023-11-15,ORL,CHI,CHI,-2.5,215.5,19092,[],401584824
136,2023-11-15,MIN,PHX,PHX,-4.5,222.5,17071,[],401584825
137,2023-11-15,SAC,LAL,LAL,-0.5,237.5,18687,[],401584826
138,2023-11-15,CLE,POR,CLE,-10.5,217.5,18137,[],401584827
139,2023-11-16,BKN,MIA,MIA,-3.5,214.5,19866,[],401584828
140,2023-11-16,OKC,GSW,OKC,-3.5,226.5,18064,[],401584829
141,2023-11-18,NYK,CHA,NYK,-6.5,224.5,19171,[],401584830
142,2023-11-18,MIN,NOP,MIN,-7.5,220.5,15536,[],401584831
143,2023-11-18,MIA,CHI,MIA,-1.5,212.5,18063,[],401584832
144,2023-11-18,DAL,MIL,MIL,-1.5,247.5,18128,[],401584833
145,2023-11-18,MEM,SAS,MEM,-3.5,226.5,18354,[],401584834
146,2023-11-18,OKC,GSW,GSW,-1.5,236.5,18064,[],401584835
147,2023-11-19,PHI,BKN,PHI,-3.5,224.5,17934,[],401584836
148,2023-11-19,ORL,IND,IND,-4.5,236.5,17276,[],401584837
149,2023-11-19,DEN,CLE,DEN,-4.5,215.5,19432,[],401584838
150,2023-11-19,DET,TOR,TOR,-9.5,219.5,19182,[],401584839
151,2023-11-19,SAC,DAL,DAL,-1.5,246.5,20211,[],401584840
152,2023-11-19,BOS,MEM,BOS,-12.5,222.5,17798,[],401584841
153,2023-11-19,PHX,UTA,PHX,-5.5,238.5,18206,[],401584842
154,2023-11-19,OKC,POR,OKC,-6.5,223.5,18235,[],401584843
155,2023-11-19,HOU,LAL,LAL,-6.5,221.5,18997,[],401584844
156,2023-11-20,BOS,CHA,BOS,-8.5,234.5,19134,[],401584845
157,2023-11-20,DEN,DET,DEN,-9.5,225.5,19403,[],401584846
158,2023-11-20,MIL,WAS,MIL,-10.5,246.5,17746,[],401584847
159,2023-11-20,MIA,CHI,MIA,-1.5,209.5,19258,[],401584848
160,2023-11-20,NYK,MIN,MIN,-2.5,214.5,18024,[],401584849
161,2023-11-20,SAC,NOP,SAC,-1.5,237.5,16004,[],401584850
162,2023-11-20,LAC,SAS,LAC,-9.5,231.5,18354,[],401584851
163,2023-11-20,HOU,GSW,GSW,-7.5,220.5,18064,[],401584852
164,2023-11-22,WAS,CHA,CHA,-3.5,240.5,16432,[],401584853
165,2023-11-22,DEN,ORL,DEN,-3.5,218.5,18237,[],401584854
166,2023-11-22,BKN,ATL,ATL,-3.5,236.5,17340,[],401584855
167,2023-11-22,MIL,BOS,BOS,-6.5,235.5,19156,[],401584856
168,2023-11-22,MIA,CLE,CLE,-0.5,212.5,19432,[],401584857
169,2023-11-22,TOR,IND,IND,-2.5,241.5,17091,[],401584858
170,2023-11-22,MEM,HOU,HOU,-4.5,213.5,18055,[],401584859
171,2023-11-22,PHI,MIN,MIN,-6.5,220.5,18024,[],401584860
172,2023-11-22,SAC,NOP,SAC,-1.5,234.5,16012,[],401584861
173,2023-11-22,CHI,OKC,OKC,-6.5,223.5,18203,[],401584862
174,2023-11-22,LAC,SAS,LAC,-7.5,230.5,18354,[],401584863
175,2023-11-22,GSW,PHX,PHX,-3.5,233.5,17071,[],401584864
176,2023-11-22,UTA,POR,UTA,-3.5,228.5,17819,[],401584865
177,2023-11-22,DAL,LAL,LAL,-0.5,245.5,18997,[],401584866
178,2023-11-25,PHI,OKC,PHI,-1.5,231.5,17125,[],401584867
179,2023-11-25,MIA,BKN,BKN,-7.5,216.5,17817,[],401584868
180,2023-11-25,ATL,WAS,ATL,-8.5,250.5,16276,[],401584869
181,2023-11-25,LAL,CLE,CLE,-4.5,227.5,19432,[],401584870
182,2023-11-25,NOP,UTA,NOP,-2.5,227.5,18206,[],401584871
183,2023-11-25,DAL,LAC,LAC,-0.5,237.5,19370,[],401584872
184,2023-11-26,POR,MIL,MIL,-12.5,231.5,17602,[],401584873
185,2023-11-26,ATL,BOS,BOS,-7.5,234.5,19156,[],401584874
186,2023-11-26,PHX,NYK,NYK,-6.5,219.5,19812,[],401584875
187,2023-11-26,CHA,ORL,ORL,-6.5,227.5,18846,[],401584876
188,2023-11-26,MIN,MEM,MIN,-6.5,217.5,15764,[],401584877
189,2023-11-26,CHI,BKN,BKN,-2.5,221.5,16687,[],401584878
190,2023-11-26,TOR,CLE,CLE,-3.5,222.5,19432,[],401584879
191,2023-11-26,SAS,DEN,DEN,-10.5,229.5,19665,[],401584880
192,2023-11-27,WAS,DET,DET,-2.5,237.5,14346,[],401584881
193,2023-11-27,POR,IND,IND,-11.5,240.5,14508,[],401584882
194,2023-11-27,LAL,PHI,PHI,-5.5,230.5,19907,[],401584883
195,2023-11-27,NOP,UTA,NOP,-6.5,232.5,18206,[],401584884
196,2023-11-27,DEN,LAC,LAC,-11.5,217.5,17071,[],401584885
197,2023-11-29,LAL,DET,LAL,-8.5,230.5,20062,[],401584886
198,2023-11-29,WAS,ORL,ORL,-10.5,235.5,17109,[],401584887
199,2023-11-29,PHX,TOR,PHX,-2.5,227.5,19800,[],401584888
200,2023-11-29,UTA,MEM,MEM,-3.5,223.5,15327,[],401584889
201,2023-11-29,PHI,NOP,NOP,-2.5,228.5,16009,[],401584890
202,2023-11-29,HOU,DEN,DEN,-10.5,217.5,19590,[],401584891
203,2023-11-29,LAC,SAC,LAC,-1.5,231.5,17829,[],401584892
204,2023-11-30,POR,CLE,CLE,-12.5,220.5,19432,[],401584893
205,2023-11-30,CHA,BKN,BKN,-8.5,224.5,16072,[],401584894
206,2023-11-30,IND,MIA,MIA,-3.5,238.5,19604,[],401584895
207,2023-11-30,DET,NYK,NYK,-14.5,219.5,19812,[],401584896
208,2023-11-30,MIL,CHI,MIL,-10.5,225.5,19838,[],401584897
209,2023-11-30,UTA,MIN,MIN,-11.5,219.5,18024,[],401584898
210,2023-11-30,LAL,OKC,OKC,-4.5,234.5,17401,[],401584899
211,2023-11-30,ATL,SAS,ATL,-6.5,246.5,17646,[],401584900
212,2023-11-30,LAC,GSW,GSW,-2.5,229.5,18064,[],401584901
213,2023-12-1,WAS,ORL,ORL,-10.5,236.5,18846,[],401584902
214,2023-12-1,PHI,BOS,BOS,-11.5,218.5,19156,[],401584903
215,2023-12-1,NYK,TOR,TOR,-1.5,218.5,19800,[],401584904
216,2023-12-1,MEM,DAL,DAL,-5.5,224.5,20150,[],401584905
217,2023-12-1,SAS,NOP,NOP,-12.5,237.5,17028,[],401584906
218,2023-12-1,DEN,PHX,PHX,-0.5,224.5,17071,[],401584907
219,2023-12-2,GSW,LAC,LAC,-4.5,229.5,19370,[],401584908
220,2023-12-2,MIN,CHA,MIN,-5.5,220.5,17731,[],401584909
221,2023-12-2,ORL,BKN,BKN,-2.5,225.5,17966,[],401584910
222,2023-12-2,CLE,DET,CLE,-9.5,225.5,18924,[],401584911
223,2023-12-2,IND,MIA,MIA,-4.5,237.5,19650,[],401584912
224,2023-12-2,NOP,CHI,CHI,-0.5,219.5,20511,[],401584913
225,2023-12-2,ATL,MIL,MIL,-6.5,252.5,17866,[],401584914
226,2023-12-2,OKC,DAL,OKC,-5.5,234.5,20277,[],401584915
227,2023-12-2,MEM,PHX,PHX,-10.5,220.5,17071,[],401584916
228,2023-12-2,POR,UTA,UTA,-1.5,217.5,18206,[],401584917
229,2023-12-2,DEN,SAC,SAC,-3.5,234.5,17829,[],401584918
230,2023-12-2,HOU,LAL,LAL,-4.5,226.5,18997,[],401584919
231,2023-12-11,MIA,CHA,MIA,-4.5,222.5,15543,[],401584920
232,2023-12-11,IND,DET,IND,-7.5,247.5,14988,[],401584921
233,2023-12-11,CLE,ORL,ORL,-2.5,225.5,19032,[],401584922
234,2023-12-11,WAS,PHI,PHI,-13.5,244.5,19762,[],401584923
235,2023-12-11,DEN,ATL,DEN,-2.5,242.5,17531,[],401584924
236,2023-12-11,TOR,NYK,NYK,-4.5,221.5,19812,[],401584925
237,2023-12-11,SAS,HOU,HOU,-8.5,223.5,16481,[],401584926
238,2023-12-11,DAL,MEM,MEM,-1.5,227.5,16379,[],401584927
239,2023-12-11,CHI,MIL,MIL,-11.5,233.5,17440,[],401584928
240,2023-12-11,MIN,NOP,NOP,-4.5,221.5,16487,[],401584929
241,2023-12-11,UTA,OKC,OKC,-12.5,235.5,16631,[],401584930
242,2023-12-11,BKN,SAC,SAC,-4.5,237.5,17794,[],401584931
243,2023-12-11,POR,LAC,LAC,-14.5,220.5,17102,[],401584932
244,2023-12-12,CLE,BOS,BOS,-11.5,226.5,19156,[],401584933
245,2023-12-12,LAL,DAL,LAL,-2.5,236.5,20377,[],401584934
246,2023-12-12,DEN,CHI,DEN,-6.5,219.5,20775,[],401584935
247,2023-12-12,GSW,PHX,GSW,-1.5,229.5,17071,[],401584936
248,2023-12-12,SAC,LAC,LAC,-3.5,237.5,17060,[],401584937
249,2023-12-13,PHI,DET,PHI,-12.5,233.5,16749,[],401584938
250,2023-12-13,NOP,WAS,NOP,-7.5,239.5,14080,[],401584939
251,2023-12-13,CHA,MIA,MIA,-7.5,222.5,19600,[],401584940
252,2023-12-13,ATL,TOR,TOR,-2.5,240.5,19423,[],401584941
253,2023-12-13,MEM,HOU,HOU,-9.5,209.5,16813,[],401584942
254,2023-12-13,IND,MIL,MIL,-6.5,258.5,17431,[],401584943
255,2023-12-13,LAL,SAS,LAL,-3.5,230.5,18354,[],401584944
256,2023-12-13,BKN,PHX,PHX,-4.5,230.5,17071,[],401584945
257,2023-12-13,NYK,UTA,NYK,-5.5,228.5,18206,[],401584946
258,2023-12-14,CLE,BOS,BOS,-9.5,227.5,19156,[],401584947
259,2023-12-14,CHI,MIA,MIA,-3.5,213.5,19653,[],401584948
260,2023-12-14,MIN,DAL,MIN,-1.5,231.5,20177,[],401584949
261,2023-12-14,BKN,DEN,DEN,-9.5,230.5,19636,[],401584950
262,2023-12-14,UTA,POR,POR,-4.5,226.5,17842,[],401584951
263,2023-12-14,OKC,SAC,SAC,-2.5,244.5,17794,[],401584952
264,2023-12-14,GSW,LAC,LAC,-2.5,231.5,19370,[],401584953
265,2023-12-15,NOP,CHA,NOP,-9.5,217.5,16080,[],401584954
266,2023-12-15,DET,PHI,PHI,-15.5,234.5,19761,[],401584955
267,2023-12-15,IND,WAS,IND,-8.5,260.5,15208,[],401584956
268,2023-12-15,ORL,BOS,BOS,-5.5,227.5,19156,[],401584957
269,2023-12-15,ATL,TOR,TOR,-1.5,241.5,19800,[],401584958
270,2023-12-15,LAL,SAS,LAL,-4.5,235.5,18354,[],401584959
271,2023-12-15,HOU,MEM,HOU,-2.5,212.5,16941,[],401584960
272,2023-12-15,NYK,PHX,PHX,-4.5,229.5,17071,[],401584961
273,2023-12-16,DET,MIL,MIL,-16.5,241.5,17666,[],401584962
274,2023-12-16,PHI,CHA,PHI,-11.5,229.5,17829,[],401584963
275,2023-12-16,ATL,CLE,CLE,-4.5,236.5,19432,[],401584964
276,2023-12-16,CHI,MIA,MIA,-4.5,219.5,19815,[],401584965
277,2023-12-16,IND,MIN,MIN,-10.5,239.5,18024,[],401584966
278,2023-12-16,BKN,GSW,GSW,-3.5,235.5,18064,[],401584967
279,2023-12-16,OKC,DEN,DEN,-5.5,237.5,19611,[],401584968
280,2023-12-16,DAL,POR,DAL,-4.5,232.5,18439,[],401584969
281,2023-12-16,UTA,SAC,SAC,-8.5,235.5,17794,[],401584970
282,2023-12-16,NYK,LAC,LAC,-6.5,229.5,19370,[],401584971
283,2023-12-17,ORL,BOS,BOS,-8.5,226.5,19156,[],401584972
284,2023-12-17,NOP,SAS,NOP,-7.5,238.5,18354,[],401584973
285,2023-12-17,HOU,MIL,MIL,-7.5,231.5,17341,[],401584974
286,2023-12-17,WAS,PHX,PHX,-12.5,246.5,17071,[],401584975
287,2023-12-17,GSW,POR,GSW,-5.5,233.5,18547,[],401584976
288,2023-12-18,HOU,CLE,CLE,-3.5,214.5,19432,[],401584977
289,2023-12-18,LAC,IND,LAC,-3.5,251.5,16665,[],401584978
290,2023-12-18,CHI,PHI,PHI,-10.5,227.5,19773,[],401584979
291,2023-12-18,DET,ATL,ATL,-11.5,246.5,17664,[],401584980
292,2023-12-18,MIN,MIA,MIN,-1.5,217.5,19819,[],401584981
293,2023-12-18,CHA,TOR,TOR,-12.5,224.5,19288,[],401584982
294,2023-12-18,MEM,OKC,OKC,-10.5,229.5,16409,[],401584983
295,2023-12-18,DAL,DEN,DEN,-8.5,239.5,19659,[],401584984
296,2023-12-18,BKN,UTA,BKN,-3.5,233.5,18206,[],401584985
297,2023-12-18,WAS,SAC,SAC,-14.5,252.5,17794,[],401584986
298,2023-12-18,NYK,LAL,LAL,-5.5,236.5,18997,[],401584987
299,2023-12-19,MEM,NOP,NOP,-8.5,229.5,18355,[],401584988
300,2023-12-19,SAS,MIL,MIL,-16.5,248.5,17729,[],401584989
301,2023-12-19,BOS,GSW,BOS,-5.5,233.5,18064,[],401584990
302,2023-12-19,PHX,POR,PHX,-7.5,230.5,18233,[],401584991
303,2023-12-20,UTA,CLE,CLE,-3.5,225.5,19432,[],401584992
304,2023-12-20,CHA,IND,IND,-10.5,245.5,16761,[],401584993
305,2023-12-20,MIA,ORL,ORL,-5.5,219.5,19129,[],401584994
306,2023-12-20,MIN,PHI,PHI,-4.5,226.5,20365,[],401584995
307,2023-12-20,NYK,BKN,NYK,-1.5,233.5,18071,[],401584996
308,2023-12-20,DEN,TOR,DEN,-4.5,229.5,19800,[],401584997
309,2023-12-20,LAL,CHI,LAL,-3.5,225.5,21234,[],401584998
310,2023-12-20,ATL,HOU,HOU,-2.5,234.5,18055,[],401584999
311,2023-12-20,LAC,DAL,LAC,-1.5,237.5,20310,[],401585000
312,2023-12-20,BOS,SAC,SAC,-3.5,237.5,17874,[],401585001
313,2023-12-21,UTA,DET,DET,-2.5,235.5,18122,[],401585002
314,2023-12-21,NOP,CLE,NOP,-4.5,224.5,19432,[],401585003
315,2023-12-21,SAS,CHI,CHI,-6.5,229.5,20697,[],401585004
316,2023-12-21,IND,MEM,MEM,-2.5,247.5,18160,[],401585005
317,2023-12-21,ORL,MIL,MIL,-8.5,238.5,17928,[],401585006
318,2023-12-21,LAC,OKC,OKC,-6.5,237.5,18203,[],401585007
319,2023-12-21,LAL,MIN,MIN,-8.5,222.5,18024,[],401585008
320,2023-12-21,WAS,POR,POR,-4.5,238.5,18690,[],401585009
321,2023-12-22,TOR,PHI,PHI,-8.5,230.5,20230,[],401585010
322,2023-12-22,DEN,BKN,DEN,-5.5,231.5,17732,[],401585011
323,2023-12-22,ATL,MIA,MIA,-1.5,238.5,20029,[],401585012
324,2023-12-22,DAL,HOU,HOU,-8.5,222.5,18055,[],401585013
325,2023-12-22,WAS,GSW,GSW,-11.5,248.5,18064,[],401585014
326,2023-12-22,PHX,SAC,SAC,-3.5,244.5,17794,[],401585015
327,2023-12-23,MIL,NYK,MIL,-2.5,243.5,19812,[],401585016
328,2023-12-23,BOS,LAC,BOS,-4.5,231.5,19370,[],401585017
329,2023-12-23,DEN,CHA,DEN,-10.5,224.5,19165,[],401585018
330,2023-12-23,ORL,IND,IND,-2.5,244.5,17274,[],401585019
331,2023-12-23,HOU,NOP,NOP,-7.5,226.5,17399,[],401585020
332,2023-12-23,MEM,ATL,ATL,-1.5,237.5,17632,[],401585021
333,2023-12-23,DET,BKN,BKN,-9.5,231.5,17732,[],401585022
334,2023-12-23,UTA,TOR,TOR,-5.5,232.5,19420,[],401585023
335,2023-12-23,CLE,CHI,CHI,-6.5,214.5,19583,[],401585024
336,2023-12-23,LAL,OKC,OKC,-3.5,239.5,18203,[],401585025
337,2023-12-23,SAS,DAL,DAL,-8.5,243.5,20409,[],401585026
338,2023-12-23,POR,GSW,GSW,-8.5,228.5,18064,[],401585027
339,2023-12-23,MIN,SAC,SAC,-2.5,232.5,17983,[],401585028
340,2023-12-25,MIL,NYK,MIL,-3.5,243.5,19812,[],401585029
341,2023-12-25,GSW,DEN,DEN,-7.5,235.5,19811,[],401585030
342,2023-12-25,BOS,LAL,BOS,-5.5,235.5,18997,[],401585031
343,2023-12-25,PHI,MIA,MIA,-2.5,227.5,20162,[],401585032
344,2023-12-25,DAL,PHX,PHX,-4.5,243.5,17071,[],401585033
345,2023-12-26,BKN,DET,BKN,-6.5,228.5,19811,[],401585034
346,2023-12-26,ORL,WAS,ORL,-7.5,237.5,16293,[],401585035
347,2023-12-26,ATL,CHI,ATL,-2.5,237.5,21420,[],401585036
348,2023-12-26,IND,HOU,HOU,-2.5,240.5,18055,[],401585037
349,2023-12-26,MEM,NOP,NOP,-4.5,228.5,18538,[],401585038
350,2023-12-26,MIN,OKC,OKC,-1.5,230.5,18203,[],401585039
351,2023-12-26,UTA,SAS,UTA,-2.5,241.5,18579,[],401585040
352,2023-12-26,SAC,POR,SAC,-8.5,236.5,18585,[],401585041
353,2023-12-26,CHA,LAC,LAC,-11.5,226.5,19370,[],401585042
354,2023-12-27,PHI,ORL,ORL,-2.5,228.5,19179,[],401585043
355,2023-12-27,TOR,WAS,TOR,-6.5,242.5,15437,[],401585044
356,2023-12-27,MIL,BKN,MIL,-9.5,244.5,18199,[],401585045
357,2023-12-27,PHX,HOU,PHX,-2.5,225.5,18055,[],401585046
358,2023-12-27,NYK,OKC,OKC,-3.5,241.5,18203,[],401585047
359,2023-12-27,CLE,DAL,DAL,-6.5,232.5,20377,[],401585048
360,2023-12-28,DET,BOS,BOS,-17.5,234.5,19156,[],401585049
361,2023-12-28,IND,CHI,CHI,-0.5,238.5,21568,[],401585050
362,2023-12-28,DAL,MIN,MIN,-12.5,227.5,18024,[],401585051
363,2023-12-28,UTA,NOP,NOP,-8.5,239.5,17753,[],401585052
364,2023-12-28,MEM,DEN,DEN,-9.5,222.5,19733,[],401585053
365,2023-12-28,MIA,GSW,GSW,-6.5,232.5,18064,[],401585054
366,2023-12-28,SAS,POR,POR,-3.5,232.5,19335,[],401585055
367,2023-12-28,CHA,LAL,LAL,-13.5,226.5,18997,[],401585056
368,2023-12-29,NYK,ORL,ORL,-0.5,226.5,19587,[],401585057
369,2023-12-29,BKN,WAS,BKN,-5.5,242.5,16825,[],401585058
370,2023-12-29,SAC,ATL,ATL,-1.5,252.5,18305,[],401585059
371,2023-12-29,TOR,BOS,BOS,-5.5,228.5,19156,[],401585060
372,2023-12-29,MIL,CLE,MIL,-5.5,241.5,19432,[],401585061
373,2023-12-29,PHI,HOU,PHI,-1.5,224.5,18055,[],401585062
374,2023-12-29,OKC,DEN,DEN,-1.5,237.5,19808,[],401585063
375,2023-12-29,CHA,PHX,PHX,-15.5,231.5,17071,[],401585064
376,2023-12-29,SAS,POR,POR,-4.5,233.5,18861,[],401585065
377,2023-12-29,MEM,LAC,LAC,-3.5,230.5,19370,[],401585066
378,2023-12-30,MIA,UTA,MIA,-3.5,232.5,18206,[],401585067
379,2023-12-30,TOR,DET,TOR,-3.5,232.5,18411,[],401585068
380,2023-12-30,NYK,IND,IND,-3.5,247.5,17274,[],401585069
381,2023-12-30,PHI,CHI,CHI,-0.5,225.5,21648,[],401585070
382,2023-12-30,LAL,MIN,MIN,-4.5,227.5,18024,[],401585071
383,2023-12-30,DAL,GSW,GSW,-3.5,243.5,18064,[],401585072
384,2023-12-31,ATL,WAS,ATL,-6.5,252.5,17042,[],401585073
385,2023-12-31,LAL,NOP,NOP,-5.5,232.5,18434,[],401585074
386,2023-12-31,BKN,OKC,OKC,-7.5,235.5,18203,[],401585075
387,2023-12-31,BOS,SAS,BOS,-14.5,241.5,18886,[],401585076
388,2023-12-31,SAC,MEM,MEM,-0.5,236.5,17794,[],401585077
389,2023-12-31,ORL,PHX,PHX,-5.5,232.5,17071,[],401585078
390,2024-01-1,MIN,NYK,MIN,-1.5,222.5,19812,[],401585079
391,2024-01-1,CLE,TOR,TOR,-2.5,227.5,19800,[],401585080
392,2024-01-1,DET,HOU,HOU,-9.5,227.5,18055,[],401585081
393,2024-01-1,IND,MIL,MIL,-8.5,262.5,17922,[],401585082
394,2024-01-1,CHA,DEN,DEN,-17.5,224.5,19625,[],401585083
395,2024-01-1,POR,PHX,PHX,-9.5,229.5,17071,[],401585084
396,2024-01-1,DAL,UTA,DAL,-4.5,247.5,18206,[],401585085
397,2024-01-1,MIA,LAC,LAC,-8.5,228.5,19370,[],401585086
398,2024-01-2,CHI,PHI,PHI,-9.5,222.5,19772,[],401585087
399,2024-01-2,SAS,MEM,MEM,-10.5,236.5,17794,[],401585088
400,2024-01-2,BKN,NOP,NOP,-5.5,227.5,16253,[],401585089
401,2024-01-2,BOS,OKC,BOS,-4.5,240.5,18203,[],401585090
402,2024-01-2,ORL,GSW,GSW,-3.5,230.5,18064,[],401585091
403,2024-01-2,CHA,SAC,SAC,-15.5,234.5,17832,[],401585092
404,2024-01-3,WAS,CLE,CLE,-9.5,238.5,19432,[],401585093
405,2024-01-3,MIL,IND,MIL,-3.5,257.5,17274,[],401585094
406,2024-01-3,OKC,ATL,ATL,-1.5,249.5,17770,[],401585095
407,2024-01-3,CHI,NYK,NYK,-7.5,219.5,19812,[],401585096
408,2024-01-3,BKN,HOU,HOU,-4.5,222.5,16563,[],401585097
409,2024-01-3,TOR,MEM,MEM,-1.5,227.5,16385,[],401585098
410,2024-01-3,NOP,MIN,MIN,-6.5,220.5,18024,[],401585099
411,2024-01-3,POR,DAL,DAL,-11.5,238.5,20077,[],401585100
412,2024-01-3,LAC,PHX,LAC,-3.5,231.5,17071,[],401585101
413,2024-01-3,DET,UTA,UTA,-8.5,240.5,18206,[],401585102
414,2024-01-3,MIA,LAL,LAL,-5.5,229.5,18997,[],401585103
415,2024-01-3,ORL,SAC,SAC,-5.5,231.5,17832,[],401585104
416,2024-01-4,MIL,SAS,MIL,-11.5,248.5,19082,[],401585105
417,2024-01-4,DEN,GSW,DEN,-3.5,234.5,18064,[],401585106
418,2024-01-5,UTA,BOS,BOS,-14.5,241.5,19156,[],401585107
419,2024-01-5,ATL,IND,IND,-2.5,261.5,17274,[],401585108
420,2024-01-5,OKC,BKN,OKC,-4.5,234.5,18147,[],401585109
421,2024-01-5,WAS,CLE,CLE,-10.5,237.5,19432,[],401585110
422,2024-01-5,NYK,PHI,PHI,-5.5,233.5,20461,[],401585111
423,2024-01-5,CHA,CHI,CHI,-8.5,218.5,21345,[],401585112
424,2024-01-5,MIN,HOU,MIN,-4.5,216.5,18055,[],401585113
425,2024-01-5,LAC,NOP,NOP,-0.5,230.5,18329,[],401585114
426,2024-01-5,POR,DAL,DAL,-7.5,233.5,20162,[],401585115
427,2024-01-5,ORL,DEN,DEN,-9.5,223.5,19659,[],401585116
428,2024-01-5,MIA,PHX,PHX,-3.5,228.5,17071,[],401585117
429,2024-01-5,DET,GSW,GSW,-10.5,239.5,18064,[],401585118
430,2024-01-5,MEM,LAL,LAL,-3.5,225.5,18997,[],401585119
431,2024-01-5,TOR,SAC,SAC,-4.5,237.5,17941,[],401585120
432,2024-01-6,BOS,IND,BOS,-6.5,249.5,17274,[],401585121
433,2024-01-6,NYK,WAS,NYK,-9.5,239.5,20333,[],401585122
434,2024-01-6,UTA,PHI,PHI,-5.5,235.5,20278,[],401585123
435,2024-01-6,MIL,HOU,MIL,-7.5,237.5,18055,[],401585124
436,2024-01-7,SAS,CLE,CLE,-10.5,232.5,19432,[],401585125
437,2024-01-7,POR,BKN,BKN,-9.5,226.5,17732,[],401585126
438,2024-01-7,ATL,ORL,ATL,-2.5,240.5,19349,[],401585127
439,2024-01-7,NOP,SAC,SAC,-4.5,234.5,17832,[],401585128
440,2024-01-7,MIN,DAL,MIN,-2.5,234.5,20111,[],401585129
441,2024-01-7,DET,DEN,DEN,-16.5,235.5,19623,[],401585130
442,2024-01-7,MEM,PHX,PHX,-8.5,228.5,17071,[],401585131
443,2024-01-7,TOR,GSW,GSW,-2.5,237.5,18064,[],401585132
444,2024-01-7,LAC,LAL,LAC,-5.5,232.5,18997,[],401585133
445,2024-01-8,CHI,CHA,CHI,-6.5,215.5,14418,[],401585134
446,2024-01-8,BOS,IND,BOS,-3.5,245.5,16009,[],401585135
447,2024-01-8,OKC,WAS,OKC,-11.5,245.5,15297,[],401585136
448,2024-01-8,HOU,MIA,MIA,-4.5,218.5,19694,[],401585137
449,2024-01-8,UTA,MIL,MIL,-8.5,242.5,17341,[],401585138
450,2024-01-8,PHX,LAC,LAC,-5.5,234.5,19370,[],401585139
451,2024-01-9,SAC,DET,SAC,-11.5,241.5,13992,[],401585140
452,2024-01-9,MIN,ORL,MIN,-5.5,217.5,19223,[],401585141
453,2024-01-9,POR,NYK,NYK,-12.5,229.5,19812,[],401585142
454,2024-01-9,MEM,DAL,DAL,-9.5,236.5,20116,[],401585143
455,2024-01-9,TOR,LAL,LAL,-4.5,236.5,18997,[],401585144
456,2024-01-10,MIN,BOS,BOS,-10.5,228.5,19156,[],401585145
457,2024-01-10,SAC,CHA,SAC,-8.5,229.5,14173,[],401585146
458,2024-01-10,SAS,DET,SAS,-3.5,238.5,17833,[],401585147
459,2024-01-10,WAS,IND,IND,-8.5,252.5,15721,[],401585148
460,2024-01-10,PHI,ATL,ATL,-0.5,245.5,16089,[],401585149
461,2024-01-10,OKC,MIA,OKC,-4.5,233.5,19636,[],401585150
462,2024-01-10,HOU,CHI,CHI,-4.5,216.5,21149,[],401585151
463,2024-01-10,DEN,UTA,DEN,-6.5,239.5,18206,[],401585152
464,2024-01-10,NOP,GSW,NOP,-2.5,233.5,18064,[],401585153
465,2024-01-10,TOR,LAC,LAC,-11.5,232.5,19370,[],401585154
466,2024-01-11,BKN,CLE,EVEN,0.0,[],15887,[],401585155
467,2024-01-11,BOS,MIL,MIL,-2.5,247.5,17781,[],401585156
468,2024-01-11,POR,OKC,OKC,-13.5,237.5,15828,[],401585157
469,2024-01-11,NYK,DAL,NYK,-4.5,234.5,20040,[],401585158
470,2024-01-11,PHX,LAL,PHX,-1.5,238.5,18416,[],401585159
471,2024-01-12,SAC,PHI,PHI,-0.5,241.5,19766,[],401585160
472,2024-01-12,IND,ATL,ATL,-5.5,250.5,15596,[],401585161
473,2024-01-12,HOU,DET,HOU,-8.5,224.5,13987,[],401585162
474,2024-01-12,ORL,MIA,MIA,-1.5,219.5,19650,[],401585163
475,2024-01-12,GSW,CHI,CHI,-3.5,228.5,21153,[],401585164
476,2024-01-12,LAC,MEM,LAC,-8.5,224.5,16617,[],401585165
477,2024-01-12,POR,MIN,MIN,-16.5,219.5,18024,[],401585166
478,2024-01-12,NOP,DEN,DEN,-5.5,230.5,19638,[],401585167
479,2024-01-12,TOR,UTA,UTA,-1.5,242.5,18206,[],401585168
480,2024-01-12,CHA,SAS,SAS,-2.5,236.5,18073,[],401585169
481,2024-01-13,HOU,BOS,BOS,-14.5,226.5,19156,[],401585170
482,2024-01-13,WAS,ATL,ATL,-7.5,248.5,17108,[],401585171
483,2024-01-13,NYK,MEM,NYK,-10.5,219.5,16598,[],401585172
484,2024-01-13,GSW,MIL,MIL,-13.5,241.5,18009,[],401585173
485,2024-01-13,ORL,OKC,OKC,-11.5,231.5,18203,[],401585174
486,2024-01-13,NOP,DAL,DAL,-5.5,227.5,20155,[],401585175
487,2024-01-13,CHI,SAS,CHI,-6.5,229.5,18354,[],401585176
488,2024-01-13,LAL,UTA,UTA,-2.5,238.5,18206,[],401585177
489,2024-01-14,IND,DEN,DEN,-10.5,239.5,19631,[],401585178
490,2024-01-14,CHA,MIA,MIA,-8.5,225.5,19831,[],401585179
491,2024-01-14,SAC,MIL,MIL,-4.5,246.5,17612,[],401585180
492,2024-01-14,LAC,MIN,MIN,-0.5,225.5,18024,[],401585181
493,2024-01-14,PHX,POR,PHX,-14.5,234.5,18071,[],401585182
494,2024-01-15,HOU,PHI,PHI,-8.5,227.5,20822,[],401585183
495,2024-01-15,NOP,DAL,NOP,-4.5,235.5,20010,[],401585184
496,2024-01-15,ORL,NYK,NYK,-5.5,217.5,19812,[],401585185
497,2024-01-15,DET,WAS,WAS,-5.5,240.5,15156,[],401585186
498,2024-01-15,SAS,ATL,ATL,-8.5,246.5,17447,[],401585187
499,2024-01-15,GSW,MEM,GSW,-7.5,226.5,16612,[],401585188
500,2024-01-15,CHI,CLE,CLE,-4.5,222.5,19432,[],401585189
501,2024-01-15,MIA,BKN,BKN,-0.5,220.5,17893,[],401585190
502,2024-01-15,BOS,TOR,BOS,-6.5,238.5,19278,[],401585191
503,2024-01-15,IND,UTA,UTA,-6.5,245.5,18206,[],401585192
504,2024-01-15,OKC,LAL,OKC,-2.5,242.5,18997,[],401585193
505,2024-01-16,DEN,PHI,PHI,-1.5,232.5,19775,[],401585194
506,2024-01-16,SAC,PHX,PHX,-4.5,244.5,17071,[],401585195
507,2024-01-16,OKC,LAC,LAC,-5.5,240.5,19370,[],401585196
508,2024-01-17,MIN,DET,MIN,-12.5,223.5,16022,[],401585197
509,2024-01-17,ORL,ATL,ATL,-4.5,228.5,14541,[],401585198
510,2024-01-17,SAS,BOS,BOS,-14.5,237.5,19156,[],401585199
511,2024-01-17,MIL,CLE,CLE,-1.5,237.5,19432,[],401585200
512,2024-01-17,HOU,NYK,NYK,-7.5,223.5,19439,[],401585201
513,2024-01-17,MIA,TOR,MIA,-3.5,226.5,19631,[],401585202
514,2024-01-17,CHA,NOP,NOP,-12.5,229.5,16093,[],401585203
515,2024-01-17,DAL,LAL,LAL,-3.5,244.5,18338,[],401585205
516,2024-01-17,BKN,POR,BKN,-5.5,221.5,17021,[],401585206
517,2024-01-18,WAS,NYK,NYK,-11.5,234.5,19466,[],401585207
518,2024-01-18,CHI,TOR,CHI,-1.5,228.5,19312,[],401585208
519,2024-01-18,OKC,UTA,OKC,-3.5,245.5,18206,[],401585209
520,2024-01-18,MEM,MIN,MIN,-12.5,214.5,18024,[],401585210
521,2024-01-18,IND,SAC,SAC,-8.5,244.5,17832,[],401585211
522,2024-01-19,SAS,CHA,CHA,-4.5,236.5,19093,[],401585212
523,2024-01-19,PHI,ORL,PHI,-5.5,222.5,19063,[],401585213
524,2024-01-19,DEN,BOS,BOS,-7.5,233.5,19156,[],401585214
525,2024-01-19,ATL,MIA,MIA,-0.5,212.5,20040,[],401585215
526,2024-01-19,PHX,NOP,NOP,-2.5,237.5,18686,[],401585216
527,2024-01-19,IND,POR,IND,-7.5,237.5,18595,[],401585218
528,2024-01-19,BKN,LAL,LAL,-7.5,226.5,18997,[],401585219
529,2024-01-20,MIL,DET,MIL,-13.5,245.5,19996,[],401585220
530,2024-01-20,PHI,CHA,PHI,-12.5,227.5,18261,[],401585221
531,2024-01-20,SAS,WAS,WAS,-2.5,241.5,17922,[],401585222
532,2024-01-20,CLE,ATL,CLE,-2.5,232.5,17047,[],401585223
533,2024-01-20,TOR,NYK,NYK,-7.5,229.5,19812,[],401585224
534,2024-01-20,MEM,CHI,CHI,-7.5,215.5,21441,[],401585225
535,2024-01-20,UTA,HOU,HOU,-2.5,234.5,16618,[],401585226
536,2024-01-20,OKC,MIN,MIN,-3.5,229.5,18024,[],401585227
537,2024-01-21,BKN,LAC,LAC,-9.5,227.5,19370,[],401585228
538,2024-01-21,MIA,ORL,ORL,-1.5,213.5,18102,[],401585229
539,2024-01-21,DEN,WAS,DEN,-12.5,237.5,17107,[],401585230
540,2024-01-21,BOS,HOU,BOS,-11.5,226.5,18055,[],401585231
541,2024-01-21,IND,PHX,PHX,-6.5,245.5,17071,[],401585232
542,2024-01-21,POR,LAL,LAL,-11.5,230.5,18997,[],401585233
543,2024-01-22,MIL,DET,MIL,-12.5,248.5,17201,[],401585234
544,2024-01-22,CLE,ORL,CLE,-2.5,215.5,19301,[],401585235
545,2024-01-22,SAS,PHI,PHI,-13.5,237.5,20511,[],401585236
546,2024-01-22,MEM,TOR,TOR,-7.5,226.5,18577,[],401585237
547,2024-01-22,CHA,MIN,MIN,-13.5,220.5,18024,[],401585238
548,2024-01-22,BOS,DAL,BOS,-2.5,240.5,20277,[],401585239
549,2024-01-22,CHI,PHX,PHX,-5.5,228.5,17071,[],401585240
550,2024-01-22,ATL,SAC,SAC,-8.5,237.5,17832,[],401585241
551,2024-01-23,DEN,IND,DEN,-4.5,237.5,16004,[],401585242
552,2024-01-23,NYK,BKN,NYK,-3.5,223.5,17732,[],401585243
553,2024-01-23,UTA,NOP,NOP,-6.5,239.5,16032,[],401585244
554,2024-01-23,POR,OKC,OKC,-13.5,233.5,15874,[],401585245
555,2024-01-23,LAL,LAC,LAC,-9.5,235.5,19370,[],401585246
556,2024-01-24,CHA,DET,DET,-2.5,230.5,15020,[],401585247
557,2024-01-24,MIN,WAS,MIN,-10.5,229.5,15446,[],401585248
558,2024-01-24,MEM,MIA,MIA,-11.5,214.5,19600,[],401585249
559,2024-01-24,OKC,SAS,OKC,-8.5,241.5,18130,[],401585250
560,2024-01-24,POR,HOU,HOU,-10.5,220.5,18055,[],401585251
561,2024-01-24,CLE,MIL,MIL,-6.5,237.5,17510,[],401585252
562,2024-01-24,PHX,DAL,PHX,-2.5,241.5,20202,[],401585253
563,2024-01-24,ATL,GSW,GSW,-6.5,235.5,18064,[],401585254
564,2024-01-25,PHI,IND,PHI,-3.5,239.5,15699,[],401585255
565,2024-01-25,UTA,WAS,UTA,-7.5,246.5,14027,[],401585256
566,2024-01-25,MIN,BKN,MIN,-3.5,218.5,17732,[],401585257
567,2024-01-25,BOS,MIA,BOS,-8.5,224.5,20074,[],401585258
568,2024-01-25,DEN,NYK,DEN,-2.5,222.5,19812,[],401585259
569,2024-01-25,SAC,GSW,SAC,-1.5,243.5,18064,[],401585260
570,2024-01-25,CHI,LAL,LAL,-5.5,229.5,18997,[],401585261
571,2024-01-26,DAL,ATL,ATL,-2.5,245.5,16149,[],401585262
572,2024-01-26,HOU,CHA,HOU,-4.5,223.5,16164,[],401585263
573,2024-01-26,PHX,IND,EVEN,0.0,[],17274,[],401585264
574,2024-01-26,LAC,TOR,LAC,-8.5,237.5,19800,[],401585265
575,2024-01-26,ORL,MEM,ORL,-6.5,212.5,16823,[],401585266
576,2024-01-26,CLE,MIL,MIL,-5.5,238.5,17855,[],401585267
577,2024-01-26,OKC,NOP,OKC,-1.5,237.5,18624,[],401585268
578,2024-01-26,POR,SAS,SAS,-4.5,232.5,17274,[],401585269
579,2024-01-27,WAS,DET,DET,-3.5,241.5,16922,[],401585270
580,2024-01-27,MIA,NYK,NYK,-4.5,220.5,19812,[],401585271
581,2024-01-27,PHI,DEN,DEN,-12.5,224.5,19805,[],401585272
582,2024-01-27,HOU,BKN,BKN,-4.5,221.5,17732,[],401585273
583,2024-01-27,LAC,BOS,BOS,-6.5,232.5,19156,[],401585274
584,2024-01-27,UTA,CHA,UTA,-10.5,231.5,17633,[],401585275
585,2024-01-27,NOP,MIL,MIL,-3.5,242.5,17940,[],401585276
586,2024-01-27,MIN,SAS,MIN,-10.5,228.5,17726,[],401585277
587,2024-01-27,LAL,GSW,GSW,-1.5,245.5,18064,[],401585278
588,2024-01-27,SAC,DAL,SAC,-4.5,245.5,20373,[],401585279
589,2024-01-28,MEM,IND,IND,-7.5,229.5,16519,[],401585280
590,2024-01-28,TOR,ATL,ATL,-7.5,240.5,15658,[],401585281
591,2024-01-28,OKC,DET,OKC,-12.5,237.5,16861,[],401585282
592,2024-01-28,PHX,ORL,PHX,-1.5,228.5,18823,[],401585283
593,2024-01-28,CHI,POR,CHI,-5.5,222.5,17899,[],401585284
594,2024-01-29,NYK,CHA,NYK,-9.5,218.5,15546,[],401585285
595,2024-01-29,LAC,CLE,LAC,-1.5,226.5,19432,[],401585286
596,2024-01-29,NOP,BOS,BOS,-7.5,233.5,19156,[],401585287
597,2024-01-29,UTA,BKN,BKN,-0.5,236.5,16054,[],401585288
598,2024-01-29,PHX,MIA,MIA,-2.5,230.5,19600,[],401585289
599,2024-01-29,LAL,HOU,LAL,-1.5,235.5,18055,[],401585290
600,2024-01-29,SAC,MEM,SAC,-10.5,223.5,15333,[],401585291
601,2024-01-29,MIN,OKC,OKC,-2.5,225.5,16870,[],401585292
602,2024-01-29,WAS,SAS,SAS,-3.5,241.5,17020,[],401585293
603,2024-01-29,ORL,DAL,DAL,-3.5,227.5,20020,[],401585294
604,2024-01-29,MIL,DEN,DEN,-4.5,237.5,19801,[],401585295
605,2024-01-29,PHI,POR,PHI,-5.5,221.5,17128,[],401585296
606,2024-01-30,LAL,ATL,ATL,-5.5,247.5,17871,[],401585297
607,2024-01-30,IND,BOS,BOS,-7.5,247.5,19156,[],401585298
608,2024-01-30,UTA,NYK,NYK,-2.5,229.5,19133,[],401585299
609,2024-01-30,TOR,CHI,CHI,-6.5,227.5,21259,[],401585300
610,2024-01-30,PHI,GSW,GSW,-1.5,232.5,18064,[],401585301
611,2024-01-31,CHI,CHA,CHI,-5.5,214.5,13712,[],401585302
612,2024-01-31,DET,CLE,CLE,-13.5,231.5,19432,[],401585303
613,2024-01-31,LAC,WAS,LAC,-9.5,235.5,17201,[],401585304
614,2024-01-31,PHX,BKN,PHX,-3.5,232.5,17732,[],401585305
615,2024-01-31,SAC,MIA,MIA,-2.5,228.5,19600,[],401585306
616,2024-01-31,NOP,HOU,HOU,-0.5,230.5,18055,[],401585307
617,2024-01-31,DAL,MIN,MIN,-12.5,221.5,18024,[],401585308
618,2024-01-31,ORL,SAS,ORL,-6.5,226.5,17081,[],401585309
619,2024-01-31,DEN,OKC,OKC,-6.5,223.5,16723,[],401585310
620,2024-01-31,MIL,POR,MIL,-10.5,237.5,19335,[],401585311
621,2024-02-1,LAL,BOS,BOS,-15.5,237.5,19156,[],401585312
622,2024-02-1,IND,NYK,NYK,-1.5,235.5,19812,[],401585313
623,2024-02-1,PHI,UTA,UTA,-4.5,242.5,18206,[],401585314
624,2024-02-1,CLE,MEM,CLE,-9.5,215.5,15505,[],401585315
625,2024-02-2,LAC,DET,LAC,-12.5,239.5,19122,[],401585316
626,2024-02-2,MIA,WAS,MIA,-8.5,227.5,18308,[],401585317
627,2024-02-2,PHX,ATL,PHX,-3.5,250.5,16536,[],401585318
628,2024-02-2,SAC,IND,SAC,-3.5,248.5,17274,[],401585319
629,2024-02-2,TOR,HOU,HOU,-4.5,232.5,18055,[],401585320
630,2024-02-2,GSW,MEM,GSW,-7.5,226.5,17794,[],401585321
631,2024-02-2,ORL,MIN,MIN,-6.5,212.5,18024,[],401585322
632,2024-02-2,CHA,OKC,OKC,-15.5,225.5,17552,[],401585323
633,2024-02-2,NOP,SAS,NOP,-8.5,234.5,17207,[],401585324
634,2024-02-2,POR,DEN,DEN,-14.5,220.5,19622,[],401585325
635,2024-02-3,BKN,PHI,PHI,-1.5,231.5,20673,[],401585326
636,2024-02-3,GSW,ATL,ATL,-2.5,245.5,17600,[],401585327
637,2024-02-3,SAC,CHI,CHI,-1.5,228.5,21579,[],401585328
638,2024-02-3,LAL,NYK,NYK,-2.5,227.5,19812,[],401585329
639,2024-02-3,MIL,DAL,MIL,-4.5,248.5,20377,[],401585330
640,2024-02-3,CLE,SAS,CLE,-10.5,232.5,18354,[],401585331
641,2024-02-4,ORL,DET,ORL,-6.5,230.5,17982,[],401585332
642,2024-02-4,PHX,WAS,PHX,-11.5,240.5,16984,[],401585333
643,2024-02-4,MEM,BOS,BOS,-19.5,218.5,19156,[],401585334
644,2024-02-4,IND,CHA,IND,-11.5,236.5,15687,[],401585335
645,2024-02-4,LAC,MIA,LAC,-4.5,223.5,19855,[],401585336
646,2024-02-4,HOU,MIN,MIN,-7.5,221.5,18024,[],401585337
647,2024-02-4,TOR,OKC,OKC,-8.5,237.5,17059,[],401585338
648,2024-02-4,MIL,UTA,UTA,-2.5,249.5,18206,[],401585339
649,2024-02-4,POR,DEN,DEN,-15.5,220.5,19715,[],401585340
650,2024-02-5,LAL,CHA,LAL,-13.5,227.5,19375,[],401585341
651,2024-02-5,SAC,CLE,CLE,-4.5,235.5,19432,[],401585342
652,2024-02-5,DAL,PHI,DAL,-2.5,241.5,19764,[],401585343
653,2024-02-5,LAC,ATL,LAC,-4.5,245.5,17093,[],401585344
654,2024-02-5,GSW,BKN,BKN,-0.5,239.5,17919,[],401585345
655,2024-02-5,TOR,NOP,NOP,-10.5,232.5,17429,[],401585346
656,2024-02-6,HOU,IND,IND,-8.5,244.5,15571,[],401585347
657,2024-02-6,DAL,BKN,DAL,-2.5,236.5,17732,[],401585348
658,2024-02-6,ORL,MIA,MIA,-3.5,213.5,19600,[],401585349
659,2024-02-6,MEM,NYK,NYK,-13.5,213.5,19013,[],401585350
660,2024-02-6,MIN,CHI,MIN,-4.5,216.5,20949,[],401585351
661,2024-02-6,OKC,UTA,OKC,-3.5,237.5,18206,[],401585352
662,2024-02-6,MIL,PHX,PHX,-5.5,242.5,17071,[],401585353
663,2024-02-7,TOR,CHA,TOR,-7.5,226.5,11720,[],401585354
664,2024-02-7,GSW,PHI,GSW,-3.5,236.5,19780,[],401585355
665,2024-02-7,CLE,WAS,CLE,-11.5,234.5,15860,[],401585356
666,2024-02-7,ATL,BOS,BOS,-11.5,245.5,19156,[],401585357
667,2024-02-7,SAS,MIA,MIA,-6.5,227.5,19652,[],401585358
668,2024-02-7,NOP,LAC,LAC,-5.5,232.5,19370,[],401585359
669,2024-02-7,DET,SAC,SAC,-13.5,238.5,17832,[],401585360
670,2024-02-8,GSW,IND,IND,-5.5,248.5,17274,[],401585361
671,2024-02-8,SAS,ORL,ORL,-10.5,224.5,19074,[],401585362
672,2024-02-8,CLE,BKN,CLE,-7.5,224.5,17304,[],401585363
673,2024-02-8,DAL,NYK,DAL,-5.5,222.5,19812,[],401585364
674,2024-02-8,CHI,MEM,CHI,-5.5,217.5,16285,[],401585365
675,2024-02-8,MIN,MIL,MIN,-2.5,223.5,17577,[],401585366
676,2024-02-8,UTA,PHX,PHX,-5.5,239.5,17071,[],401585367
677,2024-02-8,DEN,LAL,DEN,-3.5,232.5,18997,[],401585368
678,2024-02-8,DET,POR,POR,-4.5,225.5,18125,[],401585369
679,2024-02-9,ATL,PHI,ATL,-3.5,244.5,19758,[],401585370
680,2024-02-9,WAS,BOS,BOS,-18.5,236.5,19156,[],401585371
681,2024-02-9,HOU,TOR,TOR,-2.5,235.5,19800,[],401585372
682,2024-02-9,CHA,MIL,MIL,-16.5,228.5,17690,[],401585373
683,2024-02-9,DEN,SAC,SAC,-2.5,231.5,17832,[],401585374
684,2024-02-9,NOP,LAL,NOP,-2.5,236.5,18997,[],401585375
685,2024-02-10,DET,LAC,LAC,-16.5,235.5,19370,[],401585377
686,2024-02-10,SAS,BKN,BKN,-6.5,231.5,18005,[],401585378
687,2024-02-10,MEM,CHA,MEM,-5.5,216.5,17259,[],401585379
688,2024-02-10,CHI,ORL,ORL,-5.5,218.5,19459,[],401585380
689,2024-02-10,PHI,WAS,PHI,-5.5,243.5,20333,[],401585381
690,2024-02-10,HOU,ATL,ATL,-7.5,241.5,17503,[],401585382
691,2024-02-10,IND,NYK,IND,-3.5,237.5,19812,[],401585383
692,2024-02-10,CLE,TOR,CLE,-8.5,230.5,19800,[],401585384
693,2024-02-10,PHX,GSW,EVEN,0.0,[],18064,[],401585385
694,2024-02-10,NOP,POR,NOP,-8.5,219.5,18226,[],401585386
695,2024-02-11,BOS,MIA,BOS,-7.5,224.5,20049,[],401585387
696,2024-02-11,SAC,OKC,OKC,-3.5,239.5,17092,[],401585388
697,2024-02-12,IND,CHA,IND,-10.5,238.5,12112,[],401585389
698,2024-02-12,PHI,CLE,CLE,-11.5,231.5,19432,[],401585390
699,2024-02-12,CHI,ATL,ATL,-4.5,240.5,16524,[],401585391
700,2024-02-12,SAS,TOR,TOR,-5.5,236.5,19800,[],401585392
701,2024-02-12,NYK,HOU,HOU,-1.5,224.5,16790,[],401585393
702,2024-02-12,NOP,MEM,NOP,-9.5,221.5,15823,[],401585394
703,2024-02-12,DEN,MIL,MIL,-1.5,229.5,17444,[],401585395
704,2024-02-12,WAS,DAL,DAL,-12.5,247.5,19921,[],401585396
705,2024-02-12,GSW,UTA,UTA,-0.5,240.5,18206,[],401585397
706,2024-02-12,MIN,LAC,LAC,-4.5,223.5,19370,[],401585398
707,2024-02-13,BOS,BKN,BOS,-7.5,227.5,18053,[],401585399
708,2024-02-13,OKC,ORL,OKC,-2.5,222.5,19301,[],401585400
709,2024-02-13,MIA,MIL,MIL,-7.5,223.5,17520,[],401585401
710,2024-02-13,SAC,PHX,PHX,-4.5,245.5,17071,[],401585402
711,2024-02-13,MIN,POR,MIN,-9.5,214.5,17906,[],401585403
712,2024-02-13,DET,LAL,LAL,-11.5,243.5,18997,[],401585404
713,2024-02-14,ATL,CHA,ATL,-6.5,238.5,14336,[],401585405
714,2024-02-14,NYK,ORL,ORL,-3.5,211.5,19259,[],401585406
715,2024-02-14,MIA,PHI,PHI,-2.5,227.5,20015,[],401585407
716,2024-02-14,BKN,BOS,BOS,-11.5,227.5,19156,[],401585408
717,2024-02-14,CHI,CLE,CLE,-9.5,222.5,19432,[],401585409
718,2024-02-14,IND,TOR,IND,-2.5,246.5,19800,[],401585410
719,2024-02-14,HOU,MEM,HOU,-1.5,217.5,15012,[],401585411
720,2024-02-14,WAS,NOP,NOP,-14.5,234.5,18316,[],401585412
721,2024-02-14,SAS,DAL,DAL,-11.5,243.5,20311,[],401585413
722,2024-02-14,SAC,DEN,DEN,-5.5,229.5,19617,[],401585414
723,2024-02-14,DET,PHX,PHX,-13.5,238.5,17071,[],401585415
724,2024-02-14,LAC,GSW,GSW,-3.5,237.5,18064,[],401585417
725,2024-02-15,MIL,MEM,MIL,-14.5,222.5,16544,[],401585418
726,2024-02-15,MIN,POR,MIN,-9.5,216.5,18606,[],401585419
