,Date,Game ID
0,2023-10-24,401584689
1,2023-10-24,401584690
2,2023-10-25,401584691
3,2023-10-25,401584692
4,2023-10-25,401584693
5,2023-10-25,401584694
6,2023-10-25,401584695
7,2023-10-25,401584696
8,2023-10-25,401584697
9,2023-10-25,401584698
10,2023-10-25,401584699
11,2023-10-25,401584700
12,2023-10-25,401584701
13,2023-10-25,401584702
14,2023-10-26,401584703
15,2023-10-26,401584704
16,2023-10-27,401584705
17,2023-10-27,401584706
18,2023-10-27,401584707
19,2023-10-27,401584708
20,2023-10-27,401584709
21,2023-10-27,401584710
22,2023-10-27,401584711
23,2023-10-27,401584712
24,2023-10-27,401584713
25,2023-10-27,401584714
26,2023-10-27,401584715
27,2023-10-28,401584716
28,2023-10-28,401584717
29,2023-10-28,401584718
30,2023-10-28,401584719
31,2023-10-28,401584720
32,2023-10-28,401584721
33,2023-10-28,401584722
34,2023-10-29,401584723
35,2023-10-29,401584724
36,2023-10-29,401584725
37,2023-10-29,401584726
38,2023-10-29,401584727
39,2023-10-29,401584728
40,2023-10-30,401584729
41,2023-10-30,401584730
42,2023-10-30,401584731
43,2023-10-30,401584732
44,2023-10-30,401584733
45,2023-10-30,401584734
46,2023-10-30,401584735
47,2023-10-30,401584736
48,2023-10-30,401584737
49,2023-10-30,401584738
50,2023-10-30,401584739
51,2023-10-31,401584740
52,2023-10-31,401584741
53,2023-10-31,401584742
54,2023-11-1,401584743
55,2023-11-1,401584744
56,2023-11-1,401584745
57,2023-11-1,401584746
58,2023-11-1,401584747
59,2023-11-1,401584748
60,2023-11-1,401584749
61,2023-11-1,401584750
62,2023-11-1,401584751
63,2023-11-1,401584752
64,2023-11-1,401584753
65,2023-11-1,401584754
66,2023-11-1,401584755
67,2023-11-2,401584756
68,2023-11-2,401584757
69,2023-11-2,401584758
70,2023-11-2,401584759
71,2023-11-4,401584760
72,2023-11-4,401584761
73,2023-11-4,401584762
74,2023-11-4,401584763
75,2023-11-4,401584764
76,2023-11-4,401584765
77,2023-11-4,401584766
78,2023-11-4,401584767
79,2023-11-5,401584768
80,2023-11-5,401584769
81,2023-11-5,401584770
82,2023-11-5,401584771
83,2023-11-5,401584772
84,2023-11-6,401584773
85,2023-11-6,401584774
86,2023-11-6,401584775
87,2023-11-6,401584776
88,2023-11-6,401584777
89,2023-11-6,401584778
90,2023-11-6,401584779
91,2023-11-6,401584780
92,2023-11-6,401584781
93,2023-11-6,401584782
94,2023-11-6,401584783
95,2023-11-6,401584784
96,2023-11-8,401584785
97,2023-11-8,401584786
98,2023-11-8,401584787
99,2023-11-8,401584788
100,2023-11-8,401584789
101,2023-11-8,401584790
102,2023-11-8,401584791
103,2023-11-8,401584792
104,2023-11-8,401584793
105,2023-11-8,401584794
106,2023-11-8,401584795
107,2023-11-8,401584796
108,2023-11-8,401584797
109,2023-11-8,401584798
110,2023-11-9,401584799
111,2023-11-9,401584800
112,2023-11-11,401584801
113,2023-11-11,401584802
114,2023-11-11,401584803
115,2023-11-11,401584804
116,2023-11-12,401584805
117,2023-11-12,401584806
118,2023-11-12,401584807
119,2023-11-12,401584808
120,2023-11-12,401584809
121,2023-11-12,401584810
122,2023-11-12,401584811
123,2023-11-12,401584812
124,2023-11-12,401584813
125,2023-11-12,401584814
126,2023-11-12,401584815
127,2023-11-13,401584816
128,2023-11-13,401584817
129,2023-11-13,401584818
130,2023-11-13,401584819
131,2023-11-15,401584820
132,2023-11-15,401584821
133,2023-11-15,401584822
134,2023-11-15,401584823
135,2023-11-15,401584824
136,2023-11-15,401584825
137,2023-11-15,401584826
138,2023-11-15,401584827
139,2023-11-16,401584828
140,2023-11-16,401584829
141,2023-11-18,401584830
142,2023-11-18,401584831
143,2023-11-18,401584832
144,2023-11-18,401584833
145,2023-11-18,401584834
146,2023-11-18,401584835
147,2023-11-19,401584836
148,2023-11-19,401584837
149,2023-11-19,401584838
150,2023-11-19,401584839
151,2023-11-19,401584840
152,2023-11-19,401584841
153,2023-11-19,401584842
154,2023-11-19,401584843
155,2023-11-19,401584844
156,2023-11-20,401584845
157,2023-11-20,401584846
158,2023-11-20,401584847
159,2023-11-20,401584848
160,2023-11-20,401584849
161,2023-11-20,401584850
162,2023-11-20,401584851
163,2023-11-20,401584852
164,2023-11-22,401584853
165,2023-11-22,401584854
166,2023-11-22,401584855
167,2023-11-22,401584856
168,2023-11-22,401584857
169,2023-11-22,401584858
170,2023-11-22,401584859
171,2023-11-22,401584860
172,2023-11-22,401584861
173,2023-11-22,401584862
174,2023-11-22,401584863
175,2023-11-22,401584864
176,2023-11-22,401584865
177,2023-11-22,401584866
178,2023-11-25,401584867
179,2023-11-25,401584868
180,2023-11-25,401584869
181,2023-11-25,401584870
182,2023-11-25,401584871
183,2023-11-25,401584872
184,2023-11-26,401584873
185,2023-11-26,401584874
186,2023-11-26,401584875
187,2023-11-26,401584876
188,2023-11-26,401584877
189,2023-11-26,401584878
190,2023-11-26,401584879
191,2023-11-26,401584880
192,2023-11-27,401584881
193,2023-11-27,401584882
194,2023-11-27,401584883
195,2023-11-27,401584884
196,2023-11-27,401584885
197,2023-11-29,401584886
198,2023-11-29,401584887
199,2023-11-29,401584888
200,2023-11-29,401584889
201,2023-11-29,401584890
202,2023-11-29,401584891
203,2023-11-29,401584892
204,2023-11-30,401584893
205,2023-11-30,401584894
206,2023-11-30,401584895
207,2023-11-30,401584896
208,2023-11-30,401584897
209,2023-11-30,401584898
210,2023-11-30,401584899
211,2023-11-30,401584900
212,2023-11-30,401584901
213,2023-12-1,401584902
214,2023-12-1,401584903
215,2023-12-1,401584904
216,2023-12-1,401584905
217,2023-12-1,401584906
218,2023-12-1,401584907
219,2023-12-2,401584908
220,2023-12-2,401584909
221,2023-12-2,401584910
222,2023-12-2,401584911
223,2023-12-2,401584912
224,2023-12-2,401584913
225,2023-12-2,401584914
226,2023-12-2,401584915
227,2023-12-2,401584916
228,2023-12-2,401584917
229,2023-12-2,401584918
230,2023-12-2,401584919
231,2023-12-11,401584920
232,2023-12-11,401584921
233,2023-12-11,401584922
234,2023-12-11,401584923
235,2023-12-11,401584924
236,2023-12-11,401584925
237,2023-12-11,401584926
238,2023-12-11,401584927
239,2023-12-11,401584928
240,2023-12-11,401584929
241,2023-12-11,401584930
242,2023-12-11,401584931
243,2023-12-11,401584932
244,2023-12-12,401584933
245,2023-12-12,401584934
246,2023-12-12,401584935
247,2023-12-12,401584936
248,2023-12-12,401584937
249,2023-12-13,401584938
250,2023-12-13,401584939
251,2023-12-13,401584940
252,2023-12-13,401584941
253,2023-12-13,401584942
254,2023-12-13,401584943
255,2023-12-13,401584944
256,2023-12-13,401584945
257,2023-12-13,401584946
258,2023-12-14,401584947
259,2023-12-14,401584948
260,2023-12-14,401584949
261,2023-12-14,401584950
262,2023-12-14,401584951
263,2023-12-14,401584952
264,2023-12-14,401584953
265,2023-12-15,401584954
266,2023-12-15,401584955
267,2023-12-15,401584956
268,2023-12-15,401584957
269,2023-12-15,401584958
270,2023-12-15,401584959
271,2023-12-15,401584960
272,2023-12-15,401584961
273,2023-12-16,401584962
274,2023-12-16,401584963
275,2023-12-16,401584964
276,2023-12-16,401584965
277,2023-12-16,401584966
278,2023-12-16,401584967
279,2023-12-16,401584968
280,2023-12-16,401584969
281,2023-12-16,401584970
282,2023-12-16,401584971
283,2023-12-17,401584972
284,2023-12-17,401584973
285,2023-12-17,401584974
286,2023-12-17,401584975
287,2023-12-17,401584976
288,2023-12-18,401584977
289,2023-12-18,401584978
290,2023-12-18,401584979
291,2023-12-18,401584980
292,2023-12-18,401584981
293,2023-12-18,401584982
294,2023-12-18,401584983
295,2023-12-18,401584984
296,2023-12-18,401584985
297,2023-12-18,401584986
298,2023-12-18,401584987
299,2023-12-19,401584988
300,2023-12-19,401584989
301,2023-12-19,401584990
302,2023-12-19,401584991
303,2023-12-20,401584992
304,2023-12-20,401584993
305,2023-12-20,401584994
306,2023-12-20,401584995
307,2023-12-20,401584996
308,2023-12-20,401584997
309,2023-12-20,401584998
310,2023-12-20,401584999
311,2023-12-20,401585000
312,2023-12-20,401585001
313,2023-12-21,401585002
314,2023-12-21,401585003
315,2023-12-21,401585004
316,2023-12-21,401585005
317,2023-12-21,401585006
318,2023-12-21,401585007
319,2023-12-21,401585008
320,2023-12-21,401585009
321,2023-12-22,401585010
322,2023-12-22,401585011
323,2023-12-22,401585012
324,2023-12-22,401585013
325,2023-12-22,401585014
326,2023-12-22,401585015
327,2023-12-23,401585016
328,2023-12-23,401585017
329,2023-12-23,401585018
330,2023-12-23,401585019
331,2023-12-23,401585020
332,2023-12-23,401585021
333,2023-12-23,401585022
334,2023-12-23,401585023
335,2023-12-23,401585024
336,2023-12-23,401585025
337,2023-12-23,401585026
338,2023-12-23,401585027
339,2023-12-23,401585028
340,2023-12-25,401585029
341,2023-12-25,401585030
342,2023-12-25,401585031
343,2023-12-25,401585032
344,2023-12-25,401585033
345,2023-12-26,401585034
346,2023-12-26,401585035
347,2023-12-26,401585036
348,2023-12-26,401585037
349,2023-12-26,401585038
350,2023-12-26,401585039
351,2023-12-26,401585040
352,2023-12-26,401585041
353,2023-12-26,401585042
354,2023-12-27,401585043
355,2023-12-27,401585044
356,2023-12-27,401585045
357,2023-12-27,401585046
358,2023-12-27,401585047
359,2023-12-27,401585048
360,2023-12-28,401585049
361,2023-12-28,401585050
362,2023-12-28,401585051
363,2023-12-28,401585052
364,2023-12-28,401585053
365,2023-12-28,401585054
366,2023-12-28,401585055
367,2023-12-28,401585056
368,2023-12-29,401585057
369,2023-12-29,401585058
370,2023-12-29,401585059
371,2023-12-29,401585060
372,2023-12-29,401585061
373,2023-12-29,401585062
374,2023-12-29,401585063
375,2023-12-29,401585064
376,2023-12-29,401585065
377,2023-12-29,401585066
378,2023-12-30,401585067
379,2023-12-30,401585068
380,2023-12-30,401585069
381,2023-12-30,401585070
382,2023-12-30,401585071
383,2023-12-30,401585072
384,2023-12-31,401585073
385,2023-12-31,401585074
386,2023-12-31,401585075
387,2023-12-31,401585076
388,2023-12-31,401585077
389,2023-12-31,401585078
390,2024-01-1,401585079
391,2024-01-1,401585080
392,2024-01-1,401585081
393,2024-01-1,401585082
394,2024-01-1,401585083
395,2024-01-1,401585084
396,2024-01-1,401585085
397,2024-01-1,401585086
398,2024-01-2,401585087
399,2024-01-2,401585088
400,2024-01-2,401585089
401,2024-01-2,401585090
402,2024-01-2,401585091
403,2024-01-2,401585092
404,2024-01-3,401585093
405,2024-01-3,401585094
406,2024-01-3,401585095
407,2024-01-3,401585096
408,2024-01-3,401585097
409,2024-01-3,401585098
410,2024-01-3,401585099
411,2024-01-3,401585100
412,2024-01-3,401585101
413,2024-01-3,401585102
414,2024-01-3,401585103
415,2024-01-3,401585104
416,2024-01-4,401585105
417,2024-01-4,401585106
418,2024-01-5,401585107
419,2024-01-5,401585108
420,2024-01-5,401585109
421,2024-01-5,401585110
422,2024-01-5,401585111
423,2024-01-5,401585112
424,2024-01-5,401585113
425,2024-01-5,401585114
426,2024-01-5,401585115
427,2024-01-5,401585116
428,2024-01-5,401585117
429,2024-01-5,401585118
430,2024-01-5,401585119
431,2024-01-5,401585120
432,2024-01-6,401585121
433,2024-01-6,401585122
434,2024-01-6,401585123
435,2024-01-6,401585124
436,2024-01-7,401585125
437,2024-01-7,401585126
438,2024-01-7,401585127
439,2024-01-7,401585128
440,2024-01-7,401585129
441,2024-01-7,401585130
442,2024-01-7,401585131
443,2024-01-7,401585132
444,2024-01-7,401585133
445,2024-01-8,401585134
446,2024-01-8,401585135
447,2024-01-8,401585136
448,2024-01-8,401585137
449,2024-01-8,401585138
450,2024-01-8,401585139
451,2024-01-9,401585140
452,2024-01-9,401585141
453,2024-01-9,401585142
454,2024-01-9,401585143
455,2024-01-9,401585144
456,2024-01-10,401585145
457,2024-01-10,401585146
458,2024-01-10,401585147
459,2024-01-10,401585148
460,2024-01-10,401585149
461,2024-01-10,401585150
462,2024-01-10,401585151
463,2024-01-10,401585152
464,2024-01-10,401585153
465,2024-01-10,401585154
466,2024-01-11,401585155
467,2024-01-11,401585156
468,2024-01-11,401585157
469,2024-01-11,401585158
470,2024-01-11,401585159
471,2024-01-12,401585160
472,2024-01-12,401585161
473,2024-01-12,401585162
474,2024-01-12,401585163
475,2024-01-12,401585164
476,2024-01-12,401585165
477,2024-01-12,401585166
478,2024-01-12,401585167
479,2024-01-12,401585168
480,2024-01-12,401585169
481,2024-01-13,401585170
482,2024-01-13,401585171
483,2024-01-13,401585172
484,2024-01-13,401585173
485,2024-01-13,401585174
486,2024-01-13,401585175
487,2024-01-13,401585176
488,2024-01-13,401585177
489,2024-01-14,401585178
490,2024-01-14,401585179
491,2024-01-14,401585180
492,2024-01-14,401585181
493,2024-01-14,401585182
494,2024-01-15,401585183
495,2024-01-15,401585184
496,2024-01-15,401585185
497,2024-01-15,401585186
498,2024-01-15,401585187
499,2024-01-15,401585188
500,2024-01-15,401585189
501,2024-01-15,401585190
502,2024-01-15,401585191
503,2024-01-15,401585192
504,2024-01-15,401585193
505,2024-01-16,401585194
506,2024-01-16,401585195
507,2024-01-16,401585196
508,2024-01-17,401585197
509,2024-01-17,401585198
510,2024-01-17,401585199
511,2024-01-17,401585200
512,2024-01-17,401585201
513,2024-01-17,401585202
514,2024-01-17,401585203
515,2024-01-17,401585204
516,2024-01-17,401585205
517,2024-01-17,401585206
518,2024-01-18,401585207
519,2024-01-18,401585208
520,2024-01-18,401585209
521,2024-01-18,401585210
522,2024-01-18,401585211
523,2024-01-19,401585212
524,2024-01-19,401585213
525,2024-01-19,401585214
526,2024-01-19,401585215
527,2024-01-19,401585216
528,2024-01-19,401585217
529,2024-01-19,401585218
530,2024-01-19,401585219
531,2024-01-20,401585220
532,2024-01-20,401585221
533,2024-01-20,401585222
534,2024-01-20,401585223
535,2024-01-20,401585224
536,2024-01-20,401585225
537,2024-01-20,401585226
538,2024-01-20,401585227
539,2024-01-21,401585228
540,2024-01-21,401585229
541,2024-01-21,401585230
542,2024-01-21,401585231
543,2024-01-21,401585232
544,2024-01-21,401585233
545,2024-01-22,401585234
546,2024-01-22,401585235
547,2024-01-22,401585236
548,2024-01-22,401585237
549,2024-01-22,401585238
550,2024-01-22,401585239
551,2024-01-22,401585240
552,2024-01-22,401585241
553,2024-01-23,401585242
554,2024-01-23,401585243
555,2024-01-23,401585244
556,2024-01-23,401585245
557,2024-01-23,401585246
558,2024-01-24,401585247
559,2024-01-24,401585248
560,2024-01-24,401585249
561,2024-01-24,401585250
562,2024-01-24,401585251
563,2024-01-24,401585252
564,2024-01-24,401585253
565,2024-01-24,401585254
566,2024-01-25,401585255
567,2024-01-25,401585256
568,2024-01-25,401585257
569,2024-01-25,401585258
570,2024-01-25,401585259
571,2024-01-25,401585260
572,2024-01-25,401585261
573,2024-01-26,401585262
574,2024-01-26,401585263
575,2024-01-26,401585264
576,2024-01-26,401585265
577,2024-01-26,401585266
578,2024-01-26,401585267
579,2024-01-26,401585268
580,2024-01-26,401585269
581,2024-01-27,401585270
582,2024-01-27,401585271
583,2024-01-27,401585272
584,2024-01-27,401585273
585,2024-01-27,401585274
586,2024-01-27,401585275
587,2024-01-27,401585276
588,2024-01-27,401585277
589,2024-01-27,401585278
590,2024-01-27,401585279
591,2024-01-28,401585280
592,2024-01-28,401585281
593,2024-01-28,401585282
594,2024-01-28,401585283
595,2024-01-28,401585284
596,2024-01-29,401585285
597,2024-01-29,401585286
598,2024-01-29,401585287
599,2024-01-29,401585288
600,2024-01-29,401585289
601,2024-01-29,401585290
602,2024-01-29,401585291
603,2024-01-29,401585292
604,2024-01-29,401585293
605,2024-01-29,401585294
606,2024-01-29,401585295
607,2024-01-29,401585296
608,2024-01-30,401585297
609,2024-01-30,401585298
610,2024-01-30,401585299
611,2024-01-30,401585300
612,2024-01-30,401585301
613,2024-01-31,401585302
614,2024-01-31,401585303
615,2024-01-31,401585304
616,2024-01-31,401585305
617,2024-01-31,401585306
618,2024-01-31,401585307
619,2024-01-31,401585308
620,2024-01-31,401585309
621,2024-01-31,401585310
622,2024-01-31,401585311
623,2024-02-1,401585312
624,2024-02-1,401585313
625,2024-02-1,401585314
626,2024-02-1,401585315
627,2024-02-2,401585316
628,2024-02-2,401585317
629,2024-02-2,401585318
630,2024-02-2,401585319
631,2024-02-2,401585320
632,2024-02-2,401585321
633,2024-02-2,401585322
634,2024-02-2,401585323
635,2024-02-2,401585324
636,2024-02-2,401585325
637,2024-02-3,401585326
638,2024-02-3,401585327
639,2024-02-3,401585328
640,2024-02-3,401585329
641,2024-02-3,401585330
642,2024-02-3,401585331
643,2024-02-4,401585332
644,2024-02-4,401585333
645,2024-02-4,401585334
646,2024-02-4,401585335
647,2024-02-4,401585336
648,2024-02-4,401585337
649,2024-02-4,401585338
650,2024-02-4,401585339
651,2024-02-4,401585340
652,2024-02-5,401585341
653,2024-02-5,401585342
654,2024-02-5,401585343
655,2024-02-5,401585344
656,2024-02-5,401585345
657,2024-02-5,401585346
658,2024-02-6,401585347
659,2024-02-6,401585348
660,2024-02-6,401585349
661,2024-02-6,401585350
662,2024-02-6,401585351
663,2024-02-6,401585352
664,2024-02-6,401585353
665,2024-02-7,401585354
666,2024-02-7,401585355
667,2024-02-7,401585356
668,2024-02-7,401585357
669,2024-02-7,401585358
670,2024-02-7,401585359
671,2024-02-7,401585360
672,2024-02-8,401585361
673,2024-02-8,401585362
674,2024-02-8,401585363
675,2024-02-8,401585364
676,2024-02-8,401585365
677,2024-02-8,401585366
678,2024-02-8,401585367
679,2024-02-8,401585368
680,2024-02-8,401585369
681,2024-02-9,401585370
682,2024-02-9,401585371
683,2024-02-9,401585372
684,2024-02-9,401585373
685,2024-02-9,401585374
686,2024-02-9,401585375
687,2024-02-10,401585376
688,2024-02-10,401585377
689,2024-02-10,401585378
690,2024-02-10,401585379
691,2024-02-10,401585380
692,2024-02-10,401585381
693,2024-02-10,401585382
694,2024-02-10,401585383
695,2024-02-10,401585384
696,2024-02-10,401585385
697,2024-02-10,401585386
698,2024-02-11,401585387
699,2024-02-11,401585388
700,2024-02-12,401585389
701,2024-02-12,401585390
702,2024-02-12,401585391
703,2024-02-12,401585392
704,2024-02-12,401585393
705,2024-02-12,401585394
706,2024-02-12,401585395
707,2024-02-12,401585396
708,2024-02-12,401585397
709,2024-02-12,401585398
710,2024-02-13,401585399
711,2024-02-13,401585400
712,2024-02-13,401585401
713,2024-02-13,401585402
714,2024-02-13,401585403
715,2024-02-13,401585404
716,2024-02-14,401585405
717,2024-02-14,401585406
718,2024-02-14,401585407
719,2024-02-14,401585408
720,2024-02-14,401585409
721,2024-02-14,401585410
722,2024-02-14,401585411
723,2024-02-14,401585412
724,2024-02-14,401585413
725,2024-02-14,401585414
726,2024-02-14,401585415
727,2024-02-14,401585416
728,2024-02-14,401585417
729,2024-02-15,401585418
730,2024-02-15,401585419
731,2024-02-22,401585420
732,2024-02-22,401585421
733,2024-02-22,401585422
734,2024-02-22,401585423
735,2024-02-22,401585424
736,2024-02-22,401585425
737,2024-02-22,401585426
738,2024-02-22,401585427
739,2024-02-22,401585428
740,2024-02-22,401585429
741,2024-02-22,401585430
742,2024-02-22,401585431
743,2024-02-23,401585432
744,2024-02-23,401585433
745,2024-02-23,401585434
746,2024-02-23,401585435
747,2024-02-23,401585436
748,2024-02-23,401585437
749,2024-02-23,401585438
750,2024-02-23,401585439
751,2024-02-23,401585440
752,2024-02-23,401585441
753,2024-02-24,401585442
754,2024-02-24,401585443
755,2024-02-24,401585444
756,2024-02-25,401585445
757,2024-02-25,401585446
758,2024-02-25,401585447
759,2024-02-25,401585448
760,2024-02-25,401585449
761,2024-02-25,401585450
762,2024-02-25,401585451
763,2024-02-25,401585452
764,2024-02-25,401585453
765,2024-02-25,401585454
766,2024-02-25,401585455
767,2024-02-26,401585456
768,2024-02-26,401585457
769,2024-02-26,401585458
770,2024-02-26,401585459
771,2024-02-27,401585460
772,2024-02-27,401585461
773,2024-02-27,401585462
774,2024-02-27,401585463
775,2024-02-27,401585464
776,2024-02-27,401585465
777,2024-02-27,401585466
778,2024-02-27,401585467
779,2024-02-27,401585468
780,2024-02-27,401585469
781,2024-02-27,401585470
782,2024-02-28,401585471
783,2024-02-28,401585472
784,2024-02-28,401585473
785,2024-02-28,401585474
786,2024-02-28,401585475
787,2024-02-28,401585476
788,2024-02-29,401585477
789,2024-02-29,401585478
790,2024-02-29,401585479
791,2024-02-29,401585480
792,2024-02-29,401585481
793,2024-02-29,401585482
794,2024-02-29,401585483
795,2024-02-29,401585484
796,2024-03-1,401585485
797,2024-03-1,401585486
798,2024-03-1,401585487
799,2024-03-1,401585488
800,2024-03-1,401585489
801,2024-03-1,401585490
802,2024-03-1,401585491
803,2024-03-1,401585492
804,2024-03-1,401585493
805,2024-03-2,401585494
806,2024-03-2,401585495
807,2024-03-2,401585496
808,2024-03-2,401585497
809,2024-03-2,401585498
810,2024-03-3,401585499
811,2024-03-3,401585500
812,2024-03-3,401585501
813,2024-03-3,401585502
814,2024-03-3,401585503
815,2024-03-3,401585504
816,2024-03-3,401585505
817,2024-03-3,401585506
818,2024-03-4,401585507
819,2024-03-4,401585508
820,2024-03-4,401585509
821,2024-03-4,401585510
822,2024-03-4,401585511
823,2024-03-4,401585512
824,2024-03-5,401585513
825,2024-03-5,401585514
826,2024-03-5,401585515
827,2024-03-5,401585516
828,2024-03-5,401585517
829,2024-03-5,401585518
830,2024-03-5,401585519
831,2024-03-5,401585520
832,2024-03-5,401585521
833,2024-03-6,401585522
834,2024-03-6,401585523
835,2024-03-6,401585524
836,2024-03-6,401585525
837,2024-03-6,401585526
838,2024-03-6,401585527
839,2024-03-6,401585528
840,2024-03-6,401585529
841,2024-03-7,401585530
842,2024-03-7,401585531
843,2024-03-7,401585532
844,2024-03-7,401585533
845,2024-03-7,401585534
846,2024-03-7,401585535
847,2024-03-7,401585536
848,2024-03-8,401585537
849,2024-03-8,401585538
850,2024-03-8,401585539
851,2024-03-8,401585540
852,2024-03-8,401585541
853,2024-03-8,401585542
854,2024-03-8,401585543
855,2024-03-8,401585544
856,2024-03-9,401585545
857,2024-03-9,401585546
858,2024-03-9,401585547
859,2024-03-9,401585548
860,2024-03-9,401585549
861,2024-03-9,401585550
862,2024-03-9,401585551
863,2024-03-10,401585552
864,2024-03-10,401585553
865,2024-03-10,401585554
866,2024-03-10,401585555
867,2024-03-10,401585556
868,2024-03-10,401585557
869,2024-03-10,401585558
870,2024-03-10,401585559
871,2024-03-10,401585560
872,2024-03-11,401585561
873,2024-03-11,401585562
874,2024-03-11,401585563
875,2024-03-11,401585564
876,2024-03-11,401585565
877,2024-03-11,401585566
878,2024-03-12,401585567
879,2024-03-12,401585568
880,2024-03-12,401585569
881,2024-03-12,401585570
882,2024-03-12,401585571
883,2024-03-12,401585572
884,2024-03-12,401585573
885,2024-03-13,401585574
886,2024-03-13,401585575
887,2024-03-13,401585576
888,2024-03-13,401585577
889,2024-03-13,401585578
890,2024-03-13,401585579
891,2024-03-13,401585580
892,2024-03-13,401585581
893,2024-03-13,401585582
894,2024-03-14,401585583
895,2024-03-14,401585584
896,2024-03-14,401585585
897,2024-03-14,401585586
898,2024-03-14,401585587
899,2024-03-14,401585588
900,2024-03-15,401585589
901,2024-03-15,401585590
902,2024-03-15,401585591
903,2024-03-15,401585592
904,2024-03-15,401585593
905,2024-03-15,401585594
906,2024-03-16,401585595
907,2024-03-16,401585596
908,2024-03-16,401585597
909,2024-03-16,401585598
910,2024-03-16,401585599
911,2024-03-16,401585600
912,2024-03-16,401585601
913,2024-03-16,401585602
914,2024-03-16,401585603
915,2024-03-17,401585604
916,2024-03-17,401585605
917,2024-03-17,401585606
918,2024-03-17,401585607
919,2024-03-17,401585608
920,2024-03-17,401585609
921,2024-03-17,401585610
922,2024-03-18,401585611
923,2024-03-18,401585612
924,2024-03-18,401585613
925,2024-03-18,401585614
926,2024-03-18,401585615
927,2024-03-18,401585616
928,2024-03-18,401585617
929,2024-03-18,401585618
930,2024-03-19,401585619
931,2024-03-19,401585620
932,2024-03-19,401585621
933,2024-03-19,401585622
934,2024-03-19,401585623
935,2024-03-20,401585624
936,2024-03-20,401585625
937,2024-03-20,401585626
938,2024-03-20,401585627
939,2024-03-20,401585628
940,2024-03-20,401585629
941,2024-03-20,401585630
942,2024-03-20,401585631
943,2024-03-21,401585632
944,2024-03-21,401585633
945,2024-03-21,401585634
946,2024-03-21,401585635
947,2024-03-21,401585636
948,2024-03-21,401585637
949,2024-03-21,401585638
950,2024-03-22,401585639
951,2024-03-22,401585640
952,2024-03-22,401585641
953,2024-03-22,401585642
954,2024-03-22,401585643
955,2024-03-22,401585644
956,2024-03-22,401585645
957,2024-03-22,401585646
958,2024-03-23,401585647
959,2024-03-23,401585648
960,2024-03-23,401585649
961,2024-03-23,401585650
962,2024-03-23,401585651
963,2024-03-23,401585652
964,2024-03-23,401585653
965,2024-03-23,401585654
966,2024-03-24,401585655
967,2024-03-24,401585656
968,2024-03-24,401585657
969,2024-03-24,401585658
970,2024-03-24,401585659
971,2024-03-24,401585660
972,2024-03-25,401585661
973,2024-03-25,401585662
974,2024-03-25,401585663
975,2024-03-25,401585664
976,2024-03-25,401585665
977,2024-03-25,401585666
978,2024-03-25,401585667
979,2024-03-25,401585668
980,2024-03-25,401585669
981,2024-03-25,401585670
982,2024-03-25,401585671
983,2024-03-26,401585672
984,2024-03-26,401585673
985,2024-03-26,401585674
986,2024-03-26,401585675
987,2024-03-27,401585676
988,2024-03-27,401585677
989,2024-03-27,401585678
990,2024-03-27,401585679
991,2024-03-27,401585680
992,2024-03-27,401585681
993,2024-03-27,401585682
994,2024-03-27,401585683
995,2024-03-27,401585684
996,2024-03-27,401585685
997,2024-03-27,401585686
998,2024-03-27,401585687
999,2024-03-28,401585688
1000,2024-03-28,401585689
1001,2024-03-29,401585690
1002,2024-03-29,401585691
1003,2024-03-29,401585692
1004,2024-03-29,401585693
1005,2024-03-29,401585694
1006,2024-03-29,401585695
1007,2024-03-29,401585696
1008,2024-03-29,401585697
1009,2024-03-29,401585698
1010,2024-03-29,401585699
1011,2024-03-29,401585700
1012,2024-03-29,401585701
1013,2024-03-30,401585702
1014,2024-03-30,401585703
1015,2024-03-30,401585704
1016,2024-03-31,401585705
1017,2024-03-31,401585706
1018,2024-03-31,401585707
1019,2024-03-31,401585708
1020,2024-03-31,401585709
1021,2024-03-31,401585710
1022,2024-03-31,401585711
1023,2024-03-31,401585712
1024,2024-03-31,401585713
1025,2024-03-31,401585714
1026,2024-04-1,401585715
1027,2024-04-1,401585716
1028,2024-04-1,401585717
1029,2024-04-1,401585718
1030,2024-04-1,401585719
1031,2024-04-1,401585720
1032,2024-04-2,401585721
1033,2024-04-2,401585722
1034,2024-04-2,401585723
1035,2024-04-2,401585724
1036,2024-04-2,401585725
1037,2024-04-2,401585726
1038,2024-04-2,401585727
1039,2024-04-2,401585728
1040,2024-04-2,401585729
1041,2024-04-3,401585730
1042,2024-04-3,401585731
1043,2024-04-3,401585732
1044,2024-04-3,401585733
1045,2024-04-3,401585734
1046,2024-04-3,401585735
1047,2024-04-3,401585736
1048,2024-04-3,401585737
1049,2024-04-3,401585738
1050,2024-04-4,401585739
1051,2024-04-4,401585740
1052,2024-04-4,401585741
1053,2024-04-4,401585742
1054,2024-04-5,401585743
1055,2024-04-5,401585744
1056,2024-04-5,401585745
1057,2024-04-5,401585746
1058,2024-04-5,401585747
1059,2024-04-5,401585748
1060,2024-04-5,401585749
1061,2024-04-5,401585750
1062,2024-04-5,401585751
1063,2024-04-5,401585752
1064,2024-04-5,401585753
1065,2024-04-5,401585754
1066,2024-04-6,401585755
1067,2024-04-6,401585756
1068,2024-04-6,401585757
1069,2024-04-6,401585758
1070,2024-04-7,401585759
1071,2024-04-7,401585760
1072,2024-04-7,401585761
1073,2024-04-7,401585762
1074,2024-04-7,401585763
1075,2024-04-7,401585764
1076,2024-04-7,401585765
1077,2024-04-7,401585766
1078,2024-04-7,401585767
1079,2024-04-7,401585768
1080,2024-04-7,401585769
1081,2024-04-7,401585770
1082,2024-04-7,401585771
1083,2024-04-9,401585772
1084,2024-04-9,401585773
1085,2024-04-9,401585774
1086,2024-04-9,401585775
1087,2024-04-9,401585776
1088,2024-04-9,401585777
1089,2024-04-9,401585778
1090,2024-04-9,401585779
1091,2024-04-9,401585780
1092,2024-04-9,401585781
1093,2024-04-9,401585782
1094,2024-04-9,401585783
1095,2024-04-9,401585784
1096,2024-04-9,401585785
1097,2024-04-10,401585786
1098,2024-04-10,401585787
1099,2024-04-10,401585788
1100,2024-04-10,401585789
1101,2024-04-10,401585790
1102,2024-04-10,401585791
1103,2024-04-10,401585792
1104,2024-04-10,401585793
1105,2024-04-11,401585794
1106,2024-04-11,401585795
1107,2024-04-11,401585796
1108,2024-04-11,401585797
1109,2024-04-11,401585798
1110,2024-04-12,401585799
1111,2024-04-12,401585800
1112,2024-04-12,401585801
1113,2024-04-12,401585802
1114,2024-04-12,401585803
1115,2024-04-12,401585804
1116,2024-04-12,401585805
1117,2024-04-12,401585806
1118,2024-04-12,401585807
1119,2024-04-12,401585808
1120,2024-04-12,401585809
1121,2024-04-12,401585810
1122,2024-04-12,401585811
1123,2024-04-12,401585812
1124,2024-04-12,401585813
1125,2024-04-14,401585814
1126,2024-04-14,401585815
1127,2024-04-14,401585816
1128,2024-04-14,401585817
1129,2024-04-14,401585818
1130,2024-04-14,401585819
1131,2024-04-14,401585820
1132,2024-04-14,401585821
1133,2024-04-14,401585822
1134,2024-04-14,401585823
1135,2024-04-14,401585824
1136,2024-04-14,401585825
1137,2024-04-14,401585826
1138,2024-04-14,401585827
1139,2024-04-14,401585828
