,Name,Team,Season,GP,Win%,Mins,Points,PPM,FGM,FGA,FG%,3PM,3PA,3P%,FTM,FTA,FT%,OREB,DREB,REB,AST,TOV,AST/TO,STL,BLK,EFG%,TS%,OFFRTG,DEFRTG,NETRTG,PF,Plusminus,PIE
0,Ronnie Price,ORL,2014,1,0.0,9.0,2.0,0.2222222222222222,1.0,2.0,50.0,0.0,0.0,,0.0,0.0,,0.0,1.0,1.0,3.0,0.0,inf,0.0,0.0,0.5,0.5,105.9,66.7,39.2,2.0,6,18.8
1,Dwyane Wade,MIA,2014,1,100.0,36.0,13.0,0.3611111111111111,5.0,13.0,38.46153846153847,1.0,1.0,100.0,2.0,5.0,40.0,0.0,4.0,4.0,3.0,3.0,1.0,1.0,1.0,0.4230769230769231,0.4276315789473684,102.7,101.4,1.2999999999999972,4.0,2,2.7
2,Rasual Butler,IND,2014,1,100.0,1.0,0.0,0.0,0.0,0.0,,0.0,0.0,,0.0,0.0,,0.0,0.0,0.0,0.0,0.0,,0.0,0.0,,,0.0,150.0,-150.0,0.0,-3,0.0
3,Tony Snell,CHI,2014,1,0.0,7.0,0.0,0.0,0.0,3.0,0.0,0.0,2.0,0.0,0.0,0.0,,0.0,0.0,0.0,0.0,1.0,0.0,1.0,0.0,0.0,0.0,76.5,135.3,-58.80000000000001,2.0,-10,-16.4
4,Solomon Hill,IND,2014,1,100.0,8.0,0.0,0.0,0.0,1.0,0.0,0.0,0.0,,0.0,0.0,,0.0,1.0,1.0,0.0,1.0,0.0,0.0,0.0,0.0,0.0,86.7,153.3,-66.60000000000001,1.0,-10,-5.6
5,Steve Nash,LAL,2014,1,100.0,21.0,3.0,0.14285714285714285,1.0,3.0,33.33333333333333,1.0,1.0,100.0,0.0,0.0,,0.0,1.0,1.0,5.0,3.0,1.6666666666666667,0.0,0.0,0.5,0.5,93.2,97.7,-4.5,3.0,-2,1.3
6,Terrence Ross,TOR,2014,1,100.0,12.0,6.0,0.5,2.0,3.0,66.66666666666666,1.0,1.0,100.0,1.0,2.0,50.0,0.0,2.0,2.0,0.0,1.0,0.0,2.0,0.0,0.8333333333333334,0.7731958762886598,108.3,100.0,8.299999999999997,2.0,1,16.7
7,Joe Johnson,BKN,2014,1,0.0,34.0,13.0,0.38235294117647056,3.0,10.0,30.0,0.0,3.0,0.0,7.0,8.0,87.5,0.0,0.0,0.0,5.0,1.0,5.0,1.0,0.0,0.3,0.4807692307692308,104.5,110.6,-6.099999999999994,1.0,-3,8.0
8,Tayshaun Prince,MEM,2014,1,0.0,20.0,9.0,0.45,4.0,11.0,36.36363636363637,1.0,2.0,50.0,0.0,0.0,,0.0,2.0,2.0,1.0,0.0,inf,0.0,0.0,0.4090909090909091,0.4090909090909091,74.4,97.3,-22.89999999999999,1.0,-7,6.5
9,Joel Freeland,POR,2014,1,0.0,12.0,3.0,0.25,1.0,3.0,33.33333333333333,0.0,0.0,,1.0,2.0,50.0,3.0,1.0,4.0,1.0,1.0,1.0,0.0,0.0,0.3333333333333333,0.3865979381443299,88.5,107.7,-19.200000000000003,2.0,-5,1.4
10,John Salmons,SAC,2014,1,100.0,27.0,9.0,0.3333333333333333,3.0,9.0,33.33333333333333,1.0,3.0,33.33333333333333,2.0,2.0,100.0,0.0,4.0,4.0,2.0,0.0,inf,2.0,0.0,0.3888888888888889,0.4554655870445344,105.8,90.2,15.599999999999994,1.0,9,13.2
11,Jason Smith,NOP,2014,1,0.0,20.0,8.0,0.4,4.0,6.0,66.66666666666666,0.0,0.0,,0.0,0.0,,1.0,1.0,2.0,1.0,0.0,inf,0.0,1.0,0.6666666666666666,0.6666666666666666,97.4,75.0,22.400000000000006,6.0,8,5.2
12,Nicolas Batum,POR,2014,1,0.0,37.0,7.0,0.1891891891891892,3.0,9.0,33.33333333333333,1.0,5.0,20.0,0.0,0.0,,2.0,11.0,13.0,4.0,4.0,1.0,1.0,1.0,0.3888888888888889,0.3888888888888889,97.1,116.9,-19.80000000000001,2.0,-15,9.6
13,Jeff Ayres,SAS,2014,1,100.0,11.0,2.0,0.18181818181818182,1.0,1.0,100.0,0.0,0.0,,0.0,0.0,,0.0,2.0,2.0,2.0,2.0,1.0,0.0,1.0,1.0,1.0,113.0,122.7,-9.700000000000003,4.0,-1,1.3
14,Shane Battier,MIA,2014,2,50.0,23.0,8.0,0.34782608695652173,3.0,7.0,42.857142857142854,2.0,5.5,36.36363636363637,0.0,0.0,,0.5,1.5,2.0,0.5,0.0,inf,0.0,0.0,0.5714285714285714,0.5714285714285714,113.26521739130435,91.12608695652173,22.139130434782615,3.5,20,2.6913043478260876
15,Elton Brand,ATL,2014,1,0.0,13.0,8.0,0.6153846153846154,4.0,5.0,80.0,0.0,0.0,,0.0,0.0,,0.0,0.0,0.0,0.0,0.0,,0.0,0.0,0.8,0.8,114.3,119.2,-4.900000000000006,0.0,1,12.3
16,Tyreke Evans,NOP,2014,1,0.0,23.0,4.0,0.17391304347826086,2.0,8.0,25.0,0.0,0.0,,0.0,0.0,,0.0,2.0,2.0,3.0,3.0,1.0,0.0,0.0,0.25,0.25,88.1,110.0,-21.900000000000006,2.0,-7,-3.7
17,Greivis Vasquez,SAC,2014,1,100.0,36.0,17.0,0.4722222222222222,6.0,9.0,66.66666666666666,1.0,2.0,50.0,4.0,5.0,80.0,0.0,2.0,2.0,4.0,2.0,2.0,0.0,0.0,0.7222222222222222,0.7589285714285715,94.3,91.4,2.8999999999999915,2.0,2,18.4
18,Gordon Hayward,UTA,2014,1,0.0,28.0,12.0,0.42857142857142855,4.0,13.0,30.76923076923077,2.0,6.0,33.33333333333333,2.0,4.0,50.0,1.0,3.0,4.0,5.0,4.0,1.25,3.0,0.0,0.38461538461538464,0.4065040650406504,87.3,98.4,-11.100000000000009,4.0,-6,5.1
19,Anthony Morrow,NOP,2014,1,0.0,14.0,2.0,0.14285714285714285,1.0,3.0,33.33333333333333,0.0,1.0,0.0,0.0,0.0,,0.0,1.0,1.0,0.0,0.0,,0.0,0.0,0.3333333333333333,0.3333333333333333,92.6,92.3,0.29999999999999716,0.0,1,3.2
20,Ã–mer AÅŸik,HOU,2014,1,100.0,26.0,4.0,0.15384615384615385,1.0,5.0,20.0,0.0,0.0,,2.0,4.0,50.0,5.0,9.0,14.0,0.0,1.0,0.0,1.0,2.0,0.2,0.2958579881656805,90.2,90.4,-0.20000000000000284,1.0,-1,15.7
21,Chris Andersen,MIA,2014,2,50.0,15.5,3.0,0.1935483870967742,1.5,3.0,50.0,0.0,0.0,,0.0,0.0,,0.5,3.5,4.0,0.5,1.5,0.3333333333333333,1.0,1.0,0.5,0.5,109.65806451612903,87.24516129032257,22.41290322580646,2.5,15,7.06774193548387
22,Shelvin Mack,ATL,2014,1,0.0,4.0,2.0,0.5,0.0,0.0,,0.0,0.0,,2.0,2.0,100.0,0.0,0.0,0.0,2.0,0.0,inf,0.0,0.0,,1.1363636363636365,150.0,40.0,110.0,0.0,11,18.6
23,Evan Fournier,DEN,2014,1,0.0,21.0,5.0,0.23809523809523808,2.0,8.0,25.0,1.0,3.0,33.33333333333333,0.0,0.0,,2.0,3.0,5.0,2.0,2.0,1.0,0.0,0.0,0.3125,0.3125,83.3,83.3,0.0,2.0,0,2.4
24,Ramon Sessions,CHA,2014,1,0.0,19.0,14.0,0.7368421052631579,5.0,11.0,45.45454545454545,1.0,1.0,100.0,3.0,4.0,75.0,1.0,1.0,2.0,1.0,2.0,0.5,1.0,0.0,0.5,0.54858934169279,67.5,110.5,-43.0,2.0,-15,17.3
25,Norris Cole,MIA,2014,2,50.0,24.0,10.5,0.4375,5.0,7.5,66.66666666666666,0.5,2.5,20.0,0.0,0.0,,0.0,5.0,5.0,3.0,2.5,1.2,0.5,0.0,0.7,0.7,117.51875000000001,88.83125,28.687500000000014,2.0,26,14.1875
26,JJ Hickson,DEN,2014,1,0.0,33.0,12.0,0.36363636363636365,6.0,10.0,60.0,0.0,0.0,,0.0,0.0,,2.0,7.0,9.0,0.0,3.0,0.0,0.0,4.0,0.6,0.6,98.4,100.0,-1.5999999999999943,3.0,1,13.5
27,Gerald Wallace,BOS,2014,1,0.0,40.0,3.0,0.075,1.0,1.0,100.0,0.0,0.0,,1.0,4.0,25.0,0.0,3.0,3.0,2.0,5.0,0.4,4.0,0.0,1.0,0.5434782608695653,97.5,98.7,-1.2000000000000028,2.0,-1,2.0
28,Kelly Olynyk,BOS,2014,1,0.0,16.0,4.0,0.25,2.0,5.0,40.0,0.0,2.0,0.0,0.0,0.0,,0.0,0.0,0.0,0.0,3.0,0.0,0.0,0.0,0.4,0.4,66.7,124.2,-57.5,2.0,-19,-14.3
29,Channing Frye,PHX,2014,1,100.0,22.0,7.0,0.3181818181818182,3.0,7.0,42.857142857142854,1.0,5.0,20.0,0.0,0.0,,0.0,3.0,3.0,0.0,1.0,0.0,1.0,0.0,0.5,0.5,113.6,109.5,4.099999999999994,4.0,4,2.2
30,John Lucas III,UTA,2014,1,0.0,37.0,8.0,0.21621621621621623,2.0,7.0,28.57142857142857,2.0,5.0,40.0,2.0,2.0,100.0,0.0,1.0,1.0,5.0,1.0,5.0,0.0,0.0,0.42857142857142855,0.5076142131979695,93.6,102.6,-9.0,2.0,-6,5.2
31,Josh McRoberts,CHA,2014,1,0.0,30.0,15.0,0.5,5.0,9.0,55.55555555555556,3.0,4.0,75.0,2.0,2.0,100.0,1.0,3.0,4.0,3.0,1.0,3.0,1.0,1.0,0.7222222222222222,0.7591093117408906,94.3,120.8,-26.5,3.0,-14,15.9
32,JaVale McGee,DEN,2014,1,0.0,10.0,4.0,0.4,2.0,5.0,40.0,0.0,0.0,,0.0,0.0,,1.0,0.0,1.0,0.0,1.0,0.0,0.0,2.0,0.4,0.4,114.3,100.0,14.299999999999997,4.0,2,-6.3
33,C.J. Watson,IND,2014,2,100.0,17.5,3.5,0.2,1.0,3.0,33.33333333333333,0.5,2.0,25.0,1.0,2.0,50.0,0.0,2.0,2.0,1.5,0.5,3.0,0.0,0.0,0.4166666666666667,0.45103092783505155,110.6,105.85714285714286,4.742857142857133,0.0,2,7.514285714285714
34,Nene,WAS,2014,1,0.0,30.0,12.0,0.4,4.0,6.0,66.66666666666666,0.0,0.0,,4.0,7.0,57.14285714285714,1.0,2.0,3.0,1.0,0.0,inf,1.0,1.0,0.6666666666666666,0.6607929515418502,108.3,123.0,-14.700000000000003,4.0,-10,7.0
35,Tony Allen,MEM,2014,1,0.0,28.0,15.0,0.5357142857142857,6.0,8.0,75.0,3.0,3.0,100.0,0.0,3.0,0.0,1.0,2.0,3.0,2.0,3.0,0.6666666666666666,2.0,1.0,0.9375,0.8047210300429184,89.3,110.9,-21.60000000000001,0.0,-11,13.9
36,Serge Ibaka,OKC,2014,1,100.0,38.0,8.0,0.21052631578947367,4.0,15.0,26.666666666666668,0.0,0.0,,0.0,0.0,,4.0,6.0,10.0,0.0,1.0,0.0,1.0,2.0,0.26666666666666666,0.26666666666666666,98.8,97.5,1.2999999999999972,3.0,1,2.4
37,Anderson Varejao,CLE,2014,1,100.0,35.0,11.0,0.3142857142857143,5.0,9.0,55.55555555555556,0.0,0.0,,1.0,4.0,25.0,3.0,5.0,8.0,3.0,0.0,inf,0.0,1.0,0.5555555555555556,0.5111524163568774,107.7,111.9,-4.200000000000003,3.0,-5,8.8
38,Deron Williams,BKN,2014,1,0.0,22.0,7.0,0.3181818181818182,2.0,6.0,33.33333333333333,1.0,2.0,50.0,2.0,2.0,100.0,0.0,3.0,3.0,9.0,4.0,2.25,0.0,1.0,0.4166666666666667,0.5087209302325582,119.0,111.6,7.400000000000006,3.0,2,9.3
39,Thaddeus Young,PHI,2014,1,100.0,34.0,10.0,0.29411764705882354,5.0,15.0,33.33333333333333,0.0,1.0,0.0,0.0,0.0,,4.0,2.0,6.0,2.0,5.0,0.4,2.0,0.0,0.3333333333333333,0.3333333333333333,117.3,104.1,13.200000000000003,2.0,11,0.7
40,Brook Lopez,BKN,2014,1,0.0,34.0,21.0,0.6176470588235294,9.0,18.0,50.0,0.0,0.0,,3.0,5.0,60.0,2.0,3.0,5.0,1.0,1.0,1.0,0.0,4.0,0.5,0.5198019801980198,104.6,109.1,-4.5,3.0,-4,11.5
41,Nikola Pekovic,MIN,2014,1,100.0,30.0,11.0,0.36666666666666664,5.0,11.0,45.45454545454545,0.0,0.0,,1.0,1.0,100.0,1.0,6.0,7.0,0.0,2.0,0.0,0.0,0.0,0.45454545454545453,0.4807692307692308,106.1,104.8,1.2999999999999972,3.0,5,5.3
42,Eric Gordon,NOP,2014,1,0.0,33.0,25.0,0.7575757575757576,8.0,19.0,42.10526315789473,3.0,5.0,60.0,6.0,9.0,66.66666666666666,1.0,2.0,3.0,1.0,1.0,1.0,2.0,0.0,0.5,0.544425087108014,101.5,102.9,-1.4000000000000057,0.0,-2,15.3
43,Alec Burks,UTA,2014,1,0.0,32.0,24.0,0.75,8.0,16.0,50.0,0.0,3.0,0.0,8.0,9.0,88.88888888888889,1.0,5.0,6.0,6.0,3.0,2.0,0.0,0.0,0.5,0.6012024048096192,94.0,95.6,-1.5999999999999943,3.0,-2,25.9
44,Alan Anderson,BKN,2014,1,0.0,23.0,9.0,0.391304347826087,4.0,11.0,36.36363636363637,1.0,6.0,16.666666666666664,0.0,0.0,,0.0,3.0,3.0,0.0,1.0,0.0,1.0,0.0,0.4090909090909091,0.4090909090909091,68.2,91.3,-23.099999999999994,3.0,-12,10.3
45,Travis Outlaw,SAC,2014,1,100.0,6.0,5.0,0.8333333333333334,2.0,4.0,50.0,1.0,1.0,100.0,0.0,0.0,,1.0,0.0,1.0,0.0,1.0,0.0,0.0,1.0,0.625,0.625,78.6,126.7,-48.10000000000001,2.0,-8,4.3
46,Al Jefferson,CHA,2014,1,0.0,30.0,13.0,0.43333333333333335,6.0,19.0,31.57894736842105,0.0,0.0,,1.0,2.0,50.0,4.0,4.0,8.0,1.0,0.0,inf,0.0,2.0,0.3157894736842105,0.3269617706237425,101.7,108.6,-6.8999999999999915,2.0,-4,5.6
47,Tim Duncan,SAS,2014,1,100.0,17.0,3.0,0.17647058823529413,1.0,6.0,16.666666666666664,0.0,0.0,,1.0,3.0,33.33333333333333,0.0,6.0,6.0,2.0,0.0,inf,0.0,0.0,0.16666666666666666,0.20491803278688525,70.6,71.4,-0.8000000000000114,2.0,-1,4.4
48,Reggie Jackson,OKC,2014,1,100.0,32.0,14.0,0.4375,5.0,11.0,45.45454545454545,2.0,4.0,50.0,2.0,2.0,100.0,0.0,2.0,2.0,3.0,3.0,1.0,5.0,0.0,0.5454545454545454,0.5892255892255892,98.6,97.1,1.5,2.0,1,12.3
49,Mario Chalmers,MIA,2014,2,50.0,29.0,14.5,0.5,4.5,10.5,42.857142857142854,2.5,4.5,55.55555555555556,3.0,3.5,85.71428571428571,2.0,2.0,4.0,4.0,2.5,1.6,4.0,0.0,0.5476190476190477,0.6021594684385383,100.82241379310344,116.91724137931034,-16.094827586206904,3.0,-19,11.836206896551724
50,Francisco Garcia,HOU,2014,1,100.0,30.0,19.0,0.6333333333333333,7.0,13.0,53.84615384615385,5.0,9.0,55.55555555555556,0.0,0.0,,0.0,1.0,1.0,1.0,1.0,1.0,0.0,0.0,0.7307692307692307,0.7307692307692307,118.6,86.7,31.89999999999999,2.0,18,13.6
51,Derek Fisher,OKC,2014,1,100.0,17.0,4.0,0.23529411764705882,1.0,3.0,33.33333333333333,0.0,1.0,0.0,2.0,2.0,100.0,0.0,3.0,3.0,2.0,0.0,inf,1.0,0.0,0.3333333333333333,0.5154639175257733,94.4,91.9,2.5,1.0,0,15.9
52,Luis Scola,IND,2014,2,100.0,19.0,7.0,0.3684210526315789,3.5,5.5,63.63636363636363,0.0,0.0,,0.0,0.0,,0.5,1.0,1.5,0.5,2.0,0.25,0.0,0.5,0.6363636363636364,0.6363636363636364,98.67368421052632,96.98684210526316,1.6868421052631533,2.0,3,6.060526315789474
53,Zaza Pachulia,MIL,2014,1,0.0,34.0,13.0,0.38235294117647056,6.0,10.0,60.0,0.0,0.0,,1.0,1.0,100.0,2.0,9.0,11.0,3.0,2.0,1.5,2.0,0.0,0.6,0.6226053639846744,95.7,100.0,-4.299999999999997,4.0,-3,15.7
54,Mo Williams,POR,2014,1,0.0,22.0,2.0,0.09090909090909091,1.0,9.0,11.11111111111111,0.0,4.0,0.0,0.0,0.0,,0.0,2.0,2.0,3.0,3.0,1.0,1.0,1.0,0.1111111111111111,0.1111111111111111,84.8,91.8,-7.0,2.0,-6,-6.7
55,Kyle Lowry,TOR,2014,1,100.0,35.0,11.0,0.3142857142857143,2.0,8.0,25.0,0.0,3.0,0.0,7.0,12.0,58.333333333333336,2.0,1.0,3.0,8.0,2.0,4.0,2.0,0.0,0.25,0.4141566265060241,97.1,94.1,3.0,2.0,2,10.6
56,Rudy Gobert,UTA,2014,1,0.0,23.0,2.0,0.08695652173913043,1.0,2.0,50.0,0.0,0.0,,0.0,2.0,0.0,3.0,4.0,7.0,0.0,2.0,0.0,0.0,0.0,0.5,0.3472222222222222,93.6,91.3,2.299999999999997,2.0,2,1.0
57,Timofey Mozgov,DEN,2014,1,0.0,20.0,10.0,0.5,4.0,6.0,66.66666666666666,0.0,0.0,,2.0,2.0,100.0,0.0,2.0,2.0,0.0,1.0,0.0,0.0,3.0,0.6666666666666666,0.7267441860465116,100.0,92.3,7.700000000000003,2.0,4,17.3
58,Kendrick Perkins,OKC,2014,1,100.0,27.0,4.0,0.14814814814814814,2.0,4.0,50.0,0.0,0.0,,0.0,0.0,,2.0,6.0,8.0,1.0,1.0,1.0,1.0,0.0,0.5,0.5,110.2,93.3,16.900000000000006,4.0,9,6.0
59,James Harden,HOU,2014,1,100.0,37.0,21.0,0.5675675675675675,7.0,16.0,43.75,1.0,6.0,16.666666666666664,6.0,6.0,100.0,1.0,2.0,3.0,5.0,5.0,1.0,1.0,0.0,0.46875,0.5633047210300429,105.8,95.5,10.299999999999997,1.0,9,13.6
60,P.J. Tucker,PHX,2014,1,100.0,39.0,18.0,0.46153846153846156,7.0,13.0,53.84615384615385,2.0,2.0,100.0,2.0,2.0,100.0,4.0,1.0,5.0,2.0,1.0,2.0,2.0,0.0,0.6153846153846154,0.648414985590778,110.1,89.5,20.599999999999994,1.0,19,13.0
61,Dennis Schroder,ATL,2014,1,0.0,18.0,5.0,0.2777777777777778,2.0,5.0,40.0,1.0,2.0,50.0,0.0,0.0,,0.0,4.0,4.0,5.0,2.0,2.5,0.0,0.0,0.5,0.5,121.1,97.3,23.799999999999997,3.0,10,8.2
62,Patrick Patterson,SAC,2014,1,100.0,27.0,3.0,0.1111111111111111,1.0,6.0,16.666666666666664,1.0,3.0,33.33333333333333,0.0,0.0,,1.0,5.0,6.0,0.0,0.0,,3.0,0.0,0.25,0.25,102.0,90.7,11.299999999999997,5.0,3,2.1
63,Alonzo Gee,CLE,2014,1,100.0,19.0,7.0,0.3684210526315789,1.0,2.0,50.0,1.0,1.0,100.0,4.0,4.0,100.0,3.0,1.0,4.0,1.0,0.0,inf,1.0,0.0,0.75,0.9308510638297873,107.9,90.0,17.900000000000006,2.0,5,22.7
64,Greg Stiemsma,NOP,2014,1,0.0,15.0,2.0,0.13333333333333333,1.0,2.0,50.0,0.0,0.0,,0.0,0.0,,4.0,1.0,5.0,0.0,2.0,0.0,1.0,1.0,0.5,0.5,88.5,103.7,-15.200000000000003,4.0,-5,-1.6
65,Gary Neal,MIL,2014,1,0.0,32.0,16.0,0.5,6.0,16.0,37.5,2.0,5.0,40.0,2.0,2.0,100.0,0.0,2.0,2.0,5.0,0.0,inf,0.0,0.0,0.4375,0.47393364928909953,95.4,95.4,0.0,0.0,0,12.7
66,Chandler Parsons,HOU,2014,1,100.0,39.0,10.0,0.2564102564102564,4.0,11.0,36.36363636363637,0.0,3.0,0.0,2.0,4.0,50.0,0.0,5.0,5.0,3.0,0.0,inf,1.0,1.0,0.36363636363636365,0.39184952978056425,103.9,98.7,5.200000000000003,2.0,5,7.1
67,Gerald Henderson,CHA,2014,1,0.0,32.0,11.0,0.34375,5.0,16.0,31.25,0.0,2.0,0.0,1.0,1.0,100.0,0.0,2.0,2.0,2.0,0.0,inf,0.0,0.0,0.3125,0.33454987834549876,93.3,106.7,-13.400000000000006,2.0,-8,2.0
68,Paul Pierce,BKN,2014,1,0.0,30.0,17.0,0.5666666666666667,5.0,8.0,62.5,3.0,4.0,75.0,4.0,4.0,100.0,0.0,4.0,4.0,2.0,1.0,2.0,0.0,0.0,0.8125,0.8709016393442623,101.6,111.7,-10.100000000000009,2.0,-5,15.0
69,J.J. Barea,MIN,2014,1,100.0,20.0,11.0,0.55,4.0,9.0,44.44444444444444,1.0,2.0,50.0,2.0,2.0,100.0,1.0,1.0,2.0,4.0,1.0,4.0,0.0,0.0,0.5,0.5566801619433198,97.6,85.7,11.899999999999991,2.0,4,15.7
70,Spencer Hawes,PHI,2014,1,100.0,29.0,24.0,0.8275862068965517,10.0,14.0,71.42857142857143,1.0,2.0,50.0,3.0,4.0,75.0,3.0,6.0,9.0,2.0,2.0,1.0,0.0,0.0,0.75,0.7614213197969544,112.5,106.3,6.200000000000003,4.0,5,18.0
71,O.J. Mayo,MIL,2014,1,0.0,36.0,13.0,0.3611111111111111,6.0,12.0,50.0,0.0,3.0,0.0,1.0,1.0,100.0,0.0,5.0,5.0,3.0,2.0,1.5,1.0,0.0,0.5,0.522508038585209,82.9,98.6,-15.699999999999989,1.0,-10,13.8
72,Kyle Singler,DET,2014,1,100.0,27.0,8.0,0.2962962962962963,2.0,6.0,33.33333333333333,1.0,5.0,20.0,3.0,3.0,100.0,2.0,6.0,8.0,1.0,0.0,inf,0.0,0.0,0.4166666666666667,0.5464480874316939,115.3,100.0,15.299999999999997,2.0,8,13.4
73,Robin Lopez,POR,2014,1,0.0,34.0,3.0,0.08823529411764706,1.0,4.0,25.0,0.0,0.0,,1.0,4.0,25.0,1.0,1.0,2.0,2.0,1.0,2.0,2.0,2.0,0.25,0.2604166666666667,106.3,107.7,-1.4000000000000057,3.0,-2,-0.4
74,Bradley Beal,WAS,2014,1,0.0,38.0,17.0,0.4473684210526316,6.0,18.0,33.33333333333333,2.0,6.0,33.33333333333333,3.0,3.0,100.0,1.0,3.0,4.0,2.0,3.0,0.6666666666666666,0.0,0.0,0.3888888888888889,0.43995859213250516,102.5,107.7,-5.200000000000003,3.0,-3,3.7
75,Samuel Dalembert,DAL,2014,1,100.0,27.0,4.0,0.14814814814814814,2.0,4.0,50.0,0.0,0.0,,0.0,0.0,,1.0,8.0,9.0,0.0,1.0,0.0,0.0,1.0,0.5,0.5,98.4,96.8,1.6000000000000085,1.0,3,7.8
76,Dante Cunningham,MIN,2014,1,100.0,20.0,10.0,0.5,5.0,7.0,71.42857142857143,0.0,0.0,,0.0,0.0,,3.0,3.0,6.0,0.0,0.0,,0.0,1.0,0.7142857142857143,0.7142857142857143,78.6,95.5,-16.900000000000006,2.0,-9,23.2
77,Vince Carter,DAL,2014,1,100.0,25.0,21.0,0.84,9.0,16.0,56.25,2.0,5.0,40.0,1.0,2.0,50.0,0.0,4.0,4.0,2.0,2.0,1.0,1.0,0.0,0.625,0.6220379146919431,96.4,103.4,-7.0,3.0,-6,15.2
78,Randy Foye,DEN,2014,1,0.0,33.0,12.0,0.36363636363636365,4.0,8.0,50.0,2.0,5.0,40.0,2.0,3.0,66.66666666666666,0.0,5.0,5.0,1.0,3.0,0.3333333333333333,1.0,0.0,0.625,0.6437768240343348,109.5,98.4,11.099999999999994,2.0,7,9.6
79,Jason Thompson,SAC,2014,1,100.0,17.0,2.0,0.11764705882352941,1.0,5.0,20.0,0.0,0.0,,0.0,0.0,,1.0,2.0,3.0,0.0,2.0,0.0,0.0,2.0,0.2,0.2,77.4,88.6,-11.199999999999989,5.0,-7,-26.2
80,DeMar DeRozan,TOR,2014,1,100.0,40.0,13.0,0.325,6.0,19.0,31.57894736842105,1.0,3.0,33.33333333333333,0.0,2.0,0.0,0.0,2.0,2.0,2.0,5.0,0.4,2.0,0.0,0.34210526315789475,0.3269617706237425,100.0,92.3,7.700000000000003,3.0,6,-4.4
81,Chris Kaman,LAL,2014,2,50.0,19.0,10.5,0.5526315789473685,5.0,9.5,52.63157894736842,0.0,0.0,,0.5,1.0,50.0,3.0,3.0,6.0,0.0,0.5,0.0,0.5,1.0,0.5263157894736842,0.5281690140845071,88.15789473684211,103.72105263157894,-15.563157894736833,1.0,-13,14.5
82,Kyrie Irving,CLE,2014,1,100.0,31.0,15.0,0.4838709677419355,4.0,16.0,25.0,0.0,2.0,0.0,7.0,9.0,77.77777777777779,0.0,7.0,7.0,9.0,2.0,4.5,2.0,0.0,0.25,0.375751503006012,101.7,105.2,-3.5,4.0,-1,14.0
83,Jonas Jerebko,DET,2014,1,100.0,8.0,6.0,0.75,2.0,5.0,40.0,0.0,2.0,0.0,2.0,3.0,66.66666666666666,0.0,1.0,1.0,2.0,1.0,2.0,0.0,1.0,0.4,0.47468354430379744,100.0,94.7,5.299999999999997,1.0,0,16.3
84,Kyle O'Quinn,ORL,2014,2,0.0,8.0,3.0,0.375,1.5,3.5,42.857142857142854,0.0,0.0,,0.0,0.0,,0.0,2.0,2.0,0.0,1.0,0.0,0.0,1.5,0.42857142857142855,0.42857142857142855,104.66470588235295,95.51176470588236,9.152941176470591,1.5,2,5.082352941176469
85,Al Horford,ATL,2014,1,0.0,32.0,11.0,0.34375,5.0,12.0,41.66666666666667,0.0,0.0,,1.0,2.0,50.0,1.0,4.0,5.0,3.0,3.0,1.0,5.0,4.0,0.4166666666666667,0.42701863354037267,98.6,115.3,-16.700000000000003,1.0,-14,9.2
86,Shawn Marion,DAL,2014,1,100.0,31.0,12.0,0.3870967741935484,6.0,9.0,66.66666666666666,0.0,1.0,0.0,0.0,2.0,0.0,0.0,8.0,8.0,1.0,2.0,0.5,2.0,1.0,0.6666666666666666,0.6072874493927125,114.1,101.4,12.699999999999989,2.0,11,9.9
87,Ben McLemore,SAC,2014,1,100.0,17.0,4.0,0.23529411764705882,1.0,7.0,14.285714285714285,1.0,5.0,20.0,1.0,2.0,50.0,0.0,1.0,1.0,0.0,1.0,0.0,0.0,1.0,0.21428571428571427,0.25380710659898476,100.0,71.9,28.099999999999994,1.0,11,-9.5
88,Kemba Walker,CHA,2014,1,0.0,35.0,12.0,0.34285714285714286,5.0,10.0,50.0,0.0,1.0,0.0,2.0,2.0,100.0,1.0,1.0,2.0,5.0,3.0,1.6666666666666667,4.0,0.0,0.5,0.551470588235294,98.5,103.1,-4.599999999999994,3.0,-1,11.5
89,Peyton Siva,DET,2014,1,100.0,0.0,0.0,,0.0,0.0,,0.0,0.0,,0.0,0.0,,0.0,0.0,0.0,0.0,0.0,,0.0,0.0,,,,,,0.0,0,
90,Archie Goodwin,PHX,2014,1,100.0,8.0,0.0,0.0,0.0,3.0,0.0,0.0,0.0,,0.0,0.0,,1.0,0.0,1.0,0.0,0.0,,0.0,0.0,0.0,0.0,116.7,105.9,10.799999999999997,0.0,3,-7.8
91,Ersan Ilyasova,MIL,2014,1,0.0,20.0,10.0,0.5,5.0,6.0,83.33333333333334,0.0,0.0,,0.0,0.0,,0.0,2.0,2.0,1.0,2.0,0.5,3.0,0.0,0.8333333333333334,0.8333333333333334,97.5,94.9,2.5999999999999943,1.0,2,20.9
92,James Anderson,PHI,2014,1,100.0,35.0,8.0,0.22857142857142856,3.0,8.0,37.5,2.0,5.0,40.0,0.0,0.0,,0.0,6.0,6.0,1.0,3.0,0.3333333333333333,2.0,0.0,0.5,0.5,110.3,107.7,2.5999999999999943,3.0,2,3.8
93,Omri Casspi,HOU,2014,1,100.0,20.0,4.0,0.2,2.0,6.0,33.33333333333333,0.0,2.0,0.0,0.0,0.0,,1.0,3.0,4.0,2.0,1.0,2.0,0.0,1.0,0.3333333333333333,0.3333333333333333,87.8,66.7,21.099999999999994,2.0,8,10.7
94,Jeffery Taylor,CHA,2014,1,0.0,28.0,5.0,0.17857142857142858,1.0,6.0,16.666666666666664,0.0,2.0,0.0,3.0,4.0,75.0,0.0,2.0,2.0,0.0,0.0,,1.0,1.0,0.16666666666666666,0.32216494845360827,92.9,111.1,-18.19999999999999,0.0,-8,3.3
95,Kevin Seraphin,WAS,2014,1,0.0,4.0,2.0,0.5,1.0,1.0,100.0,0.0,0.0,,0.0,0.0,,0.0,1.0,1.0,0.0,1.0,0.0,0.0,0.0,1.0,1.0,70.0,100.0,-30.0,1.0,-3,9.5
96,Lance Thomas,NOP,2014,1,0.0,7.0,0.0,0.0,0.0,2.0,0.0,0.0,0.0,,0.0,0.0,,1.0,0.0,1.0,0.0,1.0,0.0,0.0,0.0,0.0,0.0,75.0,146.2,-71.19999999999999,1.0,-10,-18.4
97,Zach Randolph,MEM,2014,1,0.0,26.0,2.0,0.07692307692307693,1.0,6.0,16.666666666666664,0.0,0.0,,0.0,0.0,,2.0,5.0,7.0,1.0,1.0,1.0,0.0,1.0,0.16666666666666666,0.16666666666666666,63.5,105.9,-42.400000000000006,1.0,-21,3.2
98,Gal Mekel,DAL,2014,1,100.0,9.0,2.0,0.2222222222222222,0.0,0.0,,0.0,0.0,,2.0,2.0,100.0,0.0,2.0,2.0,3.0,2.0,1.5,0.0,0.0,,1.1363636363636365,127.8,156.3,-28.500000000000014,1.0,-2,8.5
99,Jordan Hill,LAL,2014,2,50.0,15.5,7.0,0.45161290322580644,3.5,5.0,70.0,0.0,0.0,,0.0,0.0,,4.5,3.0,7.5,1.5,0.5,3.0,0.5,0.5,0.7,0.7,123.1483870967742,105.28387096774193,17.864516129032268,2.0,11,21.548387096774196
100,Shawne Williams,LAL,2014,2,50.0,12.5,1.5,0.12,0.5,3.0,16.666666666666664,0.0,1.5,0.0,0.5,1.0,50.0,1.5,1.0,2.5,0.0,0.5,0.0,0.5,1.0,0.16666666666666666,0.2180232558139535,90.82400000000001,114.73599999999999,-23.911999999999978,2.5,-13,-3.2960000000000003
101,Nick Young,LAL,2014,2,50.0,21.0,9.5,0.4523809523809524,2.5,9.5,26.31578947368421,1.0,3.0,33.33333333333333,3.5,4.5,77.77777777777779,0.0,1.5,1.5,0.5,1.0,0.5,0.5,0.0,0.3157894736842105,0.4137630662020906,93.21428571428571,114.76190476190476,-21.54761904761905,2.5,-20,0.49523809523809526
102,Nick Calathes,MEM,2014,1,0.0,5.0,2.0,0.4,1.0,3.0,33.33333333333333,0.0,0.0,,0.0,0.0,,1.0,1.0,2.0,1.0,1.0,1.0,0.0,0.0,0.3333333333333333,0.3333333333333333,100.0,60.0,40.0,0.0,4,10.3
103,Tyler Zeller,CLE,2014,1,100.0,4.0,0.0,0.0,0.0,0.0,,0.0,0.0,,0.0,0.0,,0.0,0.0,0.0,0.0,1.0,0.0,0.0,0.0,,,66.7,100.0,-33.3,1.0,-2,-40.0
104,Solomon Jones,ORL,2014,2,0.0,13.5,2.0,0.14814814814814814,1.0,2.0,50.0,0.0,0.0,,0.0,1.0,0.0,3.5,1.5,5.0,0.0,0.5,0.0,0.0,0.5,0.5,0.4098360655737705,98.65185185185183,95.12222222222222,3.5296296296296106,2.0,2,2.7444444444444445
105,Wesley Johnson,LAL,2014,2,50.0,23.0,7.0,0.30434782608695654,2.5,11.0,22.727272727272727,2.0,5.0,40.0,0.0,0.0,,0.0,3.0,3.0,2.0,0.5,4.0,1.0,1.5,0.3181818181818182,0.3181818181818182,117.44130434782608,106.29347826086956,11.147826086956513,4.5,8,0.21521739130434847
106,Kosta Koufos,MEM,2014,1,0.0,14.0,7.0,0.5,3.0,4.0,75.0,0.0,0.0,,1.0,4.0,25.0,1.0,2.0,3.0,0.0,0.0,,0.0,0.0,0.75,0.607638888888889,134.5,96.6,37.900000000000006,2.0,11,6.7
107,Ronny Turiaf,MIN,2014,1,100.0,16.0,3.0,0.1875,1.0,4.0,25.0,0.0,0.0,,1.0,1.0,100.0,1.0,2.0,3.0,1.0,0.0,inf,1.0,1.0,0.25,0.33783783783783783,112.9,90.9,22.0,3.0,5,4.9
108,Marcus Thornton,SAC,2014,1,100.0,31.0,4.0,0.12903225806451613,1.0,6.0,16.666666666666664,0.0,3.0,0.0,2.0,3.0,66.66666666666666,0.0,2.0,2.0,1.0,0.0,inf,0.0,0.0,0.16666666666666666,0.27322404371584696,93.3,106.6,-13.299999999999997,3.0,-9,-2.4
109,Vitor Faverani,BOS,2014,1,0.0,27.0,13.0,0.48148148148148145,4.0,9.0,44.44444444444444,0.0,1.0,0.0,5.0,8.0,62.5,1.0,2.0,3.0,0.0,3.0,0.0,0.0,3.0,0.4444444444444444,0.5191693290734825,76.9,109.3,-32.39999999999999,5.0,-19,1.7
110,Phil Pressey,BOS,2014,1,0.0,4.0,0.0,0.0,0.0,2.0,0.0,0.0,1.0,0.0,0.0,0.0,,0.0,1.0,1.0,0.0,0.0,,0.0,0.0,0.0,0.0,66.7,111.1,-44.39999999999999,2.0,-4,-42.9
111,Kentavious Caldwell-Pope,DET,2014,1,100.0,27.0,9.0,0.3333333333333333,4.0,12.0,33.33333333333333,0.0,3.0,0.0,1.0,2.0,50.0,0.0,1.0,1.0,2.0,2.0,1.0,2.0,0.0,0.3333333333333333,0.3493788819875776,120.0,105.4,14.599999999999994,4.0,7,-1.2
112,Elias Harris,LAL,2014,1,0.0,8.0,0.0,0.0,0.0,1.0,0.0,0.0,0.0,,0.0,0.0,,0.0,0.0,0.0,1.0,0.0,inf,1.0,0.0,0.0,0.0,131.3,135.3,-4.0,0.0,-2,2.2
113,Avery Bradley,BOS,2014,1,0.0,31.0,8.0,0.25806451612903225,4.0,13.0,30.76923076923077,0.0,3.0,0.0,0.0,0.0,,1.0,4.0,5.0,4.0,4.0,1.0,2.0,1.0,0.3076923076923077,0.3076923076923077,89.7,91.7,-2.0,6.0,-3,0.0
114,Tyler Hansbrough,TOR,2014,1,100.0,25.0,7.0,0.28,3.0,4.0,75.0,0.0,0.0,,1.0,2.0,50.0,5.0,7.0,12.0,0.0,0.0,,0.0,3.0,0.75,0.7172131147540983,102.0,103.8,-1.7999999999999972,1.0,-3,22.9
115,Jordan Crawford,BOS,2014,1,0.0,18.0,7.0,0.3888888888888889,3.0,5.0,60.0,1.0,1.0,100.0,0.0,0.0,,2.0,1.0,3.0,5.0,1.0,5.0,0.0,0.0,0.7,0.7,108.6,117.6,-9.0,2.0,-2,18.2
116,Eric Bledsoe,PHX,2014,1,100.0,39.0,22.0,0.5641025641025641,7.0,12.0,58.333333333333336,0.0,3.0,0.0,8.0,11.0,72.72727272727273,0.0,7.0,7.0,6.0,4.0,1.5,1.0,0.0,0.5833333333333334,0.6532066508313539,110.5,100.0,10.5,2.0,8,15.8
117,Marcus Morris Sr.,PHX,2014,1,100.0,26.0,6.0,0.23076923076923078,3.0,9.0,33.33333333333333,0.0,4.0,0.0,0.0,0.0,,0.0,7.0,7.0,1.0,3.0,0.3333333333333333,3.0,1.0,0.3333333333333333,0.3333333333333333,100.0,86.5,13.5,2.0,9,8.7
118,Jameer Nelson,ORL,2014,2,0.0,36.0,15.0,0.4166666666666667,5.5,15.0,36.666666666666664,3.0,9.0,33.33333333333333,1.0,1.5,66.66666666666666,0.5,4.0,4.5,7.5,3.0,2.5,2.0,0.0,0.4666666666666667,0.4789272030651341,97.84166666666667,110.08194444444445,-12.240277777777777,3.5,-14,10.011111111111111
119,Steve Blake,LAL,2014,2,50.0,27.0,8.0,0.2962962962962963,3.0,8.0,37.5,2.0,2.5,80.0,0.0,0.0,,0.5,2.0,2.5,2.5,1.0,2.5,1.5,0.0,0.5,0.5,86.57777777777777,105.12962962962962,-18.55185185185185,1.0,-20,7.374074074074073
120,Al-Farouq Aminu,NOP,2014,1,0.0,23.0,1.0,0.043478260869565216,0.0,2.0,0.0,0.0,1.0,0.0,1.0,2.0,50.0,0.0,4.0,4.0,2.0,1.0,2.0,2.0,0.0,0.0,0.1736111111111111,93.6,100.0,-6.400000000000006,5.0,-6,0.0
121,Darrell Arthur,DEN,2014,1,0.0,18.0,6.0,0.3333333333333333,3.0,7.0,42.857142857142854,0.0,0.0,,0.0,0.0,,1.0,1.0,2.0,1.0,1.0,1.0,0.0,1.0,0.42857142857142855,0.42857142857142855,72.7,97.0,-24.299999999999997,4.0,-8,0.0
122,Reggie Evans,BKN,2014,1,0.0,16.0,4.0,0.25,1.0,5.0,20.0,0.0,0.0,,2.0,3.0,66.66666666666666,4.0,4.0,8.0,0.0,1.0,0.0,0.0,1.0,0.2,0.3164556962025316,83.9,86.7,-2.799999999999997,3.0,0,7.0
123,Marcin Gortat,WAS,2014,1,0.0,17.0,9.0,0.5294117647058824,3.0,6.0,50.0,0.0,0.0,,3.0,4.0,75.0,4.0,5.0,9.0,0.0,3.0,0.0,0.0,1.0,0.5,0.5798969072164949,102.9,120.0,-17.099999999999994,5.0,-6,9.3
124,Matt Bonner,SAS,2014,1,100.0,17.0,8.0,0.47058823529411764,3.0,4.0,75.0,2.0,3.0,66.66666666666666,0.0,0.0,,0.0,2.0,2.0,0.0,1.0,0.0,0.0,0.0,1.0,1.0,120.6,90.9,29.69999999999999,2.0,11,11.4
125,Anthony Randolph,DEN,2014,1,0.0,15.0,2.0,0.13333333333333333,1.0,2.0,50.0,0.0,1.0,0.0,0.0,0.0,,0.0,2.0,2.0,0.0,2.0,0.0,0.0,1.0,0.5,0.5,86.7,103.2,-16.5,1.0,-6,1.3
126,Mike Miller,MEM,2014,1,0.0,25.0,11.0,0.44,3.0,6.0,50.0,2.0,3.0,66.66666666666666,3.0,3.0,100.0,0.0,4.0,4.0,3.0,1.0,3.0,0.0,0.0,0.6666666666666666,0.7513661202185792,96.2,107.7,-11.5,2.0,-6,14.3
127,Chris Bosh,MIA,2014,2,50.0,32.5,19.0,0.5846153846153846,7.0,12.0,58.333333333333336,1.5,2.5,60.0,3.5,4.0,87.5,2.0,6.0,8.0,0.5,2.5,0.2,0.5,1.5,0.6458333333333334,0.690406976744186,105.68153846153845,110.76000000000002,-5.078461538461568,3.5,-5,12.036923076923078
128,Courtney Lee,BOS,2014,1,0.0,14.0,2.0,0.14285714285714285,1.0,4.0,25.0,0.0,2.0,0.0,0.0,0.0,,0.0,2.0,2.0,0.0,2.0,0.0,1.0,0.0,0.25,0.25,50.0,107.4,-57.400000000000006,0.0,-16,0.0
129,D.J. Augustin,TOR,2014,1,100.0,13.0,5.0,0.38461538461538464,2.0,7.0,28.57142857142857,0.0,3.0,0.0,1.0,1.0,100.0,0.0,0.0,0.0,2.0,1.0,2.0,0.0,0.0,0.2857142857142857,0.33602150537634407,108.0,88.5,19.5,1.0,4,0.0
130,Aaron Brooks,HOU,2014,1,100.0,11.0,0.0,0.0,0.0,0.0,,0.0,0.0,,0.0,0.0,,0.0,0.0,0.0,1.0,2.0,0.5,1.0,0.0,,,117.4,73.9,43.5,3.0,10,-8.2
131,Boris Diaw,SAS,2014,1,100.0,20.0,14.0,0.7,6.0,9.0,66.66666666666666,1.0,3.0,33.33333333333333,1.0,2.0,50.0,0.0,4.0,4.0,1.0,0.0,inf,0.0,1.0,0.7222222222222222,0.7085020242914979,122.0,92.7,29.299999999999997,2.0,12,16.0
132,Martell Webster,WAS,2014,1,0.0,21.0,5.0,0.23809523809523808,1.0,1.0,100.0,1.0,1.0,100.0,2.0,2.0,100.0,0.0,2.0,2.0,0.0,0.0,,0.0,0.0,1.5,1.3297872340425532,104.3,110.9,-6.6000000000000085,2.0,-3,8.4
133,Arinze Onuaku,NOP,2014,1,0.0,15.0,2.0,0.13333333333333333,1.0,3.0,33.33333333333333,0.0,0.0,,0.0,0.0,,1.0,4.0,5.0,3.0,1.0,3.0,0.0,0.0,0.3333333333333333,0.3333333333333333,96.8,100.0,-3.200000000000003,3.0,0,9.2
134,Patrick Beverley,HOU,2014,1,100.0,10.0,5.0,0.5,2.0,4.0,50.0,1.0,3.0,33.33333333333333,0.0,0.0,,1.0,0.0,1.0,1.0,2.0,0.5,0.0,0.0,0.625,0.625,85.7,63.6,22.1,0.0,4,13.5
135,Garrett Temple,WAS,2014,1,0.0,5.0,0.0,0.0,0.0,1.0,0.0,0.0,1.0,0.0,0.0,0.0,,0.0,0.0,0.0,1.0,0.0,inf,0.0,1.0,0.0,0.0,75.0,133.3,-58.30000000000001,1.0,-7,-2.4
136,Xavier Henry,LAL,2014,2,50.0,31.0,18.0,0.5806451612903226,6.0,12.0,50.0,1.5,2.5,60.0,4.5,8.5,52.94117647058824,1.0,4.0,5.0,1.5,2.5,0.6,0.5,0.0,0.5625,0.5717916137229987,108.78064516129032,112.01290322580647,-3.232258064516145,3.0,-5,7.925806451612903
137,Kenneth Faried,DEN,2014,1,0.0,15.0,5.0,0.3333333333333333,1.0,4.0,25.0,0.0,1.0,0.0,3.0,4.0,75.0,2.0,3.0,5.0,0.0,0.0,,0.0,0.0,0.25,0.4340277777777778,80.6,90.3,-9.700000000000003,1.0,-3,12.7
138,Dirk Nowitzki,DAL,2014,1,100.0,33.0,24.0,0.7272727272727273,8.0,14.0,57.14285714285714,4.0,6.0,66.66666666666666,4.0,4.0,100.0,0.0,4.0,4.0,5.0,1.0,5.0,0.0,0.0,0.7142857142857143,0.7614213197969544,123.9,98.6,25.30000000000001,4.0,18,14.3
139,Jodie Meeks,LAL,2014,2,50.0,24.0,13.5,0.5625,4.0,8.0,50.0,2.0,4.5,44.44444444444444,3.5,4.0,87.5,0.5,2.5,3.0,1.0,2.0,0.5,0.5,0.0,0.625,0.6915983606557378,110.33749999999999,118.77916666666667,-8.441666666666677,1.0,-9,10.679166666666667
140,Dorell Wright,POR,2014,1,0.0,12.0,3.0,0.25,0.0,2.0,0.0,0.0,1.0,0.0,3.0,3.0,100.0,0.0,1.0,1.0,1.0,1.0,1.0,0.0,0.0,0.0,0.4518072289156626,81.5,89.3,-7.799999999999997,0.0,-3,6.0
141,Earl Clark,CLE,2014,1,100.0,27.0,9.0,0.3333333333333333,4.0,10.0,40.0,0.0,1.0,0.0,1.0,2.0,50.0,3.0,5.0,8.0,1.0,1.0,1.0,0.0,0.0,0.4,0.41360294117647056,103.8,106.0,-2.200000000000003,2.0,2,6.8
142,Alexey Shved,MIN,2014,1,100.0,16.0,2.0,0.125,1.0,5.0,20.0,0.0,1.0,0.0,0.0,0.0,,1.0,2.0,3.0,2.0,2.0,1.0,0.0,0.0,0.2,0.2,103.1,88.2,14.899999999999991,0.0,3,1.1
143,CJ Miles,CLE,2014,1,100.0,15.0,10.0,0.6666666666666666,4.0,6.0,66.66666666666666,2.0,4.0,50.0,0.0,0.0,,0.0,0.0,0.0,0.0,2.0,0.0,0.0,0.0,0.8333333333333334,0.8333333333333334,100.0,96.7,3.299999999999997,1.0,2,14.7
144,Anthony Tolliver,CHA,2014,1,0.0,3.0,0.0,0.0,0.0,1.0,0.0,0.0,0.0,,0.0,0.0,,0.0,0.0,0.0,0.0,0.0,,0.0,0.0,0.0,0.0,80.0,100.0,-20.0,1.0,-2,-100.0
145,Michael Kidd-Gilchrist,CHA,2014,1,0.0,31.0,7.0,0.22580645161290322,3.0,7.0,42.857142857142854,0.0,0.0,,1.0,5.0,20.0,1.0,7.0,8.0,2.0,0.0,inf,1.0,1.0,0.42857142857142855,0.3804347826086957,82.8,94.8,-12.0,4.0,-7,8.3
146,Kevin Martin,MIN,2014,1,100.0,43.0,23.0,0.5348837209302325,6.0,19.0,31.57894736842105,2.0,7.0,28.57142857142857,9.0,9.0,100.0,0.0,2.0,2.0,3.0,1.0,3.0,0.0,0.0,0.3684210526315789,0.5008710801393728,104.3,101.1,3.200000000000003,1.0,3,8.7
147,Jerryd Bayless,MEM,2014,1,0.0,22.0,5.0,0.22727272727272727,2.0,9.0,22.22222222222222,0.0,0.0,,1.0,2.0,50.0,2.0,2.0,4.0,3.0,1.0,3.0,0.0,0.0,0.2222222222222222,0.25303643724696356,111.6,102.3,9.299999999999997,2.0,4,0.0
148,Danny Green,SAS,2014,1,100.0,23.0,7.0,0.30434782608695654,3.0,7.0,42.857142857142854,1.0,3.0,33.33333333333333,0.0,0.0,,0.0,1.0,1.0,1.0,4.0,0.25,0.0,2.0,0.5,0.5,95.3,91.3,4.0,0.0,-1,2.5
149,Jeff Adrien,CHA,2014,1,0.0,1.0,0.0,0.0,0.0,1.0,0.0,0.0,0.0,,0.0,0.0,,0.0,0.0,0.0,0.0,0.0,,0.0,0.0,0.0,0.0,0.0,100.0,-100.0,0.0,-3,50.0
150,Jae Crowder,DAL,2014,1,100.0,9.0,3.0,0.3333333333333333,1.0,1.0,100.0,1.0,1.0,100.0,0.0,0.0,,0.0,1.0,1.0,1.0,0.0,inf,0.0,0.0,1.5,1.5,105.9,141.2,-35.29999999999998,1.0,-6,9.1
151,Andrew Bynum,CLE,2014,1,100.0,8.0,3.0,0.375,1.0,5.0,20.0,0.0,0.0,,1.0,1.0,100.0,2.0,1.0,3.0,2.0,1.0,2.0,0.0,2.0,0.2,0.275735294117647,118.8,64.7,54.099999999999994,1.0,8,14.8
152,Thabo Sefolosha,OKC,2014,1,100.0,31.0,14.0,0.45161290322580644,6.0,11.0,54.54545454545454,2.0,5.0,40.0,0.0,0.0,,0.0,4.0,4.0,1.0,1.0,1.0,2.0,0.0,0.6363636363636364,0.6363636363636364,104.3,92.6,11.700000000000003,2.0,9,12.9
153,Thomas Robinson,POR,2014,1,0.0,9.0,4.0,0.4444444444444444,2.0,3.0,66.66666666666666,0.0,0.0,,0.0,0.0,,0.0,2.0,2.0,0.0,0.0,,0.0,0.0,0.6666666666666666,0.6666666666666666,84.2,61.9,22.300000000000004,0.0,3,23.3
154,Larry Sanders,MIL,2014,1,0.0,12.0,0.0,0.0,0.0,3.0,0.0,0.0,0.0,,0.0,0.0,,1.0,3.0,4.0,0.0,2.0,0.0,0.0,1.0,0.0,0.0,59.1,91.3,-32.199999999999996,5.0,-8,-32.4
155,Maurice Harkless,ORL,2014,2,0.0,21.5,8.0,0.37209302325581395,3.5,8.0,43.75,1.0,1.5,66.66666666666666,0.0,0.5,0.0,0.5,0.5,1.0,0.5,0.5,1.0,0.5,0.0,0.5,0.48661800486618,83.9139534883721,91.93953488372094,-8.025581395348837,3.0,-7,2.8534883720930226
156,Nate Wolters,MIL,2014,1,0.0,30.0,9.0,0.3,3.0,12.0,25.0,1.0,4.0,25.0,2.0,2.0,100.0,1.0,0.0,1.0,4.0,2.0,2.0,1.0,1.0,0.2916666666666667,0.3493788819875776,80.7,86.0,-5.299999999999997,2.0,-3,3.0
157,George Hill,IND,2014,2,100.0,32.5,13.0,0.4,4.0,10.5,38.095238095238095,2.0,4.5,44.44444444444444,3.0,4.0,75.0,0.0,1.5,1.5,2.0,2.0,1.0,0.5,0.0,0.47619047619047616,0.5301794453507341,96.25846153846155,93.09076923076924,3.167692307692306,2.0,6,5.653846153846154
158,Ian Mahinmi,IND,2014,2,100.0,20.5,2.0,0.0975609756097561,0.0,2.0,0.0,0.0,0.0,,2.0,3.0,66.66666666666666,1.0,4.0,5.0,0.0,1.5,0.0,0.5,3.0,0.0,0.3012048192771084,100.02682926829267,106.41219512195121,-6.385365853658541,3.0,-4,2.0170731707317078
159,Lance Stephenson,IND,2014,2,100.0,38.5,17.5,0.45454545454545453,7.5,12.0,62.5,2.0,3.5,57.14285714285714,0.5,1.0,50.0,2.0,5.5,7.5,4.5,1.5,3.0,0.0,0.5,0.7083333333333334,0.7033762057877814,106.7207792207792,97.87142857142857,8.84935064935064,1.5,14,18.8051948051948
160,Darius Morris,PHI,2014,1,100.0,12.0,2.0,0.16666666666666666,1.0,1.0,100.0,0.0,0.0,,0.0,0.0,,0.0,0.0,0.0,0.0,1.0,0.0,0.0,0.0,1.0,1.0,87.5,120.8,-33.3,1.0,-8,0.0
161,E'Twaun Moore,ORL,2014,2,0.0,23.5,8.0,0.3404255319148936,3.5,8.5,41.17647058823529,1.0,2.0,50.0,0.0,0.0,,0.5,0.5,1.0,0.5,1.5,0.3333333333333333,1.5,0.5,0.47058823529411764,0.47058823529411764,96.97234042553191,102.82127659574468,-5.848936170212767,2.0,-4,3.821276595744681
162,DeMarre Carroll,ATL,2014,1,0.0,35.0,14.0,0.4,3.0,7.0,42.857142857142854,2.0,4.0,50.0,6.0,8.0,75.0,1.0,6.0,7.0,1.0,2.0,0.5,3.0,0.0,0.5714285714285714,0.6653992395437263,94.9,117.7,-22.799999999999997,1.0,-19,9.6
163,Jason Maxiell,ORL,2014,2,0.0,21.5,2.0,0.09302325581395349,1.0,4.0,25.0,0.0,0.0,,0.0,0.0,,0.5,3.0,3.5,0.0,1.0,0.0,0.5,1.0,0.25,0.25,85.08837209302325,112.40697674418604,-27.318604651162786,1.5,-24,0.055813953488371926
164,Jason Terry,BKN,2014,1,0.0,19.0,14.0,0.7368421052631579,5.0,10.0,50.0,4.0,9.0,44.44444444444444,0.0,0.0,,0.0,0.0,0.0,1.0,1.0,1.0,1.0,0.0,0.7,0.7,105.0,102.6,2.4000000000000057,3.0,3,12.4
165,David West,IND,2014,2,100.0,32.0,12.5,0.390625,3.5,11.0,31.818181818181817,0.0,0.0,,5.5,5.5,100.0,0.0,6.0,6.0,4.0,4.0,1.0,1.5,3.5,0.3181818181818182,0.46572280178837555,102.321875,92.6390625,9.682812500000011,2.5,14,13.5625
166,Aron Baynes,SAS,2014,1,100.0,2.0,0.0,0.0,0.0,0.0,,0.0,0.0,,0.0,0.0,,0.0,0.0,0.0,0.0,1.0,0.0,0.0,0.0,,,0.0,200.0,-200.0,1.0,-8,-33.3
167,Richard Jefferson,UTA,2014,1,0.0,20.0,10.0,0.5,4.0,9.0,44.44444444444444,2.0,5.0,40.0,0.0,1.0,0.0,0.0,3.0,3.0,0.0,2.0,0.0,0.0,2.0,0.5555555555555556,0.5296610169491526,102.1,102.0,0.09999999999999432,3.0,-1,3.2
168,Wayne Ellington,DAL,2014,1,100.0,14.0,6.0,0.42857142857142855,2.0,4.0,50.0,1.0,3.0,33.33333333333333,1.0,2.0,50.0,1.0,2.0,3.0,0.0,0.0,,1.0,0.0,0.625,0.6147540983606558,138.5,117.9,20.599999999999994,1.0,3,8.1
169,Chauncey Billups,DET,2014,1,100.0,31.0,16.0,0.5161290322580645,4.0,8.0,50.0,4.0,5.0,80.0,4.0,4.0,100.0,1.0,2.0,3.0,5.0,1.0,5.0,1.0,0.0,0.75,0.819672131147541,117.7,104.7,13.0,3.0,6,14.9
170,Jarrett Jack,CLE,2014,1,100.0,23.0,12.0,0.5217391304347826,3.0,6.0,50.0,1.0,1.0,100.0,5.0,6.0,83.33333333333334,0.0,3.0,3.0,3.0,1.0,3.0,1.0,0.0,0.5833333333333334,0.6944444444444444,97.8,93.5,4.299999999999997,1.0,1,23.4
171,Trevor Booker,WAS,2014,1,0.0,20.0,2.0,0.1,1.0,3.0,33.33333333333333,0.0,0.0,,0.0,0.0,,4.0,1.0,5.0,3.0,1.0,3.0,0.0,0.0,0.3333333333333333,0.3333333333333333,113.2,102.6,10.600000000000009,3.0,3,2.7
172,Pero Antic,ATL,2014,1,0.0,8.0,0.0,0.0,0.0,1.0,0.0,0.0,1.0,0.0,0.0,0.0,,0.0,2.0,2.0,0.0,0.0,,0.0,0.0,0.0,0.0,84.2,64.7,19.5,0.0,5,4.5
173,Roger Mason Jr.,MIA,2014,1,0.0,15.0,3.0,0.2,1.0,3.0,33.33333333333333,1.0,2.0,50.0,0.0,0.0,,0.0,0.0,0.0,2.0,2.0,1.0,0.0,0.0,0.5,0.5,122.6,133.3,-10.700000000000017,1.0,-6,0.0
174,Ed Davis,MEM,2014,1,0.0,8.0,0.0,0.0,0.0,2.0,0.0,0.0,0.0,,0.0,0.0,,1.0,2.0,3.0,0.0,0.0,,0.0,0.0,0.0,0.0,75.0,87.5,-12.5,0.0,-2,3.2
175,Jordan Farmar,LAL,2014,2,50.0,26.5,14.0,0.5283018867924528,5.5,11.5,47.82608695652174,1.5,3.0,50.0,1.5,2.5,60.0,1.0,2.5,3.5,5.5,3.0,1.8333333333333333,0.5,0.0,0.5434782608695652,0.5555555555555556,110.1622641509434,109.78679245283018,0.37547169811321623,3.0,3,9.839622641509434
176,Wesley Matthews,POR,2014,1,0.0,33.0,9.0,0.2727272727272727,3.0,9.0,33.33333333333333,1.0,4.0,25.0,2.0,2.0,100.0,2.0,5.0,7.0,4.0,1.0,4.0,0.0,0.0,0.3888888888888889,0.4554655870445344,101.6,119.0,-17.400000000000006,1.0,-10,8.8
177,Shaun Livingston,BKN,2014,1,0.0,16.0,1.0,0.0625,0.0,1.0,0.0,0.0,0.0,,1.0,2.0,50.0,1.0,0.0,1.0,3.0,0.0,inf,2.0,0.0,0.0,0.26595744680851063,100.0,86.2,13.799999999999997,3.0,3,5.7
178,Orlando Johnson,IND,2014,2,100.0,14.0,5.5,0.39285714285714285,1.5,3.0,50.0,0.5,1.5,33.33333333333333,2.0,2.0,100.0,0.0,0.5,0.5,0.0,0.5,0.0,0.0,0.0,0.5833333333333334,0.7087628865979382,94.8,80.78571428571428,14.01428571428572,0.5,12,15.0
179,Landry Fields,TOR,2014,1,100.0,18.0,8.0,0.4444444444444444,4.0,7.0,57.14285714285714,0.0,0.0,,0.0,1.0,0.0,3.0,3.0,6.0,0.0,0.0,,0.0,0.0,0.5714285714285714,0.5376344086021505,108.8,100.0,8.799999999999997,4.0,2,9.9
180,Nick Collison,OKC,2014,1,100.0,13.0,6.0,0.46153846153846156,2.0,4.0,50.0,0.0,0.0,,2.0,2.0,100.0,1.0,3.0,4.0,0.0,1.0,0.0,1.0,1.0,0.5,0.6147540983606558,96.3,85.2,11.099999999999994,5.0,3,10.7
181,Steve Novak,TOR,2014,1,100.0,7.0,3.0,0.42857142857142855,1.0,3.0,33.33333333333333,1.0,2.0,50.0,0.0,0.0,,0.0,1.0,1.0,0.0,0.0,,0.0,0.0,0.5,0.5,100.0,90.9,9.099999999999994,1.0,2,9.5
182,Beno Udrih,NYK,2014,1,100.0,11.0,2.0,0.18181818181818182,1.0,4.0,25.0,0.0,0.0,,0.0,0.0,,0.0,1.0,1.0,2.0,2.0,1.0,0.0,0.0,0.25,0.25,77.3,120.8,-43.5,2.0,-12,-5.0
183,Marco Belinelli,SAS,2014,1,100.0,19.0,5.0,0.2631578947368421,2.0,5.0,40.0,0.0,2.0,0.0,1.0,2.0,50.0,0.0,4.0,4.0,1.0,1.0,1.0,0.0,0.0,0.4,0.4251700680272109,100.0,94.6,5.400000000000006,1.0,3,8.3
184,Al Harrington,WAS,2014,1,0.0,18.0,4.0,0.2222222222222222,1.0,4.0,25.0,0.0,1.0,0.0,2.0,2.0,100.0,0.0,0.0,0.0,1.0,2.0,0.5,0.0,0.0,0.25,0.4098360655737705,102.6,121.1,-18.5,4.0,-6,-8.6
185,Perry Jones III,OKC,2014,1,100.0,7.0,3.0,0.42857142857142855,1.0,2.0,50.0,0.0,0.0,,1.0,2.0,50.0,0.0,2.0,2.0,0.0,1.0,0.0,0.0,1.0,0.5,0.5208333333333334,86.7,73.3,13.400000000000006,1.0,2,9.7
186,Jeremy Lamb,OKC,2014,1,100.0,17.0,4.0,0.23529411764705882,2.0,6.0,33.33333333333333,0.0,1.0,0.0,0.0,0.0,,1.0,2.0,3.0,0.0,0.0,,1.0,0.0,0.3333333333333333,0.3333333333333333,86.1,105.7,-19.60000000000001,2.0,-6,3.8
187,DeJuan Blair,DAL,2014,1,100.0,21.0,9.0,0.42857142857142855,4.0,5.0,80.0,0.0,0.0,,1.0,2.0,50.0,5.0,0.0,5.0,0.0,1.0,0.0,0.0,0.0,0.8,0.7653061224489796,137.5,116.7,20.799999999999997,3.0,6,5.5
188,Giannis Antetokounmpo,MIL,2014,1,0.0,5.0,1.0,0.2,0.0,0.0,,0.0,0.0,,1.0,2.0,50.0,0.0,0.0,0.0,0.0,1.0,0.0,0.0,0.0,,0.5681818181818182,66.7,91.7,-25.0,2.0,-3,-33.3
189,Brian Roberts,NOP,2014,1,0.0,15.0,2.0,0.13333333333333333,1.0,2.0,50.0,0.0,0.0,,0.0,0.0,,0.0,1.0,1.0,2.0,0.0,inf,0.0,0.0,0.5,0.5,100.0,85.2,14.799999999999997,1.0,4,9.5
190,Robert Sacre,LAL,2014,1,0.0,8.0,2.0,0.25,1.0,1.0,100.0,0.0,0.0,,0.0,0.0,,0.0,1.0,1.0,0.0,1.0,0.0,0.0,1.0,1.0,1.0,131.3,135.3,-4.0,0.0,-2,5.6
191,Kyle Korver,ATL,2014,1,0.0,36.0,8.0,0.2222222222222222,3.0,9.0,33.33333333333333,1.0,4.0,25.0,1.0,1.0,100.0,0.0,5.0,5.0,3.0,0.0,inf,2.0,0.0,0.3888888888888889,0.42372881355932207,111.8,126.0,-14.200000000000003,1.0,-12,6.0
192,Jonas Valanciunas,TOR,2014,1,100.0,31.0,8.0,0.25806451612903225,4.0,9.0,44.44444444444444,0.0,0.0,,0.0,0.0,,5.0,6.0,11.0,0.0,3.0,0.0,1.0,2.0,0.4444444444444444,0.4444444444444444,95.2,85.2,10.0,4.0,7,9.7
193,Isaiah Thomas,SAC,2014,1,100.0,29.0,16.0,0.5517241379310345,5.0,9.0,55.55555555555556,3.0,4.0,75.0,3.0,4.0,75.0,1.0,3.0,4.0,5.0,2.0,2.5,0.0,0.0,0.7222222222222222,0.7434944237918216,98.2,93.0,5.200000000000003,3.0,1,20.6
194,Bismack Biyombo,CHA,2014,1,0.0,17.0,4.0,0.23529411764705882,2.0,4.0,50.0,0.0,0.0,,0.0,0.0,,1.0,4.0,5.0,0.0,0.0,,0.0,0.0,0.5,0.5,72.7,93.8,-21.099999999999994,2.0,-6,11.0
195,Udonis Haslem,MIA,2014,2,50.0,16.5,4.0,0.24242424242424243,1.5,2.5,60.0,0.0,0.0,,1.0,1.5,66.66666666666666,0.5,1.0,1.5,0.0,2.0,0.0,0.0,0.0,0.6,0.6329113924050632,100.01764705882354,110.6764705882353,-10.658823529411762,1.5,-12,0.5176470588235295
196,Mike Conley,MEM,2014,1,0.0,27.0,14.0,0.5185185185185185,7.0,17.0,41.17647058823529,0.0,3.0,0.0,0.0,0.0,,0.0,2.0,2.0,8.0,3.0,2.6666666666666665,2.0,0.0,0.4117647058823529,0.4117647058823529,89.3,103.5,-14.200000000000003,5.0,-9,8.4
197,Kawhi Leonard,SAS,2014,1,100.0,30.0,14.0,0.4666666666666667,5.0,9.0,55.55555555555556,2.0,2.0,100.0,2.0,2.0,100.0,1.0,6.0,7.0,1.0,4.0,0.25,0.0,2.0,0.6666666666666666,0.7085020242914979,104.9,100.0,4.900000000000006,2.0,2,10.1
198,Roy Hibbert,IND,2014,2,100.0,24.5,7.0,0.2857142857142857,2.5,5.5,45.45454545454545,0.0,0.0,,2.0,3.5,57.14285714285714,4.0,6.0,10.0,0.5,2.5,0.2,0.5,6.0,0.45454545454545453,0.4971590909090909,106.59795918367347,81.38367346938776,25.214285714285708,2.5,21,14.712244897959183
199,Khris Middleton,MIL,2014,1,0.0,19.0,2.0,0.10526315789473684,1.0,4.0,25.0,0.0,1.0,0.0,0.0,0.0,,0.0,0.0,0.0,1.0,3.0,0.3333333333333333,0.0,0.0,0.25,0.25,82.5,87.5,-5.0,3.0,-2,-11.4
200,Jon Leuer,MEM,2014,1,0.0,10.0,2.0,0.2,1.0,3.0,33.33333333333333,0.0,0.0,,0.0,0.0,,0.0,3.0,3.0,0.0,1.0,0.0,0.0,0.0,0.3333333333333333,0.3333333333333333,175.0,114.3,60.7,1.0,11,1.9
201,Corey Brewer,MIN,2014,1,100.0,40.0,16.0,0.4,7.0,11.0,63.63636363636363,1.0,4.0,25.0,1.0,3.0,33.33333333333333,1.0,2.0,3.0,2.0,3.0,0.6666666666666666,3.0,0.0,0.6818181818181818,0.6493506493506493,115.1,108.1,7.0,2.0,6,8.1
202,Mike Scott,ATL,2014,1,0.0,7.0,0.0,0.0,0.0,1.0,0.0,0.0,0.0,,0.0,0.0,,0.0,1.0,1.0,0.0,2.0,0.0,0.0,0.0,0.0,0.0,100.0,118.8,-18.799999999999997,4.0,-3,-22.6
203,Jamaal Tinsley,UTA,2014,1,0.0,8.0,0.0,0.0,0.0,3.0,0.0,0.0,3.0,0.0,0.0,0.0,,0.0,0.0,0.0,3.0,1.0,3.0,0.0,0.0,0.0,0.0,105.9,76.5,29.400000000000006,1.0,5,-10.3
204,Alex Len,PHX,2014,1,100.0,8.0,2.0,0.25,1.0,1.0,100.0,0.0,0.0,,0.0,0.0,,1.0,1.0,2.0,0.0,1.0,0.0,0.0,1.0,1.0,1.0,72.2,100.0,-27.799999999999997,3.0,-5,0.0
205,Andray Blatche,BKN,2014,1,0.0,20.0,0.0,0.0,0.0,5.0,0.0,0.0,0.0,,0.0,0.0,,0.0,3.0,3.0,0.0,3.0,0.0,1.0,1.0,0.0,0.0,82.5,104.9,-22.400000000000006,2.0,-10,-13.9
206,Daniel Orton,PHI,2014,1,100.0,15.0,4.0,0.26666666666666666,1.0,1.0,100.0,0.0,0.0,,2.0,2.0,100.0,0.0,1.0,1.0,0.0,1.0,0.0,1.0,1.0,1.0,1.0638297872340425,100.0,123.3,-23.299999999999997,4.0,-6,2.9
207,Cody Zeller,CHA,2014,1,0.0,16.0,2.0,0.125,1.0,6.0,16.666666666666664,0.0,0.0,,0.0,0.0,,3.0,1.0,4.0,0.0,1.0,0.0,0.0,1.0,0.16666666666666666,0.16666666666666666,82.9,76.5,6.400000000000006,2.0,3,-9.2
208,Patty Mills,SAS,2014,1,100.0,17.0,12.0,0.7058823529411765,4.0,4.0,100.0,3.0,3.0,100.0,1.0,1.0,100.0,1.0,0.0,1.0,1.0,0.0,inf,0.0,0.0,1.375,1.3513513513513513,112.1,90.9,21.19999999999999,0.0,7,30.0
209,Brandon Knight,MIL,2014,1,0.0,2.0,0.0,0.0,0.0,0.0,,0.0,0.0,,0.0,0.0,,0.0,1.0,1.0,0.0,1.0,0.0,0.0,0.0,,,50.0,100.0,-50.0,0.0,-2,0.0
210,Anthony Bennett,CLE,2014,1,100.0,15.0,2.0,0.13333333333333333,0.0,5.0,0.0,0.0,3.0,0.0,2.0,4.0,50.0,1.0,4.0,5.0,0.0,0.0,,0.0,0.0,0.0,0.14792899408284024,96.7,63.3,33.400000000000006,1.0,10,-11.5
211,Eric Maynor,WAS,2014,1,0.0,9.0,3.0,0.3333333333333333,1.0,3.0,33.33333333333333,1.0,1.0,100.0,0.0,0.0,,0.0,2.0,2.0,1.0,0.0,inf,0.0,0.0,0.5,0.5,71.4,90.0,-18.599999999999994,0.0,-3,26.7
212,Jose Calderon,DAL,2014,1,100.0,35.0,5.0,0.14285714285714285,1.0,7.0,14.285714285714285,1.0,5.0,20.0,2.0,2.0,100.0,0.0,2.0,2.0,11.0,4.0,2.75,1.0,0.0,0.21428571428571427,0.31725888324873097,109.1,100.0,9.099999999999994,3.0,4,3.9
213,Rashard Lewis,MIA,2014,1,0.0,20.0,11.0,0.55,4.0,8.0,50.0,1.0,4.0,25.0,2.0,3.0,66.66666666666666,0.0,1.0,1.0,5.0,1.0,5.0,1.0,0.0,0.5625,0.5901287553648068,102.3,81.4,20.89999999999999,2.0,9,16.4
214,Nate Robinson,DEN,2014,1,0.0,18.0,0.0,0.0,0.0,5.0,0.0,0.0,1.0,0.0,0.0,0.0,,0.0,2.0,2.0,4.0,0.0,inf,0.0,0.0,0.0,0.0,87.9,102.9,-15.0,1.0,-6,0.0
215,Andrew Nicholson,ORL,2014,2,0.0,19.0,15.5,0.8157894736842105,7.0,11.0,63.63636363636363,1.5,2.0,75.0,0.0,0.0,,1.0,4.5,5.5,0.0,1.0,0.0,0.5,0.0,0.7045454545454546,0.7045454545454546,111.2,110.5,0.7000000000000028,4.5,4,16.9
216,Steven Adams,OKC,2014,1,100.0,18.0,2.0,0.1111111111111111,1.0,1.0,100.0,0.0,0.0,,0.0,1.0,0.0,2.0,1.0,3.0,1.0,0.0,inf,0.0,0.0,1.0,0.6944444444444444,85.3,100.0,-14.700000000000003,3.0,-7,2.8
217,Tony Wroten,PHI,2014,1,100.0,23.0,14.0,0.6086956521739131,6.0,9.0,66.66666666666666,1.0,3.0,33.33333333333333,1.0,2.0,50.0,1.0,3.0,4.0,2.0,2.0,1.0,1.0,0.0,0.7222222222222222,0.7085020242914979,122.4,118.8,3.6000000000000085,1.0,3,13.5
218,Mike Harris,UTA,2014,1,0.0,22.0,13.0,0.5909090909090909,5.0,8.0,62.5,0.0,0.0,,3.0,3.0,100.0,1.0,3.0,4.0,0.0,1.0,0.0,2.0,0.0,0.625,0.6974248927038627,100.0,95.2,4.799999999999997,6.0,2,16.7
219,Kris Humphries,BOS,2014,1,0.0,21.0,8.0,0.38095238095238093,3.0,4.0,75.0,0.0,0.0,,2.0,3.0,66.66666666666666,2.0,7.0,9.0,0.0,2.0,0.0,0.0,2.0,0.75,0.7518796992481203,118.4,79.5,38.900000000000006,2.0,14,23.7
220,Gerald Green,PHX,2014,1,100.0,17.0,5.0,0.29411764705882354,2.0,3.0,66.66666666666666,0.0,1.0,0.0,1.0,2.0,50.0,0.0,1.0,1.0,0.0,0.0,,0.0,0.0,0.6666666666666666,0.6443298969072165,83.3,105.7,-22.400000000000006,0.0,-7,7.3
221,Andre Drummond,DET,2014,1,100.0,26.0,12.0,0.46153846153846156,6.0,7.0,85.71428571428571,0.0,0.0,,0.0,0.0,,3.0,5.0,8.0,1.0,1.0,1.0,0.0,0.0,0.8571428571428571,0.8571428571428571,109.6,108.2,1.3999999999999915,5.0,4,13.2
222,Evan Turner,PHI,2014,1,100.0,37.0,26.0,0.7027027027027027,10.0,19.0,52.63157894736842,0.0,4.0,0.0,6.0,6.0,100.0,0.0,4.0,4.0,5.0,3.0,1.6666666666666667,1.0,0.0,0.5263157894736842,0.6007393715341959,101.2,102.6,-1.3999999999999915,3.0,3,15.7
223,Gigi Datome,DET,2014,1,100.0,0.0,0.0,,0.0,0.0,,0.0,0.0,,0.0,0.0,,0.0,0.0,0.0,0.0,0.0,,0.0,0.0,,,,,,0.0,0,
224,Tiago Splitter,SAS,2014,1,100.0,29.0,11.0,0.3793103448275862,5.0,8.0,62.5,0.0,0.0,,1.0,2.0,50.0,2.0,6.0,8.0,2.0,0.0,inf,0.0,0.0,0.625,0.6193693693693693,107.0,105.3,1.7000000000000028,2.0,1,12.7
225,Lavoy Allen,PHI,2014,1,100.0,17.0,4.0,0.23529411764705882,1.0,3.0,33.33333333333333,0.0,0.0,,2.0,2.0,100.0,0.0,3.0,3.0,0.0,0.0,,0.0,0.0,0.3333333333333333,0.5154639175257733,100.0,108.3,-8.299999999999997,2.0,-2,4.9
226,Jeremy Lin,HOU,2014,1,100.0,31.0,16.0,0.5161290322580645,5.0,7.0,71.42857142857143,2.0,2.0,100.0,4.0,6.0,66.66666666666666,0.0,0.0,0.0,2.0,2.0,1.0,0.0,0.0,0.8571428571428571,0.8298755186721991,105.3,98.3,7.0,2.0,2,12.2
227,Jeff Green,BOS,2014,1,0.0,37.0,25.0,0.6756756756756757,8.0,16.0,50.0,2.0,3.0,66.66666666666666,7.0,9.0,77.77777777777779,0.0,5.0,5.0,2.0,1.0,2.0,1.0,1.0,0.5625,0.62625250501002,104.2,93.1,11.100000000000009,4.0,8,20.6
228,Amir Johnson,TOR,2014,1,100.0,24.0,13.0,0.5416666666666666,6.0,8.0,75.0,1.0,3.0,33.33333333333333,0.0,0.0,,2.0,1.0,3.0,2.0,0.0,inf,0.0,1.0,0.8125,0.8125,97.8,76.1,21.700000000000003,4.0,10,24.5
229,Dion Waiters,CLE,2014,1,100.0,29.0,11.0,0.3793103448275862,5.0,12.0,41.66666666666667,1.0,3.0,33.33333333333333,0.0,0.0,,1.0,0.0,1.0,2.0,2.0,1.0,3.0,0.0,0.4583333333333333,0.4583333333333333,108.6,103.4,5.199999999999989,2.0,3,5.3
230,Tony Mitchell,DET,2014,1,100.0,0.0,0.0,,0.0,0.0,,0.0,0.0,,0.0,0.0,,0.0,1.0,1.0,0.0,0.0,,0.0,0.0,,,,,,0.0,0,
231,Chuck Hayes,SAC,2014,1,100.0,11.0,0.0,0.0,0.0,0.0,,0.0,0.0,,0.0,0.0,,2.0,2.0,4.0,0.0,2.0,0.0,1.0,1.0,,,82.6,71.4,11.199999999999989,0.0,4,10.9
232,John Henson,MIL,2014,1,0.0,17.0,5.0,0.29411764705882354,2.0,2.0,100.0,0.0,0.0,,1.0,2.0,50.0,0.0,1.0,1.0,1.0,1.0,1.0,2.0,2.0,1.0,0.8680555555555556,97.1,94.1,3.0,0.0,2,16.2
233,Andre Miller,DEN,2014,1,0.0,21.0,12.0,0.5714285714285714,6.0,9.0,66.66666666666666,0.0,0.0,,0.0,0.0,,0.0,3.0,3.0,3.0,1.0,3.0,0.0,0.0,0.6666666666666666,0.6666666666666666,72.5,102.4,-29.900000000000006,0.0,-13,31.5
234,Caron Butler,MIL,2014,1,0.0,33.0,14.0,0.42424242424242425,5.0,9.0,55.55555555555556,2.0,3.0,66.66666666666666,2.0,2.0,100.0,1.0,3.0,4.0,1.0,7.0,0.14285714285714285,1.0,0.0,0.6666666666666666,0.7085020242914979,84.4,96.9,-12.5,4.0,-8,4.9
235,Quincy Pondexter,MEM,2014,1,0.0,22.0,13.0,0.5909090909090909,4.0,9.0,44.44444444444444,2.0,4.0,50.0,3.0,3.0,100.0,2.0,0.0,2.0,3.0,1.0,3.0,1.0,1.0,0.5555555555555556,0.6298449612403101,137.2,113.6,23.599999999999994,0.0,9,13.3
236,Pau Gasol,LAL,2014,2,50.0,23.5,13.5,0.574468085106383,5.0,11.0,45.45454545454545,0.5,1.0,50.0,3.0,3.0,100.0,1.5,8.5,10.0,3.5,4.0,0.875,0.0,0.5,0.4772727272727273,0.5478896103896104,90.27083333333334,114.31250000000001,-24.04166666666667,0.5,-26,17.618750000000002
237,Manu Ginobili,SAS,2014,1,100.0,24.0,12.0,0.5,6.0,9.0,66.66666666666666,0.0,1.0,0.0,0.0,0.0,,0.0,4.0,4.0,5.0,1.0,5.0,2.0,0.0,0.6666666666666666,0.6666666666666666,120.4,96.1,24.30000000000001,2.0,10,19.4
238,Paul Millsap,ATL,2014,1,0.0,36.0,20.0,0.5555555555555556,9.0,15.0,60.0,0.0,2.0,0.0,2.0,4.0,50.0,2.0,3.0,5.0,3.0,2.0,1.5,1.0,1.0,0.6,0.5966587112171837,110.4,117.9,-7.5,4.0,-7,8.0
239,Cartier Martin,ATL,2014,1,0.0,17.0,17.0,1.0,4.0,8.0,50.0,3.0,7.0,42.857142857142854,6.0,6.0,100.0,1.0,1.0,2.0,1.0,0.0,inf,1.0,0.0,0.6875,0.7988721804511277,114.7,97.0,17.700000000000003,3.0,7,21.8
240,Jeff Teague,ATL,2014,1,0.0,34.0,24.0,0.7058823529411765,7.0,13.0,53.84615384615385,1.0,4.0,25.0,9.0,12.0,75.0,0.0,2.0,2.0,9.0,6.0,1.5,4.0,0.0,0.5769230769230769,0.6564551422319475,88.3,119.5,-31.200000000000003,3.0,-24,14.2
241,Goran Dragic,PHX,2014,1,100.0,41.0,26.0,0.6341463414634146,12.0,21.0,57.14285714285714,1.0,4.0,25.0,1.0,1.0,100.0,0.0,6.0,6.0,9.0,3.0,3.0,1.0,0.0,0.5952380952380952,0.6063432835820896,111.1,92.5,18.599999999999994,4.0,16,18.4
242,Damian Lillard,POR,2014,1,0.0,42.0,32.0,0.7619047619047619,10.0,20.0,50.0,6.0,12.0,50.0,6.0,8.0,75.0,2.0,2.0,4.0,2.0,0.0,inf,1.0,1.0,0.65,0.6802721088435374,95.2,107.1,-11.899999999999991,2.0,-11,16.7
243,Victor Oladipo,ORL,2014,2,0.0,30.0,13.0,0.43333333333333335,4.5,12.5,36.0,1.0,3.5,28.57142857142857,3.0,4.5,66.66666666666666,0.5,4.0,4.5,3.0,3.5,0.8571428571428571,0.5,0.5,0.4,0.4488950276243094,95.08166666666668,108.81166666666667,-13.72999999999999,3.5,-16,5.390000000000001
244,Will Bynum,DET,2014,1,100.0,38.0,19.0,0.5,7.0,13.0,53.84615384615385,1.0,2.0,50.0,4.0,6.0,66.66666666666666,0.0,1.0,1.0,5.0,4.0,1.25,2.0,1.0,0.5769230769230769,0.6074168797953964,110.1,100.0,10.099999999999994,4.0,9,10.0
245,Kevin Love,MIN,2014,1,100.0,41.0,31.0,0.7560975609756098,8.0,19.0,42.10526315789473,3.0,8.0,37.5,12.0,16.0,75.0,4.0,13.0,17.0,4.0,1.0,4.0,0.0,0.0,0.5,0.5952380952380952,115.9,106.9,9.0,3.0,9,19.4
246,Rudy Gay,TOR,2014,1,100.0,34.0,19.0,0.5588235294117647,8.0,18.0,44.44444444444444,1.0,2.0,50.0,2.0,3.0,66.66666666666666,2.0,6.0,8.0,1.0,5.0,0.2,2.0,0.0,0.4722222222222222,0.4917184265010352,95.5,97.0,-1.5,3.0,-1,12.3
247,Dwight Howard,HOU,2014,1,100.0,35.0,17.0,0.4857142857142857,8.0,14.0,57.14285714285714,0.0,0.0,,1.0,4.0,25.0,6.0,20.0,26.0,2.0,4.0,0.5,0.0,2.0,0.5714285714285714,0.5393401015228426,114.5,95.3,19.200000000000003,3.0,10,25.8
248,Trevor Ariza,WAS,2014,1,0.0,38.0,28.0,0.7368421052631579,8.0,14.0,57.14285714285714,6.0,11.0,54.54545454545454,6.0,8.0,75.0,1.0,9.0,10.0,3.0,2.0,1.5,1.0,0.0,0.7857142857142857,0.7990867579908676,105.3,115.8,-10.5,4.0,-9,22.3
249,Monta Ellis,DAL,2014,1,100.0,37.0,32.0,0.8648648648648649,11.0,17.0,64.70588235294117,2.0,3.0,66.66666666666666,8.0,8.0,100.0,0.0,4.0,4.0,8.0,7.0,1.1428571428571428,2.0,0.0,0.7058823529411765,0.7797270955165693,107.3,90.2,17.099999999999994,3.0,14,19.5
250,Tristan Thompson,CLE,2014,1,100.0,35.0,18.0,0.5142857142857142,8.0,13.0,61.53846153846154,0.0,0.0,,2.0,4.0,50.0,3.0,6.0,9.0,0.0,1.0,0.0,0.0,0.0,0.6153846153846154,0.6097560975609756,107.5,111.9,-4.400000000000006,2.0,-3,12.5
251,Kevin Durant,OKC,2014,1,100.0,39.0,42.0,1.0769230769230769,9.0,24.0,37.5,2.0,8.0,25.0,22.0,24.0,91.66666666666666,0.0,6.0,6.0,1.0,5.0,0.2,3.0,0.0,0.4166666666666667,0.6076388888888888,101.2,98.8,2.4000000000000057,1.0,3,22.4
252,Kevin Garnett,BKN,2014,1,0.0,26.0,8.0,0.3076923076923077,4.0,8.0,50.0,0.0,0.0,,0.0,0.0,,2.0,8.0,10.0,3.0,2.0,1.5,2.0,1.0,0.5,0.5,117.3,105.8,11.5,4.0,6,11.8
253,Tony Parker,SAS,2014,1,100.0,31.0,13.0,0.41935483870967744,4.0,14.0,28.57142857142857,2.0,3.0,66.66666666666666,3.0,4.0,75.0,0.0,1.0,1.0,9.0,1.0,9.0,1.0,0.0,0.35714285714285715,0.41243654822335024,101.6,100.0,1.5999999999999943,0.0,0,9.7
254,Enes Freedom,UTA,2014,1,0.0,29.0,14.0,0.4827586206896552,6.0,10.0,60.0,0.0,0.0,,2.0,2.0,100.0,3.0,7.0,10.0,1.0,2.0,0.5,0.0,1.0,0.6,0.6433823529411764,95.2,104.7,-9.5,2.0,-8,15.9
255,Brandon Bass,BOS,2014,1,0.0,32.0,17.0,0.53125,6.0,7.0,85.71428571428571,0.0,0.0,,5.0,5.0,100.0,1.0,1.0,2.0,2.0,1.0,2.0,2.0,0.0,0.8571428571428571,0.923913043478261,108.1,87.3,20.799999999999997,2.0,12,21.8
256,LaMarcus Aldridge,POR,2014,1,0.0,39.0,28.0,0.717948717948718,12.0,22.0,54.54545454545454,0.0,0.0,,4.0,5.0,80.0,1.0,3.0,4.0,2.0,2.0,1.0,0.0,0.0,0.5454545454545454,0.578512396694215,98.7,119.7,-21.0,2.0,-16,12.8
257,DeMarcus Cousins,SAC,2014,1,100.0,39.0,30.0,0.7692307692307693,13.0,26.0,50.0,0.0,0.0,,4.0,7.0,57.14285714285714,5.0,9.0,14.0,1.0,4.0,0.25,2.0,2.0,0.5,0.515818431911967,106.8,100.0,6.799999999999997,4.0,4,18.7
258,Anthony Davis,NOP,2014,1,0.0,38.0,20.0,0.5263157894736842,8.0,20.0,40.0,0.0,0.0,,4.0,4.0,100.0,7.0,5.0,12.0,0.0,4.0,0.0,1.0,3.0,0.4,0.45955882352941174,98.7,103.9,-5.200000000000003,4.0,-2,9.9
259,Nikola Vucevic,ORL,2014,2,0.0,38.5,15.0,0.38961038961038963,6.5,13.0,50.0,0.0,0.0,,2.0,3.0,66.66666666666666,6.0,7.0,13.0,3.0,3.5,0.8571428571428571,2.5,2.0,0.5,0.5237430167597765,94.52987012987012,102.85844155844157,-8.32857142857145,4.0,-14,13.012987012987011
260,LeBron James,MIA,2014,2,50.0,37.5,21.0,0.56,7.0,14.0,50.0,2.0,4.0,50.0,5.0,6.5,76.92307692307693,0.0,5.0,5.0,10.5,3.0,3.5,0.5,0.0,0.5714285714285714,0.6227758007117438,109.47200000000001,110.096,-0.6239999999999952,1.5,0,16.062666666666665
261,Ray Allen,MIA,2014,2,50.0,27.0,15.0,0.5555555555555556,5.0,10.0,50.0,3.5,7.5,46.666666666666664,1.5,1.5,100.0,0.5,3.0,3.5,4.0,1.5,2.6666666666666665,1.0,0.5,0.675,0.7035647279549718,104.84814814814814,96.47407407407407,8.374074074074073,2.0,10,17.659259259259258
262,Josh Smith,DET,2014,1,100.0,40.0,19.0,0.475,8.0,12.0,66.66666666666666,3.0,7.0,42.857142857142854,0.0,0.0,,1.0,4.0,5.0,5.0,4.0,1.25,0.0,1.0,0.7916666666666666,0.7916666666666666,121.3,105.0,16.299999999999997,5.0,13,11.9
263,Jrue Holiday,NOP,2014,1,0.0,36.0,24.0,0.6666666666666666,8.0,18.0,44.44444444444444,2.0,4.0,50.0,6.0,6.0,100.0,0.0,7.0,7.0,5.0,2.0,2.5,1.0,0.0,0.5,0.5813953488372093,100.0,108.3,-8.299999999999997,3.0,-6,19.2
264,Marc Gasol,MEM,2014,1,0.0,34.0,14.0,0.4117647058823529,7.0,15.0,46.666666666666664,0.0,0.0,,0.0,0.0,,1.0,8.0,9.0,2.0,2.0,1.0,1.0,0.0,0.4666666666666667,0.4666666666666667,82.1,109.0,-26.900000000000006,1.0,-18,12.4
265,Greg Monroe,DET,2014,1,100.0,41.0,24.0,0.5853658536585366,6.0,15.0,40.0,0.0,0.0,,12.0,15.0,80.0,5.0,11.0,16.0,3.0,5.0,0.6,1.0,1.0,0.4,0.5555555555555555,119.3,108.3,11.0,3.0,8,15.7
266,Paul George,IND,2014,2,100.0,37.5,28.0,0.7466666666666667,8.5,17.5,48.57142857142857,3.5,8.5,41.17647058823529,7.5,10.0,75.0,0.5,5.5,6.0,5.0,3.0,1.6666666666666667,1.5,1.5,0.5857142857142857,0.6392694063926941,101.356,88.65599999999999,12.700000000000003,1.0,20,25.128
267,Derrick Favors,UTA,2014,1,0.0,43.0,15.0,0.3488372093023256,6.0,11.0,54.54545454545454,0.0,0.0,,3.0,7.0,42.857142857142854,1.0,8.0,9.0,5.0,6.0,0.8333333333333334,1.0,2.0,0.5454545454545454,0.5326704545454546,97.8,96.7,1.0999999999999943,5.0,-1,8.4
268,Michael Carter-Williams,PHI,2014,1,100.0,36.0,22.0,0.6111111111111112,6.0,10.0,60.0,4.0,6.0,66.66666666666666,6.0,8.0,75.0,0.0,7.0,7.0,12.0,1.0,12.0,9.0,0.0,0.8,0.8136094674556213,119.2,103.8,15.400000000000006,1.0,12,27.1
269,Arron Afflalo,ORL,2014,2,0.0,37.0,18.5,0.5,7.0,18.0,38.88888888888889,2.0,5.0,40.0,2.5,3.5,71.42857142857143,0.5,5.5,6.0,3.0,2.0,1.5,0.5,0.0,0.4444444444444444,0.4733879222108496,100.18513513513514,107.59594594594594,-7.410810810810801,1.0,-10,8.816216216216215
270,Ricky Rubio,MIN,2014,1,100.0,40.0,13.0,0.325,5.0,15.0,33.33333333333333,1.0,3.0,33.33333333333333,2.0,2.0,100.0,2.0,4.0,6.0,11.0,4.0,2.75,3.0,1.0,0.36666666666666664,0.4093198992443325,104.6,107.0,-2.4000000000000057,3.0,-1,10.1
271,Ty Lawson,DEN,2014,1,0.0,36.0,20.0,0.5555555555555556,5.0,15.0,33.33333333333333,2.0,4.0,50.0,8.0,8.0,100.0,0.0,5.0,5.0,8.0,4.0,2.0,2.0,0.0,0.4,0.5399568034557235,105.6,91.4,14.199999999999989,1.0,12,21.3
272,Miles Plumlee,PHX,2014,1,100.0,40.0,18.0,0.45,8.0,14.0,57.14285714285714,0.0,0.0,,2.0,2.0,100.0,5.0,10.0,15.0,0.0,2.0,0.0,0.0,3.0,0.5714285714285714,0.6048387096774194,116.7,93.6,23.10000000000001,1.0,18,16.0
273,John Wall,WAS,2014,1,0.0,39.0,20.0,0.5128205128205128,8.0,21.0,38.095238095238095,0.0,4.0,0.0,4.0,6.0,66.66666666666666,2.0,0.0,2.0,11.0,4.0,2.75,3.0,0.0,0.38095238095238093,0.4230118443316413,110.1,120.3,-10.200000000000003,3.0,-8,9.3
274,Blake Griffin,LAC,2014,2,50.0,37.0,21.0,0.5675675675675675,8.5,13.5,62.96296296296296,0.0,0.5,0.0,4.0,9.0,44.44444444444444,1.0,7.5,8.5,2.5,3.5,0.7142857142857143,1.5,0.5,0.6296296296296297,0.6013745704467354,119.06486486486486,110.88918918918918,8.175675675675677,3.5,12,10.910810810810812
275,Andrew Bogut,GSW,2014,2,50.0,23.0,9.5,0.41304347826086957,3.5,4.5,77.77777777777779,0.0,0.0,,2.5,3.5,71.42857142857143,1.5,5.5,7.0,2.0,0.5,4.0,1.0,1.5,0.7777777777777778,0.7864238410596026,117.04782608695653,105.33913043478262,11.708695652173915,4.5,11,14.413043478260871
276,Andre Iguodala,GSW,2014,2,50.0,35.5,10.5,0.29577464788732394,4.0,7.5,53.333333333333336,1.0,3.0,33.33333333333333,1.5,3.0,50.0,0.5,3.5,4.0,7.5,2.5,3.0,2.0,0.5,0.6,0.5952380952380952,118.15915492957747,104.92957746478874,13.229577464788733,1.0,21,11.601408450704225
277,Carmelo Anthony,NYK,2014,2,50.0,40.0,20.5,0.5125,7.5,20.0,37.5,1.0,4.5,22.22222222222222,4.5,5.5,81.81818181818183,1.0,7.0,8.0,3.5,3.5,1.0,3.5,1.0,0.4,0.45718108831400533,90.19,93.3975,-3.207499999999996,1.0,-2,15.425
278,JJ Redick,LAC,2014,2,50.0,31.0,15.0,0.4838709677419355,5.0,11.5,43.47826086956522,2.5,6.0,41.66666666666667,2.5,2.5,100.0,1.0,2.5,3.5,2.5,0.5,5.0,0.0,0.0,0.5434782608695652,0.5952380952380952,113.85806451612902,117.12903225806451,-3.2709677419354932,2.0,-4,9.725806451612904
279,DeAndre Jordan,LAC,2014,2,50.0,38.0,13.0,0.34210526315789475,5.5,9.5,57.89473684210527,0.0,0.0,,2.0,7.0,28.57142857142857,7.0,7.0,14.0,1.0,0.5,2.0,2.5,2.0,0.5789473684210527,0.5166931637519873,113.15194805194804,117.09220779220777,-3.9402597402597337,3.5,-2,9.82987012987013
280,Luol Deng,CHI,2014,2,50.0,34.5,10.5,0.30434782608695654,5.0,11.5,43.47826086956522,0.5,4.5,11.11111111111111,0.0,0.0,,1.0,3.0,4.0,5.0,1.5,3.3333333333333335,1.0,0.0,0.45652173913043476,0.45652173913043476,100.71428571428572,91.15714285714284,9.557142857142878,2.5,11,8.514285714285712
281,Stephen Curry,GSW,2014,2,50.0,31.0,24.0,0.7741935483870968,9.0,16.5,54.54545454545454,5.5,9.5,57.89473684210527,0.5,0.5,100.0,0.0,3.5,3.5,7.5,6.0,1.25,0.5,0.0,0.7121212121212122,0.7177033492822967,118.72380952380952,107.26666666666667,11.457142857142856,3.5,20,14.49047619047619
282,Chris Paul,LAC,2014,2,50.0,36.5,28.5,0.7808219178082192,8.5,16.5,51.515151515151516,1.0,4.0,25.0,10.5,11.0,95.45454545454545,0.5,3.5,4.0,13.0,3.5,3.7142857142857144,5.5,0.0,0.5454545454545454,0.6677600749765699,114.51095890410957,111.94520547945206,2.5657534246575153,4.0,4,23.2
283,Carlos Boozer,CHI,2014,2,50.0,32.5,22.5,0.6923076923076923,9.0,12.5,72.0,0.0,0.0,,4.5,4.5,100.0,2.0,5.0,7.0,2.5,2.5,1.0,0.5,0.5,0.72,0.7769337016574586,104.41076923076923,96.87384615384616,7.536923076923074,3.0,7,19.943076923076923
284,Nemanja Nedovic,GSW,2014,2,50.0,4.5,0.0,0.0,0.0,0.5,0.0,0.0,0.5,0.0,0.0,0.0,,0.0,0.0,0.0,0.0,0.0,,0.0,0.0,0.0,0.0,120.26666666666667,116.71111111111111,3.555555555555557,0.0,2,-1.9555555555555557
285,Ryan Hollins,LAC,2014,2,50.0,4.0,2.0,0.5,1.0,2.0,50.0,0.0,0.0,,0.0,1.0,0.0,0.0,1.0,1.0,0.0,0.0,,0.5,1.0,0.5,0.4098360655737705,87.5,73.85,13.650000000000006,1.0,0,67.5
286,Taj Gibson,CHI,2014,2,50.0,25.0,8.5,0.34,3.5,6.5,53.84615384615385,0.0,0.0,,1.5,2.5,60.0,2.5,3.5,6.0,1.5,1.0,1.5,0.0,0.5,0.5384615384615384,0.5592105263157895,87.69399999999999,100.344,-12.650000000000006,1.5,-14,13.751999999999999
287,Kirk Hinrich,CHI,2014,2,50.0,22.5,7.5,0.3333333333333333,2.5,6.0,41.66666666666667,1.0,2.5,40.0,1.5,1.5,100.0,0.0,1.0,1.0,2.0,3.5,0.5714285714285714,0.5,0.0,0.5,0.5630630630630631,86.0127659574468,100.77021276595744,-14.757446808510636,4.5,-18,1.6361702127659576
288,David Lee,GSW,2014,2,50.0,28.0,23.0,0.8214285714285714,8.0,14.0,57.14285714285714,0.0,0.0,,7.0,8.5,82.35294117647058,2.5,4.0,6.5,3.5,2.5,1.4,0.5,0.5,0.5714285714285714,0.6482525366403606,124.35892857142858,110.56785714285715,13.791071428571428,4.5,16,15.083928571428572
289,Amar'e Stoudemire,NYK,2014,1,0.0,11.0,5.0,0.45454545454545453,2.0,3.0,66.66666666666666,0.0,0.0,,1.0,2.0,50.0,0.0,1.0,1.0,1.0,3.0,0.3333333333333333,1.0,0.0,0.6666666666666666,0.6443298969072165,81.0,90.9,-9.900000000000006,4.0,-3,-5.3
290,Andrea Bargnani,NYK,2014,2,50.0,21.0,7.5,0.35714285714285715,3.5,8.0,43.75,0.5,2.5,20.0,0.0,0.0,,0.5,1.0,1.5,1.0,3.0,0.3333333333333333,0.5,0.0,0.46875,0.46875,84.03095238095239,107.05238095238094,-23.021428571428558,3.0,-20,-0.27142857142857146
291,Tim Hardaway Jr.,NYK,2014,2,50.0,21.0,7.5,0.35714285714285715,3.0,7.5,40.0,1.5,3.5,42.857142857142854,0.0,0.0,,0.0,1.5,1.5,1.0,0.0,inf,0.0,0.0,0.5,0.5,89.16428571428571,82.35,6.814285714285717,3.0,7,3.7142857142857144
292,Raymond Felton,NYK,2014,2,50.0,35.5,15.5,0.43661971830985913,6.0,13.0,46.15384615384615,0.5,2.0,25.0,3.0,3.5,85.71428571428571,1.0,1.5,2.5,4.5,2.5,1.8,1.5,0.5,0.4807692307692308,0.5330123796423659,96.31126760563379,84.65352112676055,11.657746478873236,1.0,17,13.02112676056338
293,Joakim Noah,CHI,2014,2,50.0,28.0,4.0,0.14285714285714285,1.5,5.5,27.27272727272727,0.0,0.0,,1.0,2.0,50.0,3.0,10.0,13.0,3.5,1.5,2.3333333333333335,1.5,1.5,0.2727272727272727,0.31347962382445144,89.29285714285714,97.71428571428572,-8.421428571428578,3.0,-9,14.535714285714286
294,Metta World Peace,NYK,2014,2,50.0,20.5,6.0,0.2926829268292683,2.5,7.5,33.33333333333333,1.0,2.0,50.0,0.0,0.0,,0.5,2.5,3.0,0.5,0.5,1.0,1.5,0.5,0.4,0.4,86.7658536585366,99.74878048780488,-12.98292682926828,1.0,-8,6.829268292682928
295,Jared Dudley,LAC,2014,2,50.0,28.0,7.5,0.26785714285714285,3.0,6.0,50.0,1.5,4.0,37.5,0.0,0.0,,0.5,1.5,2.0,2.0,1.5,1.3333333333333333,1.0,0.0,0.625,0.625,109.85535714285714,107.57857142857142,2.2767857142857224,4.5,3,3.132142857142857
296,Derrick Rose,CHI,2014,2,50.0,34.0,15.0,0.4411764705882353,5.5,19.0,28.947368421052634,1.5,6.0,25.0,2.5,3.0,83.33333333333334,1.5,2.0,3.5,3.5,4.5,0.7777777777777778,0.0,0.0,0.32894736842105265,0.3690944881889764,95.6,99.6,-4.0,2.0,-10,0.7999999999999999
297,Matt Barnes,LAC,2014,2,50.0,23.0,6.0,0.2608695652173913,1.5,5.0,30.0,0.5,2.0,25.0,2.5,2.5,100.0,1.5,3.0,4.5,2.5,2.0,1.25,1.0,0.0,0.35,0.49180327868852464,106.82340425531915,109.94468085106384,-3.121276595744689,3.5,-7,5.195744680851064
298,Jermaine O'Neal,GSW,2014,2,50.0,18.0,5.5,0.3055555555555556,1.5,5.5,27.27272727272727,0.0,0.0,,2.5,3.0,83.33333333333334,1.0,1.0,2.0,0.5,1.0,0.5,0.5,1.5,0.2727272727272727,0.4032258064516129,110.11111111111111,96.82222222222222,13.288888888888891,2.0,11,1.4111111111111114
299,Toney Douglas,GSW,2014,2,50.0,17.0,6.5,0.38235294117647056,2.5,5.0,50.0,1.5,3.5,42.857142857142854,0.0,0.0,,0.5,2.0,2.5,2.5,1.5,1.6666666666666667,0.0,0.0,0.65,0.65,99.80000000000001,98.94285714285715,0.8571428571428612,2.5,-2,3.942857142857144
300,Jamal Crawford,LAC,2014,2,50.0,24.5,16.0,0.6530612244897959,6.0,13.5,44.44444444444444,2.5,5.5,45.45454545454545,1.5,2.0,75.0,0.5,1.5,2.0,2.0,3.5,0.5714285714285714,0.5,0.0,0.5370370370370371,0.5563282336578581,109.65714285714287,111.10612244897959,-1.4489795918367179,0.5,-2,10.197959183673468
301,Reggie Bullock Jr.,LAC,2014,2,50.0,0.5,1.0,2.0,0.5,0.5,100.0,0.0,0.0,,0.0,0.0,,0.0,0.0,0.0,0.0,0.0,,0.0,0.0,1.0,1.0,100.0,50.0,50.0,0.0,2,40.0
302,Byron Mullens,LAC,2014,1,100.0,9.0,0.0,0.0,0.0,4.0,0.0,0.0,4.0,0.0,0.0,2.0,0.0,1.0,1.0,2.0,1.0,1.0,1.0,1.0,1.0,0.0,0.0,52.6,111.1,-58.49999999999999,3.0,-10,-38.7
303,Marreese Speights,GSW,2014,2,50.0,16.0,6.5,0.40625,2.0,7.5,26.666666666666668,0.5,1.0,50.0,2.0,2.0,100.0,1.0,4.0,5.0,1.5,0.5,3.0,0.5,0.0,0.3,0.3878281622911694,86.325,85.875,0.45000000000000284,2.5,3,9.2
304,Darren Collison,LAC,2014,2,50.0,11.5,4.5,0.391304347826087,2.0,4.0,50.0,0.5,0.5,100.0,0.0,0.5,0.0,0.5,1.0,1.5,1.0,1.5,0.6666666666666666,0.0,0.0,0.5625,0.533175355450237,90.82083333333333,97.94166666666666,-7.120833333333337,1.5,-6,2.1708333333333325
305,Kent Bazemore,GSW,2014,2,50.0,7.5,3.5,0.4666666666666667,1.0,2.5,40.0,1.0,1.0,100.0,0.5,1.0,50.0,0.0,0.5,0.5,2.5,0.5,5.0,0.5,0.0,0.6,0.5952380952380952,105.92000000000002,107.30000000000001,-1.3799999999999955,0.0,-2,21.44
306,Kenyon Martin,NYK,2014,2,50.0,4.5,1.5,0.3333333333333333,0.5,0.5,100.0,0.0,0.0,,0.5,1.0,50.0,0.5,1.0,1.5,0.5,0.0,inf,0.0,0.0,1.0,0.797872340425532,73.16666666666667,37.98888888888889,35.177777777777784,0.0,8,55.55555555555556
307,Klay Thompson,GSW,2014,2,50.0,34.5,24.0,0.6956521739130435,9.0,13.0,69.23076923076923,3.0,4.5,66.66666666666666,3.0,3.5,85.71428571428571,0.5,1.5,2.0,1.0,1.5,0.6666666666666666,1.0,0.0,0.8076923076923077,0.8253094910591472,115.50869565217391,105.31449275362318,10.194202898550728,3.5,17,14.291304347826088
308,Mike Dunleavy,CHI,2014,2,50.0,19.0,5.0,0.2631578947368421,1.5,5.5,27.27272727272727,1.0,3.0,33.33333333333333,1.0,1.0,100.0,0.0,2.5,2.5,1.0,0.5,2.0,0.0,0.0,0.36363636363636365,0.42087542087542085,86.12368421052632,101.17894736842105,-15.055263157894728,1.5,-9,2.9684210526315784
309,Tyson Chandler,NYK,2014,2,50.0,34.0,8.5,0.25,4.0,7.5,53.333333333333336,0.0,0.0,,0.5,1.0,50.0,5.0,7.5,12.5,1.5,3.5,0.42857142857142855,2.0,4.5,0.5333333333333333,0.535264483627204,99.21764705882353,79.3235294117647,19.894117647058835,2.5,26,15.317647058823528
310,Ognjen Kuzmic,GSW,2014,2,50.0,5.5,1.5,0.2727272727272727,0.5,1.0,50.0,0.0,0.0,,0.5,1.0,50.0,0.0,0.0,0.0,0.0,2.0,0.0,0.0,0.5,0.5,0.5208333333333334,108.18181818181817,121.18181818181819,-13.000000000000014,1.5,-3,-2.636363636363636
311,Nazr Mohammed,CHI,2014,2,50.0,4.5,0.0,0.0,0.0,0.0,,0.0,0.0,,0.0,0.0,,0.5,0.5,1.0,0.5,1.0,0.5,0.0,0.0,,,50.0,97.51111111111112,-47.51111111111112,0.5,-9,40.77777777777778
312,Draymond Green,GSW,2014,2,50.0,20.0,5.5,0.275,2.0,3.5,57.14285714285714,1.0,1.0,100.0,0.5,2.0,25.0,1.0,6.5,7.5,1.5,1.0,1.5,1.0,1.0,0.7142857142857143,0.6278538812785388,103.34146341463415,91.38048780487806,11.96097560975609,3.0,6,12.829268292682928
313,Jimmy Butler,CHI,2014,2,50.0,35.5,15.5,0.43661971830985913,4.5,11.5,39.130434782608695,1.0,4.0,25.0,5.5,6.5,84.61538461538461,1.5,5.0,6.5,2.0,1.5,1.3333333333333333,4.0,1.0,0.43478260869565216,0.5396935933147633,100.70833333333334,95.30833333333334,5.400000000000006,2.0,6,15.191666666666666
314,Pablo Prigioni,NYK,2014,2,50.0,24.0,3.5,0.14583333333333334,1.5,1.5,100.0,0.5,0.5,100.0,0.0,0.0,,0.0,3.0,3.0,3.5,2.0,1.75,1.5,0.0,1.1666666666666667,1.1666666666666667,93.9469387755102,81.46530612244898,12.481632653061226,2.5,12,12.595918367346938
315,Iman Shumpert,NYK,2014,2,50.0,29.0,11.5,0.39655172413793105,3.5,9.5,36.84210526315789,1.0,3.5,28.57142857142857,3.5,3.5,100.0,1.0,2.5,3.5,1.0,1.0,1.0,1.0,0.5,0.42105263157894735,0.5208333333333334,91.89310344827585,89.06206896551724,2.8310344827586107,3.0,5,9.491379310344827
